<?xml version="1.0" encoding="UTF-8"?>
<osm version="0.6" generator="Overpass API 0.7.62.11 87bfad18">
<note>The data included in this document is from www.openstreetmap.org. The data is made available under ODbL.</note>
<meta osm_base="2026-08-27T14:42:06Z"/>

  <bounds minlat="38.0800000" minlon="28.9800000" maxlat="38.2200000" maxlon="29.1500000"/>

  <node id="212611997" lat="38.1601092" lon="29.0677514"/>
  <node id="212611999" lat="38.1597201" lon="29.0650352"/>
  <node id="212612001" lat="38.1583523" lon="29.0622356"/>
  <node id="212612003" lat="38.1546829" lon="29.0548060"/>
  <node id="212612004" lat="38.1538727" lon="29.0526759"/>
  <node id="212612006" lat="38.1532368" lon="29.0482389"/>
  <node id="212612008" lat="38.1532552" lon="29.0473971"/>
  <node id="212612010" lat="38.1537408" lon="29.0379444"/>
  <node id="212612012" lat="38.1542577" lon="29.0346084"/>
  <node id="212612014" lat="38.1556008" lon="29.0316214"/>
  <node id="212612017" lat="38.1566053" lon="29.0300579"/>
  <node id="212612018" lat="38.1575730" lon="29.0283692"/>
  <node id="212612019" lat="38.1584713" lon="29.0250870"/>
  <node id="212613708" lat="38.1591299" lon="29.1221105"/>
  <node id="212617609" lat="38.1586616" lon="29.2045324"/>
  <node id="212617610" lat="38.1579455" lon="29.2031865"/>
  <node id="212625785" lat="38.1420091" lon="29.0235935"/>
  <node id="212625788" lat="38.1431648" lon="29.0248580"/>
  <node id="212625789" lat="38.1455289" lon="29.0269388"/>
  <node id="212625791" lat="38.1475966" lon="29.0275771"/>
  <node id="212625792" lat="38.1479897" lon="29.0282330"/>
  <node id="212625794" lat="38.1484620" lon="29.0291114"/>
  <node id="212625795" lat="38.1494677" lon="29.0306962"/>
  <node id="212625797" lat="38.1504140" lon="29.0318108"/>
  <node id="212625799" lat="38.1510638" lon="29.0324426"/>
  <node id="212625801" lat="38.1515365" lon="29.0334371"/>
  <node id="212625803" lat="38.1519473" lon="29.0339709"/>
  <node id="212625805" lat="38.1527870" lon="29.0346749"/>
  <node id="212625807" lat="38.1536463" lon="29.0356118"/>
  <node id="212625808" lat="38.1540072" lon="29.0359194"/>
  <node id="364943963" lat="38.1542895" lon="29.0642632"/>
  <node id="972228295" lat="38.1097700" lon="29.0082100"/>
  <node id="972228299" lat="38.0439700" lon="28.9596800"/>
  <node id="972228313" lat="38.0922000" lon="29.0110800"/>
  <node id="972228326" lat="38.1214800" lon="29.0182200"/>
  <node id="972228328" lat="38.0653800" lon="28.9811400"/>
  <node id="972228338" lat="38.1464700" lon="29.0584800"/>
  <node id="972228356" lat="38.1068400" lon="29.0083900"/>
  <node id="972228358" lat="38.0477800" lon="28.9613600"/>
  <node id="972228367" lat="38.1362400" lon="29.0360400"/>
  <node id="972228370" lat="38.0826000" lon="29.0080100"/>
  <node id="972228391" lat="38.1202800" lon="29.0157700"/>
  <node id="972228395" lat="38.0684800" lon="28.9807500"/>
  <node id="972228412" lat="38.1441700" lon="29.0522400"/>
  <node id="972228417" lat="38.1078800" lon="29.0088100"/>
  <node id="972228420" lat="38.1600467" lon="29.0684474"/>
  <node id="972228444" lat="38.1307600" lon="29.0289900"/>
  <node id="972228446" lat="38.0833500" lon="29.0108400"/>
  <node id="972228451" lat="38.1569300" lon="29.0643600"/>
  <node id="972228478" lat="38.1207600" lon="29.0172400"/>
  <node id="972228480" lat="38.1999700" lon="29.0821300"/>
  <node id="972228481" lat="38.0645700" lon="28.9774100"/>
  <node id="972228491" lat="38.1451800" lon="29.0553900"/>
  <node id="972228510" lat="38.1014000" lon="29.0095100"/>
  <node id="972228521" lat="38.1328500" lon="29.0302000"/>
  <node id="972228522" lat="38.0802800" lon="29.0055600"/>
  <node id="972228550" lat="38.1166300" lon="29.0120000"/>
  <node id="972228556" lat="38.1732800" lon="29.0718200"/>
  <node id="972228560" lat="38.0568000" lon="28.9707200"/>
  <node id="972228571" lat="38.1437500" lon="29.0488600"/>
  <node id="972228591" lat="38.0991900" lon="29.0100800"/>
  <node id="972228607" lat="38.1299900" lon="29.0272400"/>
  <node id="972228609" lat="38.0731300" lon="28.9828500"/>
  <node id="972228627" lat="38.1551300" lon="29.0646600"/>
  <node id="972228640" lat="38.1122500" lon="29.0063500"/>
  <node id="972228643" lat="38.0421700" lon="28.9581400"/>
  <node id="972228654" lat="38.0907100" lon="29.0119400"/>
  <node id="972228665" lat="38.1222100" lon="29.0193300"/>
  <node id="972228668" lat="38.0643800" lon="28.9781800"/>
  <node id="972228684" lat="38.1463600" lon="29.0604900"/>
  <node id="972228690" lat="38.1051300" lon="29.0099100"/>
  <node id="972228701" lat="38.1360700" lon="29.0345200"/>
  <node id="972228707" lat="38.0830100" lon="29.0089500"/>
  <node id="972228718" lat="38.1167200" lon="29.0121900"/>
  <node id="972228720" lat="38.1901500" lon="29.0772800"/>
  <node id="972228722" lat="38.0615000" lon="28.9700600"/>
  <node id="972228736" lat="38.1438600" lon="29.0490700"/>
  <node id="972228743" lat="38.1014600" lon="29.0085000"/>
  <node id="972228745" lat="38.0373400" lon="28.9553500"/>
  <node id="972228759" lat="38.1312700" lon="29.0295300"/>
  <node id="972228761" lat="38.0758600" lon="28.9962800"/>
  <node id="972228768" lat="38.1128900" lon="29.0094400"/>
  <node id="972228776" lat="38.0645400" lon="28.9732300"/>
  <node id="972228784" lat="38.1390000" lon="29.0447200"/>
  <node id="972228787" lat="38.1020000" lon="29.0103100"/>
  <node id="972228805" lat="38.1255500" lon="29.0228600"/>
  <node id="972228807" lat="38.0774400" lon="28.9995300"/>
  <node id="972228813" lat="38.1534112" lon="29.0637796"/>
  <node id="972228828" lat="38.1152300" lon="29.0106200"/>
  <node id="972228830" lat="38.1689856" lon="29.0726076"/>
  <node id="972228832" lat="38.0582600" lon="28.9718000"/>
  <node id="972228848" lat="38.1410600" lon="29.0468800"/>
  <node id="972228851" lat="38.0976800" lon="29.0107000"/>
  <node id="972228865" lat="38.1281700" lon="29.0246800"/>
  <node id="972228866" lat="38.0772400" lon="28.9922500"/>
  <node id="972228882" lat="38.1546100" lon="29.0649500"/>
  <node id="972228885" lat="38.1124400" lon="29.0073800"/>
  <node id="972228888" lat="38.0481500" lon="28.9618100"/>
  <node id="972228906" lat="38.0948700" lon="29.0114100"/>
  <node id="972228913" lat="38.1237700" lon="29.0218500"/>
  <node id="972228914" lat="38.0648500" lon="28.9793600"/>
  <node id="972228930" lat="38.1525600" lon="29.0625900"/>
  <node id="972228935" lat="38.1080100" lon="29.0088000"/>
  <node id="972228959" lat="38.1399700" lon="29.0412800"/>
  <node id="972228965" lat="38.0818100" lon="29.0080000"/>
  <node id="972228977" lat="38.1195600" lon="29.0145400"/>
  <node id="972228989" lat="38.1778800" lon="29.0743800"/>
  <node id="972228991" lat="38.0585000" lon="28.9717400"/>
  <node id="972228999" lat="38.1443600" lon="29.0509600"/>
  <node id="972229005" lat="38.1009800" lon="29.0077800"/>
  <node id="972229008" lat="38.1590232" lon="29.0635776"/>
  <node id="972229030" lat="38.1303300" lon="29.0290200"/>
  <node id="972229032" lat="38.0770400" lon="28.9980400"/>
  <node id="972229042" lat="38.1563400" lon="29.0642200"/>
  <node id="972229047" lat="38.1122200" lon="29.0081100"/>
  <node id="972229048" lat="38.1663943" lon="29.0735447"/>
  <node id="972229049" lat="38.0526200" lon="28.9694200"/>
  <node id="972229058" lat="38.1400900" lon="29.0418300"/>
  <node id="972229061" lat="38.0950700" lon="29.0092200"/>
  <node id="972229072" lat="38.1271500" lon="29.0233900"/>
  <node id="972229073" lat="38.0738500" lon="28.9838900"/>
  <node id="972229081" lat="38.1103100" lon="29.0070500"/>
  <node id="972229085" lat="38.1721438" lon="29.0715388"/>
  <node id="972229086" lat="38.0551200" lon="28.9695400"/>
  <node id="972229090" lat="38.0987900" lon="29.0111800"/>
  <node id="972229097" lat="38.1225900" lon="29.0199300"/>
  <node id="972229098" lat="38.0779100" lon="28.9882900"/>
  <node id="972229102" lat="38.1467000" lon="29.0613300"/>
  <node id="972229107" lat="38.1119800" lon="29.0063300"/>
  <node id="972229109" lat="38.0497200" lon="28.9649600"/>
  <node id="972229114" lat="38.0926700" lon="29.0108800"/>
  <node id="972229121" lat="38.1242400" lon="29.0201900"/>
  <node id="972229123" lat="38.0701300" lon="28.9799700"/>
  <node id="972229126" lat="38.1507000" lon="29.0632300"/>
  <node id="972229130" lat="38.1086700" lon="29.0081900"/>
  <node id="972229131" lat="38.0379300" lon="28.9555700"/>
  <node id="972229136" lat="38.1364400" lon="29.0364400"/>
  <node id="972229137" lat="38.0866500" lon="29.0119400"/>
  <node id="972229143" lat="38.1216800" lon="29.0172800"/>
  <node id="972229145" lat="38.2277500" lon="29.0864700"/>
  <node id="972229146" lat="38.0609600" lon="28.9699900"/>
  <node id="972229151" lat="38.1463300" lon="29.0576200"/>
  <node id="972229155" lat="38.1023800" lon="29.0103700"/>
  <node id="972229161" lat="38.1352300" lon="29.0324700"/>
  <node id="972229162" lat="38.0759400" lon="28.9954600"/>
  <node id="972229167" lat="38.1124300" lon="29.0089900"/>
  <node id="972229168" lat="38.1598662" lon="29.0706809"/>
  <node id="972229171" lat="38.0499600" lon="28.9665700"/>
  <node id="972229174" lat="38.1389400" lon="29.0439200"/>
  <node id="972229177" lat="38.0946300" lon="29.0098700"/>
  <node id="972229183" lat="38.1247400" lon="29.0223800"/>
  <node id="972229184" lat="38.0758200" lon="28.9870200"/>
  <node id="972229188" lat="38.1527300" lon="29.0639000"/>
  <node id="972229193" lat="38.1096000" lon="29.0083000"/>
  <node id="972229194" lat="38.0432900" lon="28.9593200"/>
  <node id="972229200" lat="38.0916000" lon="29.0112500"/>
  <node id="972229206" lat="38.1237300" lon="29.0202400"/>
  <node id="972229207" lat="38.0649500" lon="28.9795700"/>
  <node id="972229214" lat="38.1493400" lon="29.0635000"/>
  <node id="972229215" lat="38.1064400" lon="29.0097000"/>
  <node id="972229216" lat="38.0473600" lon="28.9610700"/>
  <node id="972229221" lat="38.1359300" lon="29.0357100"/>
  <node id="972229223" lat="38.0944400" lon="29.0114600"/>
  <node id="972229230" lat="38.1200100" lon="29.0151200"/>
  <node id="972229231" lat="38.0681600" lon="28.9809600"/>
  <node id="972229243" lat="38.1441900" lon="29.0518400"/>
  <node id="972229251" lat="38.1077000" lon="29.0086900"/>
  <node id="972229254" lat="38.0409300" lon="28.9576300"/>
  <node id="972229272" lat="38.1388300" lon="29.0402600"/>
  <node id="972229274" lat="38.0832800" lon="29.0096300"/>
  <node id="972229282" lat="38.1205700" lon="29.0172800"/>
  <node id="972229285" lat="38.2305700" lon="29.0870900"/>
  <node id="972229289" lat="38.0645900" lon="28.9768100"/>
  <node id="972229306" lat="38.1450200" lon="29.0547600"/>
  <node id="972229312" lat="38.1035600" lon="29.0105800"/>
  <node id="972229315" lat="38.1599458" lon="29.0658399"/>
  <node id="972229335" lat="38.1326900" lon="29.0300100"/>
  <node id="972229336" lat="38.0798400" lon="29.0052100"/>
  <node id="972229356" lat="38.1166000" lon="29.0115500"/>
  <node id="972229359" lat="38.1725391" lon="29.0715825"/>
  <node id="972229367" lat="38.1435700" lon="29.0486700"/>
  <node id="972229384" lat="38.0989700" lon="29.0109300"/>
  <node id="972229399" lat="38.1298800" lon="29.0269100"/>
  <node id="972229400" lat="38.0724900" lon="28.9820700"/>
  <node id="972229417" lat="38.1551800" lon="29.0645300"/>
  <node id="972229421" lat="38.1101000" lon="29.0073600"/>
  <node id="972229426" lat="38.0415400" lon="28.9579400"/>
  <node id="972229440" lat="38.0908200" lon="29.0121100"/>
  <node id="972229452" lat="38.1216900" lon="29.0187700"/>
  <node id="972229455" lat="38.0656600" lon="28.9816700"/>
  <node id="972229469" lat="38.1462600" lon="29.0595800"/>
  <node id="972229481" lat="38.1041700" lon="29.0101700"/>
  <node id="972229508" lat="38.1359900" lon="29.0342900"/>
  <node id="972229510" lat="38.0828700" lon="29.0081900"/>
  <node id="972229518" lat="38.1202800" lon="29.0169600"/>
  <node id="972229519" lat="38.1836400" lon="29.0749600"/>
  <node id="972229537" lat="38.0612100" lon="28.9699900"/>
  <node id="972229544" lat="38.1445200" lon="29.0535800"/>
  <node id="972229547" lat="38.1017000" lon="29.0077600"/>
  <node id="972229551" lat="38.0367700" lon="28.9549800"/>
  <node id="972229570" lat="38.1310900" lon="29.0291600"/>
  <node id="972229571" lat="38.0837100" lon="29.0113300"/>
  <node id="972229582" lat="38.1579005" lon="29.0639604"/>
  <node id="972229599" lat="38.1127300" lon="29.0092300"/>
  <node id="972229602" lat="38.2056800" lon="29.0851600"/>
  <node id="972229603" lat="38.0643700" lon="28.9728100"/>
  <node id="972229608" lat="38.1389300" lon="29.0443200"/>
  <node id="972229630" lat="38.1017800" lon="29.0102000"/>
  <node id="972229640" lat="38.1337600" lon="29.0316500"/>
  <node id="972229655" lat="38.0772100" lon="28.9985600"/>
  <node id="972229664" lat="38.1137700" lon="29.0109500"/>
  <node id="972229669" lat="38.1760900" lon="29.0735900"/>
  <node id="972229672" lat="38.0581000" lon="28.9717200"/>
  <node id="972229687" lat="38.1407000" lon="29.0466700"/>
  <node id="972229689" lat="38.1001700" lon="29.0088000"/>
  <node id="972229700" lat="38.1275700" lon="29.0239800"/>
  <node id="972229709" lat="38.0783500" lon="28.9900800"/>
  <node id="972229715" lat="38.1543400" lon="29.0647700"/>
  <node id="972229723" lat="38.1124600" lon="29.0069400"/>
  <node id="972229740" lat="38.0946700" lon="29.0115000"/>
  <node id="972229744" lat="38.1237300" lon="29.0216600"/>
  <node id="972229752" lat="38.0645200" lon="28.9789000"/>
  <node id="972229762" lat="38.1524400" lon="29.0625700"/>
  <node id="972229765" lat="38.1061500" lon="29.0099200"/>
  <node id="972229787" lat="38.1394200" lon="29.0409200"/>
  <node id="972229790" lat="38.0814900" lon="29.0071200"/>
  <node id="972229809" lat="38.1189700" lon="29.0140500"/>
  <node id="972229811" lat="38.1772200" lon="29.0742200"/>
  <node id="972229814" lat="38.0631900" lon="28.9710600"/>
  <node id="972229820" lat="38.1443400" lon="29.0504000"/>
  <node id="972229832" lat="38.1004700" lon="29.0083600"/>
  <node id="972229848" lat="38.1302700" lon="29.0289500"/>
  <node id="972229851" lat="38.0766300" lon="28.9973400"/>
  <node id="972229865" lat="38.1556700" lon="29.0648800"/>
  <node id="972229871" lat="38.1132600" lon="29.0106800"/>
  <node id="972229874" lat="38.1654468" lon="29.0734844"/>
  <node id="972229877" lat="38.0524300" lon="28.9694700"/>
  <node id="972229897" lat="38.1396700" lon="29.0460400"/>
  <node id="972229903" lat="38.0948200" lon="29.0091700"/>
  <node id="972229940" lat="38.1264600" lon="29.0231100"/>
  <node id="972229944" lat="38.0790400" lon="29.0030000"/>
  <node id="972229958" lat="38.1540500" lon="29.0641500"/>
  <node id="972229973" lat="38.1101800" lon="29.0071900"/>
  <node id="972229983" lat="38.1714004" lon="29.0716050"/>
  <node id="972229985" lat="38.0542700" lon="28.9689300"/>
  <node id="972229998" lat="38.0986200" lon="29.0113100"/>
  <node id="972230036" lat="38.1286900" lon="29.0256600"/>
  <node id="972230040" lat="38.0761400" lon="28.9872700"/>
  <node id="972230054" lat="38.1549300" lon="29.0647400"/>
  <node id="972230058" lat="38.1115000" lon="29.0068300"/>
  <node id="972230063" lat="38.0494600" lon="28.9641900"/>
  <node id="972230077" lat="38.0950000" lon="29.0109500"/>
  <node id="972230087" lat="38.1241500" lon="29.0201100"/>
  <node id="972230090" lat="38.0695900" lon="28.9798700"/>
  <node id="972230102" lat="38.1497200" lon="29.0635200"/>
  <node id="972230110" lat="38.1084900" lon="29.0082800"/>
  <node id="972230131" lat="38.1401300" lon="29.0416700"/>
  <node id="972230134" lat="38.0849900" lon="29.0117400"/>
  <node id="972230144" lat="38.1216400" lon="29.0170700"/>
  <node id="972230150" lat="38.1814600" lon="29.0745200"/>
  <node id="972230153" lat="38.0605900" lon="28.9701200"/>
  <node id="972230165" lat="38.1462000" lon="29.0574100"/>
  <node id="972230172" lat="38.1015400" lon="29.0074500"/>
  <node id="972230186" lat="38.1347700" lon="29.0324100"/>
  <node id="972230188" lat="38.0770300" lon="28.9933200"/>
  <node id="972230199" lat="38.1122800" lon="29.0086900"/>
  <node id="972230209" lat="38.1596614" lon="29.0703294"/>
  <node id="972230210" lat="38.0538400" lon="28.9687800"/>
  <node id="972230219" lat="38.1391200" lon="29.0434900"/>
  <node id="972230226" lat="38.0949200" lon="29.0106000"/>
  <node id="972230243" lat="38.1242400" lon="29.0223400"/>
  <node id="972230246" lat="38.0755100" lon="28.9866100"/>
  <node id="972230257" lat="38.1525200" lon="29.0639500"/>
  <node id="972230262" lat="38.1107000" lon="29.0069400"/>
  <node id="972230265" lat="38.0431400" lon="28.9591800"/>
  <node id="972230274" lat="38.0908800" lon="29.0112900"/>
  <node id="972230286" lat="38.1233600" lon="29.0202400"/>
  <node id="972230290" lat="38.0782100" lon="28.9886400"/>
  <node id="972230302" lat="38.1479200" lon="29.0629500"/>
  <node id="972230309" lat="38.1062900" lon="29.0098800"/>
  <node id="972230312" lat="38.0454800" lon="28.9602500"/>
  <node id="972230332" lat="38.1358700" lon="29.0355200"/>
  <node id="972230335" lat="38.0937800" lon="29.0110600"/>
  <node id="972230344" lat="38.1242600" lon="29.0205000"/>
  <node id="972230346" lat="38.0659100" lon="28.9816800"/>
  <node id="972230357" lat="38.1516100" lon="29.0630900"/>
  <node id="972230361" lat="38.1072500" lon="29.0081000"/>
  <node id="972230363" lat="38.0397000" lon="28.9567000"/>
  <node id="972230370" lat="38.1368300" lon="29.0372000"/>
  <node id="972230374" lat="38.0913854" lon="29.0124822"/>
  <node id="972230385" lat="38.1203800" lon="29.0171900"/>
  <node id="972230387" lat="38.2293200" lon="29.0866700"/>
  <node id="972230390" lat="38.0642900" lon="28.9754200"/>
  <node id="972230396" lat="38.1447400" lon="29.0539800"/>
  <node id="972230404" lat="38.1033600" lon="29.0105400"/>
  <node id="972230412" lat="38.1354800" lon="29.0327900"/>
  <node id="972230413" lat="38.0796600" lon="29.0049700"/>
  <node id="972230426" lat="38.1165500" lon="29.0113600"/>
  <node id="972230428" lat="38.1619822" lon="29.0725962"/>
  <node id="972230431" lat="38.0510900" lon="28.9685600"/>
  <node id="972230439" lat="38.1429100" lon="29.0483200"/>
  <node id="972230448" lat="38.0946300" lon="29.0093900"/>
  <node id="972230456" lat="38.1295600" lon="29.0264600"/>
  <node id="972230459" lat="38.0719400" lon="28.9816700"/>
  <node id="972230470" lat="38.1549600" lon="29.0644800"/>
  <node id="972230475" lat="38.1099500" lon="29.0079700"/>
  <node id="972230477" lat="38.0443300" lon="28.9597200"/>
  <node id="972230491" lat="38.0913200" lon="29.0123400"/>
  <node id="972230497" lat="38.1215400" lon="29.0185500"/>
  <node id="972230503" lat="38.0655700" lon="28.9816000"/>
  <node id="972230508" lat="38.1462600" lon="29.0593400"/>
  <node id="972230515" lat="38.1069400" lon="29.0081600"/>
  <node id="972230550" lat="38.1357600" lon="29.0338700"/>
  <node id="972230554" lat="38.0827700" lon="29.0080800"/>
  <node id="972230568" lat="38.1203200" lon="29.0160300"/>
  <node id="972230598" lat="38.1828300" lon="29.0747200"/>
  <node id="972230604" lat="38.0690600" lon="28.9801600"/>
  <node id="972230619" lat="38.1444000" lon="29.0532500"/>
  <node id="972230630" lat="38.1016800" lon="29.0076000"/>
  <node id="972230652" lat="38.0365199" lon="28.9549469"/>
  <node id="972230669" lat="38.1309500" lon="29.0290200"/>
  <node id="972230671" lat="38.0834700" lon="29.0111600"/>
  <node id="972230701" lat="38.1571375" lon="29.0644129"/>
  <node id="972230708" lat="38.1212500" lon="29.0170100"/>
  <node id="972230712" lat="38.2049900" lon="29.0849100"/>
  <node id="972230720" lat="38.0639400" lon="28.9721200"/>
  <node id="972230748" lat="38.1456300" lon="29.0567200"/>
  <node id="972230749" lat="38.1016600" lon="29.0100600"/>
  <node id="972230767" lat="38.1331300" lon="29.0308900"/>
  <node id="972230775" lat="38.0808200" lon="29.0063800"/>
  <node id="972230812" lat="38.1135300" lon="29.0109000"/>
  <node id="972230815" lat="38.1745000" lon="29.0725300"/>
  <node id="972230821" lat="38.0574800" lon="28.9711300"/>
  <node id="972230854" lat="38.1399600" lon="29.0463500"/>
  <node id="972230857" lat="38.0993500" lon="29.0097200"/>
  <node id="972230880" lat="38.1300100" lon="29.0277300"/>
  <node id="972230884" lat="38.0783800" lon="28.9898200"/>
  <node id="972230894" lat="38.1554900" lon="29.0651900"/>
  <node id="972230898" lat="38.1124100" lon="29.0065900"/>
  <node id="972230900" lat="38.0423700" lon="28.9582500"/>
  <node id="972230928" lat="38.0907100" lon="29.0116100"/>
  <node id="972230940" lat="38.1237600" lon="29.0215200"/>
  <node id="972230959" lat="38.0643700" lon="28.9785400"/>
  <node id="972230978" lat="38.1522400" lon="29.0626400"/>
  <node id="972230987" lat="38.1053600" lon="29.0098800"/>
  <node id="972231022" lat="38.1360600" lon="29.0348000"/>
  <node id="972231024" lat="38.0814000" lon="29.0069900"/>
  <node id="972231037" lat="38.1182600" lon="29.0132700"/>
  <node id="972231046" lat="38.1944900" lon="29.0789000"/>
  <node id="972231051" lat="38.0628100" lon="28.9707400"/>
  <node id="972231060" lat="38.1440600" lon="29.0497100"/>
  <node id="972231064" lat="38.1013600" lon="29.0093000"/>
  <node id="972231097" lat="38.1301300" lon="29.0285400"/>
  <node id="972231102" lat="38.0759600" lon="28.9965400"/>
  <node id="972231113" lat="38.1555300" lon="29.0650500"/>
  <node id="972231151" lat="38.1129500" lon="29.0101800"/>
  <node id="972231157" lat="38.1632536" lon="29.0729117"/>
  <node id="972231170" lat="38.0645400" lon="28.9736000"/>
  <node id="972231192" lat="38.1392200" lon="29.0453200"/>
  <node id="972231207" lat="38.0947100" lon="29.0092500"/>
  <node id="972231221" lat="38.1261200" lon="29.0228300"/>
  <node id="972231222" lat="38.0776300" lon="29.0000100"/>
  <node id="972231227" lat="38.1537200" lon="29.0636700"/>
  <node id="972231229" lat="38.1157800" lon="29.0103300"/>
  <node id="972231230" lat="38.1703364" lon="29.0718850"/>
  <node id="972231234" lat="38.0540400" lon="28.9688200"/>
  <node id="972231239" lat="38.1418900" lon="29.0475900"/>
  <node id="972231246" lat="38.0982400" lon="29.0112300"/>
  <node id="972231252" lat="38.1285400" lon="29.0254400"/>
  <node id="972231254" lat="38.0771100" lon="28.9927000"/>
  <node id="972231258" lat="38.1548000" lon="29.0647600"/>
  <node id="972231263" lat="38.1113300" lon="29.0069400"/>
  <node id="972231264" lat="38.0484100" lon="28.9622400"/>
  <node id="972231269" lat="38.0949700" lon="29.0112400"/>
  <node id="972231278" lat="38.1239400" lon="29.0221200"/>
  <node id="972231282" lat="38.0694200" lon="28.9799000"/>
  <node id="972231286" lat="38.1527200" lon="29.0627700"/>
  <node id="972231292" lat="38.1081400" lon="29.0087200"/>
  <node id="972231304" lat="38.1401100" lon="29.0414800"/>
  <node id="972231305" lat="38.0820100" lon="29.0081400"/>
  <node id="972231318" lat="38.1215300" lon="29.0170100"/>
  <node id="972231319" lat="38.1788000" lon="29.0744600"/>
  <node id="972231320" lat="38.0594300" lon="28.9710900"/>
  <node id="972231333" lat="38.1457500" lon="29.0569100"/>
  <node id="972231348" lat="38.1013200" lon="29.0075000"/>
  <node id="972231357" lat="38.1595110" lon="29.0645511"/>
  <node id="972231381" lat="38.1304400" lon="29.0290800"/>
  <node id="972231385" lat="38.0770800" lon="28.9931700"/>
  <node id="972231401" lat="38.1565100" lon="29.0642000"/>
  <node id="972231404" lat="38.1122200" lon="29.0083900"/>
  <node id="972231427" lat="38.1669482" lon="29.0734560"/>
  <node id="972231432" lat="38.0536400" lon="28.9688100"/>
  <node id="972231440" lat="38.1397400" lon="29.0423400"/>
  <node id="972231448" lat="38.0958900" lon="29.0099300"/>
  <node id="972231482" lat="38.1241200" lon="29.0222900"/>
  <node id="972231484" lat="38.0743100" lon="28.9847000"/>
  <node id="972231503" lat="38.1527600" lon="29.0630000"/>
  <node id="972231539" lat="38.1104600" lon="29.0069700"/>
  <node id="972231546" lat="38.0557800" lon="28.9697100"/>
  <node id="972231569" lat="38.0907800" lon="29.0114100"/>
  <node id="972231589" lat="38.1228800" lon="29.0201000"/>
  <node id="972231597" lat="38.0780900" lon="28.9884500"/>
  <node id="972231618" lat="38.1477600" lon="29.0628500"/>
  <node id="972231625" lat="38.1121300" lon="29.0063000"/>
  <node id="972231626" lat="38.0450300" lon="28.9599700"/>
  <node id="972231654" lat="38.1358800" lon="29.0353200"/>
  <node id="972231659" lat="38.0929700" lon="29.0108400"/>
  <node id="972231677" lat="38.1242900" lon="29.0203300"/>
  <node id="972231710" lat="38.0705800" lon="28.9801400"/>
  <node id="972231727" lat="38.1513700" lon="29.0631900"/>
  <node id="972231738" lat="38.1070800" lon="29.0080500"/>
  <node id="972231742" lat="38.1599557" lon="29.0689039"/>
  <node id="972231746" lat="38.0382900" lon="28.9557700"/>
  <node id="972231799" lat="38.1366000" lon="29.0366600"/>
  <node id="972231801" lat="38.0891500" lon="29.0121100"/>
  <node id="972231837" lat="38.1215100" lon="29.0179400"/>
  <node id="972231839" lat="38.0642600" lon="28.9750400"/>
  <node id="972231845" lat="38.1464300" lon="29.0579300"/>
  <node id="972231857" lat="38.1029300" lon="29.0102800"/>
  <node id="972231862" lat="38.1600950" lon="29.0668968"/>
  <node id="972231877" lat="38.1353900" lon="29.0325900"/>
  <node id="972231889" lat="38.0758400" lon="28.9957500"/>
  <node id="972231899" lat="38.1159900" lon="29.0103900"/>
  <node id="972231903" lat="38.1615100" lon="29.0723246"/>
  <node id="972231906" lat="38.0501600" lon="28.9671000"/>
  <node id="972231920" lat="38.1424900" lon="29.0479300"/>
  <node id="972231922" lat="38.0945900" lon="29.0096800"/>
  <node id="972231949" lat="38.2311200" lon="29.0873300"/>
  <node id="972231951" lat="38.1249100" lon="29.0224400"/>
  <node id="972231954" lat="38.0708600" lon="28.9803900"/>
  <node id="972231959" lat="38.1529200" lon="29.0640100"/>
  <node id="1307068340" lat="38.1682630" lon="28.9856887"/>
  <node id="1307068349" lat="38.1387091" lon="29.0197117"/>
  <node id="1307068396" lat="38.1358287" lon="29.0035394"/>
  <node id="1307068402" lat="38.1809517" lon="29.0053578"/>
  <node id="1307068409" lat="38.1742352" lon="28.9995461"/>
  <node id="1307068440" lat="38.1799101" lon="29.0002155"/>
  <node id="1307068442" lat="38.1587717" lon="29.0235937"/>
  <node id="1307068447" lat="38.1871813" lon="29.0056011"/>
  <node id="1307068466" lat="38.1886640" lon="29.0107847"/>
  <node id="1307068472" lat="38.1583386" lon="29.0100404"/>
  <node id="1307068497" lat="38.1854163" lon="29.0141395"/>
  <node id="1307068510" lat="38.1636487" lon="28.9699475"/>
  <node id="1307068526" lat="38.1844033" lon="29.0090565"/>
  <node id="1307068605" lat="38.1814854" lon="28.9996606"/>
  <node id="1307068607" lat="38.1673792" lon="28.9897410"/>
  <node id="1307068612" lat="38.1373637" lon="29.0147908"/>
  <node id="1307068649" lat="38.1333035" lon="28.9938541"/>
  <node id="1307068651" lat="38.1809221" lon="29.0032422"/>
  <node id="1307068656" lat="38.1663032" lon="28.9737863"/>
  <node id="1307068669" lat="38.1600194" lon="28.9995064"/>
  <node id="1307068707" lat="38.1700446" lon="28.9968297"/>
  <node id="1307068712" lat="38.1823129" lon="29.0071045"/>
  <node id="1307068739" lat="38.1812299" lon="29.0017966"/>
  <node id="1307068748" lat="38.1866913" lon="29.0072876"/>
  <node id="1307068763" lat="38.1865431" lon="29.0101523"/>
  <node id="1307068766" lat="38.1594456" lon="29.0008884"/>
  <node id="1307068805" lat="38.1848273" lon="29.0156527"/>
  <node id="1307068825" lat="38.1868429" lon="29.0103507"/>
  <node id="1307068845" lat="38.1810356" lon="28.9998789"/>
  <node id="1307068849" lat="38.1636247" lon="28.9945989"/>
  <node id="1307068863" lat="38.1386333" lon="29.0194106"/>
  <node id="1307068882" lat="38.1792968" lon="29.0001786"/>
  <node id="1307068885" lat="38.1865146" lon="29.0151514"/>
  <node id="1307068901" lat="38.1809635" lon="29.0051093"/>
  <node id="1307068905" lat="38.1754663" lon="28.9998051"/>
  <node id="1307068907" lat="38.1844107" lon="29.0165314"/>
  <node id="1307068946" lat="38.1643289" lon="28.9942336"/>
  <node id="1307068963" lat="38.1854840" lon="29.0087859"/>
  <node id="1307068966" lat="38.1405117" lon="29.0226809"/>
  <node id="1307068972" lat="38.1877361" lon="29.0108269"/>
  <node id="1307068974" lat="38.1584917" lon="29.0067463"/>
  <node id="1307068987" lat="38.1859134" lon="29.0133685"/>
  <node id="1307068993" lat="38.1626873" lon="28.9689898"/>
  <node id="1307068999" lat="38.1862164" lon="29.0119470"/>
  <node id="1307069008" lat="38.1825211" lon="28.9986517"/>
  <node id="1307069011" lat="38.1679133" lon="28.9887451"/>
  <node id="1307069015" lat="38.1381738" lon="29.0166580"/>
  <node id="1307069030" lat="38.1875940" lon="29.0179221"/>
  <node id="1307069034" lat="38.1344122" lon="28.9968777"/>
  <node id="1307069035" lat="38.1808215" lon="29.0040402"/>
  <node id="1307069039" lat="38.1788281" lon="29.0001966"/>
  <node id="1307069041" lat="38.1829521" lon="29.0071347"/>
  <node id="1307069071" lat="38.1586047" lon="29.0154572"/>
  <node id="1307069093" lat="38.1855027" lon="29.0098300"/>
  <node id="1307069108" lat="38.1807989" lon="28.9998714"/>
  <node id="1307069118" lat="38.1360987" lon="29.0127188"/>
  <node id="1307069140" lat="38.1867513" lon="29.0105798"/>
  <node id="1307069178" lat="38.1672325" lon="28.9771678"/>
  <node id="1307069183" lat="38.1391402" lon="29.0207176"/>
  <node id="1307069211" lat="38.1593649" lon="28.9672747"/>
  <node id="1307069247" lat="38.1357245" lon="29.0061053"/>
  <node id="1307069254" lat="38.1809517" lon="29.0055460"/>
  <node id="1307069272" lat="38.1736670" lon="28.9993715"/>
  <node id="1307069326" lat="38.1836741" lon="29.0077219"/>
  <node id="1307069371" lat="38.1801109" lon="29.0005424"/>
  <node id="1307069382" lat="38.1871245" lon="29.0057156"/>
  <node id="1307069403" lat="38.1881101" lon="29.0108751"/>
  <node id="1307069449" lat="38.1850106" lon="29.0087482"/>
  <node id="1307069455" lat="38.1407081" lon="29.0228042"/>
  <node id="1307069478" lat="38.1631798" lon="28.9693994"/>
  <node id="1307069485" lat="38.1843073" lon="29.0087609"/>
  <node id="1307069533" lat="38.1802485" lon="28.9997810"/>
  <node id="1307069540" lat="38.1861738" lon="29.0124108"/>
  <node id="1307069556" lat="38.1377142" lon="29.0155015"/>
  <node id="1307069589" lat="38.1835035" lon="28.9978009"/>
  <node id="1307069597" lat="38.1861785" lon="29.0132902"/>
  <node id="1307069614" lat="38.1808511" lon="29.0035960"/>
  <node id="1307069625" lat="38.1659243" lon="28.9731162"/>
  <node id="1307069631" lat="38.1607585" lon="28.9983588"/>
  <node id="1307069721" lat="38.1876508" lon="29.0190183"/>
  <node id="1307069747" lat="38.1692443" lon="28.9962574"/>
  <node id="1307069753" lat="38.1820288" lon="29.0070669"/>
  <node id="1307069792" lat="38.1812831" lon="29.0021279"/>
  <node id="1307069805" lat="38.1863066" lon="29.0078899"/>
  <node id="1307069827" lat="38.1906760" lon="29.0100499"/>
  <node id="1307069834" lat="38.1583975" lon="29.0133128"/>
  <node id="1307069858" lat="38.1850202" lon="29.0148480"/>
  <node id="1307069874" lat="38.1650265" lon="28.9718578"/>
  <node id="1307069913" lat="38.1811540" lon="28.9998262"/>
  <node id="1307069918" lat="38.1640094" lon="28.9940853"/>
  <node id="1307069961" lat="38.1365962" lon="29.0137789"/>
  <node id="1307069988" lat="38.1790790" lon="29.0001966"/>
  <node id="1307069991" lat="38.1865998" lon="29.0153742"/>
  <node id="1307070013" lat="38.1812595" lon="29.0024140"/>
  <node id="1307070027" lat="38.1669839" lon="28.9755857"/>
  <node id="1307070031" lat="38.1846163" lon="29.0160884"/>
  <node id="1307070080" lat="38.1640447" lon="28.9941132"/>
  <node id="1307070087" lat="38.1589932" lon="29.0224126"/>
  <node id="1307070121" lat="38.1809162" lon="29.0013298"/>
  <node id="1307070129" lat="38.1852236" lon="29.0087332"/>
  <node id="1307070145" lat="38.1873290" lon="29.0106643"/>
  <node id="1307070150" lat="38.1587515" lon="29.0033820"/>
  <node id="1307070182" lat="38.1861027" lon="29.0130131"/>
  <node id="1307070277" lat="38.1681111" lon="28.9882058"/>
  <node id="1307070283" lat="38.1382732" lon="29.0170555"/>
  <node id="1307070333" lat="38.1876272" lon="29.0181931"/>
  <node id="1307070338" lat="38.1348622" lon="28.9979197"/>
  <node id="1307070349" lat="38.1808807" lon="29.0045221"/>
  <node id="1307070357" lat="38.1780516" lon="29.0000822"/>
  <node id="1307070359" lat="38.1876461" lon="29.0194459"/>
  <node id="1307070416" lat="38.1679420" lon="28.9954925"/>
  <node id="1307070434" lat="38.1584672" lon="29.0144506"/>
  <node id="1307070472" lat="38.1858273" lon="29.0086955"/>
  <node id="1307070486" lat="38.1399853" lon="29.0220909"/>
  <node id="1307070493" lat="38.1850352" lon="29.0097020"/>
  <node id="1307070562" lat="38.1364019" lon="29.0134355"/>
  <node id="1307070594" lat="38.1866468" lon="29.0107430"/>
  <node id="1307070618" lat="38.1671378" lon="28.9763999"/>
  <node id="1307070634" lat="38.1393913" lon="29.0211392"/>
  <node id="1307070662" lat="38.1870496" lon="29.0164644"/>
  <node id="1307070679" lat="38.1358666" lon="29.0091711"/>
  <node id="1307070684" lat="38.1809872" lon="29.0057945"/>
  <node id="1307070690" lat="38.1721896" lon="28.9986667"/>
  <node id="1307070695" lat="38.1833959" lon="29.0073906"/>
  <node id="1307070737" lat="38.1803066" lon="29.0008028"/>
  <node id="1307070751" lat="38.1870996" lon="29.0060453"/>
  <node id="1307070779" lat="38.1592843" lon="29.0199727"/>
  <node id="1307070859" lat="38.1844780" lon="29.0089967"/>
  <node id="1307070861" lat="38.1416530" lon="29.0233421"/>
  <node id="1307070880" lat="38.1842067" lon="29.0084899"/>
  <node id="1307070894" lat="38.1427467" lon="29.0243684"/>
  <node id="1307070915" lat="38.1804260" lon="28.9999166"/>
  <node id="1307070927" lat="38.1359566" lon="29.0114178"/>
  <node id="1307070949" lat="38.1799011" lon="28.9999393"/>
  <node id="1307070961" lat="38.1863395" lon="29.0138925"/>
  <node id="1307070991" lat="38.1683254" lon="28.9864070"/>
  <node id="1307071049" lat="38.1357482" lon="29.0016180"/>
  <node id="1307071051" lat="38.1801176" lon="28.9998369"/>
  <node id="1307071071" lat="38.1686476" lon="28.9958840"/>
  <node id="1307071074" lat="38.1817862" lon="29.0069540"/>
  <node id="1307071167" lat="38.1859811" lon="29.0085224"/>
  <node id="1307071191" lat="38.1897150" lon="29.0104715"/>
  <node id="1307071195" lat="38.1583568" lon="29.0120371"/>
  <node id="1307071226" lat="38.1851513" lon="29.0144828"/>
  <node id="1307071244" lat="38.1641222" lon="28.9706100"/>
  <node id="1307071253" lat="38.1845736" lon="29.0093708"/>
  <node id="1307071287" lat="38.1813197" lon="28.9996982"/>
  <node id="1307071298" lat="38.1670609" lon="28.9901645"/>
  <node id="1307071304" lat="38.1370415" lon="29.0143450"/>
  <node id="1307071338" lat="38.1868839" lon="29.0159946"/>
  <node id="1307071359" lat="38.1330430" lon="28.9934385"/>
  <node id="1307071363" lat="38.1810760" lon="29.0028356"/>
  <node id="1307071384" lat="38.1666998" lon="28.9747274"/>
  <node id="1307071387" lat="38.1596410" lon="29.0003405"/>
  <node id="1307071475" lat="38.1812831" lon="29.0063742"/>
  <node id="1307071476" lat="38.1706175" lon="28.9973236"/>
  <node id="1307071480" lat="38.1592216" lon="29.0210054"/>
  <node id="1307071495" lat="38.1811352" lon="29.0015406"/>
  <node id="1307071499" lat="38.1868747" lon="29.0068660"/>
  <node id="1307071509" lat="38.1589921" lon="29.0023123"/>
  <node id="1307071522" lat="38.1861501" lon="29.0127903"/>
  <node id="1307071528" lat="38.1619911" lon="28.9685787"/>
  <node id="1307071542" lat="38.1682558" lon="28.9875555"/>
  <node id="1307071546" lat="38.1385338" lon="29.0189528"/>
  <node id="1307071557" lat="38.1794673" lon="29.0000942"/>
  <node id="1307071559" lat="38.1864909" lon="29.0149285"/>
  <node id="1307071568" lat="38.1352555" lon="28.9991906"/>
  <node id="1307071573" lat="38.1809576" lon="29.0048759"/>
  <node id="1307071582" lat="38.1768489" lon="28.9999738"/>
  <node id="1307071584" lat="38.1842223" lon="29.0171586"/>
  <node id="1307071607" lat="38.1658254" lon="28.9947336"/>
  <node id="1307071625" lat="38.1856734" lon="29.0087784"/>
  <node id="1307071628" lat="38.1402351" lon="29.0224237"/>
  <node id="1307071634" lat="38.1847452" lon="29.0095590"/>
  <node id="1307071661" lat="38.1856293" lon="29.0138684"/>
  <node id="1307071693" lat="38.1864341" lon="29.0111520"/>
  <node id="1307071713" lat="38.1816689" lon="28.9995552"/>
  <node id="1307071719" lat="38.1676958" lon="28.9892083"/>
  <node id="1307071750" lat="38.1397087" lon="29.0216572"/>
  <node id="1307071775" lat="38.1874899" lon="29.0175486"/>
  <node id="1307071783" lat="38.1335546" lon="28.9943359"/>
  <node id="1307071786" lat="38.1810878" lon="29.0060354"/>
  <node id="1307071793" lat="38.1716830" lon="28.9982993"/>
  <node id="1307071797" lat="38.1831533" lon="29.0072024"/>
  <node id="1307071824" lat="38.1815672" lon="29.0067206"/>
  <node id="1307071839" lat="38.1870463" lon="29.0063013"/>
  <node id="1307071859" lat="38.1591883" lon="29.0189039"/>
  <node id="1307071898" lat="38.1859844" lon="29.0099053"/>
  <node id="1307071932" lat="38.1805799" lon="28.9999166"/>
  <node id="1307071940" lat="38.1360040" lon="29.0122731"/>
  <node id="1307071993" lat="38.1796614" lon="28.9999738"/>
  <node id="1307071998" lat="38.1864199" lon="29.0143262"/>
  <node id="1307446866" lat="38.1581922" lon="29.2086990"/>
  <node id="1365207504" lat="38.0920792" lon="29.0126059"/>
  <node id="1365207507" lat="38.0925310" lon="29.0128041"/>
  <node id="1365207510" lat="38.0928069" lon="29.0205656"/>
  <node id="1365207512" lat="38.0927997" lon="29.0199846"/>
  <node id="1365207517" lat="38.0928651" lon="29.0210150"/>
  <node id="1365207521" lat="38.0929995" lon="29.0194065"/>
  <node id="1365207523" lat="38.0930743" lon="29.0214703"/>
  <node id="1365207525" lat="38.0931227" lon="29.0133440"/>
  <node id="1365207533" lat="38.0933809" lon="29.0218052"/>
  <node id="1365207535" lat="38.0934401" lon="29.0184836"/>
  <node id="1365207539" lat="38.0936875" lon="29.0219487"/>
  <node id="1365207540" lat="38.0937036" lon="29.0141368"/>
  <node id="1365207541" lat="38.0937574" lon="29.0178138"/>
  <node id="1365207544" lat="38.0939511" lon="29.0148135"/>
  <node id="1365207546" lat="38.0939833" lon="29.0170484"/>
  <node id="1365207547" lat="38.0940116" lon="29.0220654"/>
  <node id="1365207548" lat="38.0940371" lon="29.0153807"/>
  <node id="1365207550" lat="38.0940963" lon="29.0161120"/>
  <node id="1365207560" lat="38.0945019" lon="29.0219834"/>
  <node id="1365207584" lat="38.0950393" lon="29.0217161"/>
  <node id="1365207591" lat="38.0954533" lon="29.0216487"/>
  <node id="1365207595" lat="38.0958175" lon="29.0217642"/>
  <node id="1365207600" lat="38.0971675" lon="29.0222905"/>
  <node id="1365207603" lat="38.0975440" lon="29.0222973"/>
  <node id="1365207605" lat="38.0978022" lon="29.0221538"/>
  <node id="1365207607" lat="38.0979897" lon="29.0219371"/>
  <node id="1365207608" lat="38.0980513" lon="29.0215713"/>
  <node id="1365207609" lat="38.0981727" lon="29.0206846"/>
  <node id="1365207615" lat="38.0983467" lon="29.0204110"/>
  <node id="1365207652" lat="38.0985713" lon="29.0201923"/>
  <node id="1365207665" lat="38.0988456" lon="29.0201581"/>
  <node id="1365207702" lat="38.0994318" lon="29.0204930"/>
  <node id="1365207825" lat="38.1000611" lon="29.0207527"/>
  <node id="1365207886" lat="38.1007926" lon="29.0210124"/>
  <node id="1365207895" lat="38.1015294" lon="29.0211833"/>
  <node id="1365207904" lat="38.1025728" lon="29.0214772"/>
  <node id="1365207913" lat="38.1035354" lon="29.0220308"/>
  <node id="1365207926" lat="38.1040141" lon="29.0223520"/>
  <node id="1365207939" lat="38.1046915" lon="29.0229143"/>
  <node id="1365207953" lat="38.1054040" lon="29.0235806"/>
  <node id="1365207968" lat="38.1059217" lon="29.0242128"/>
  <node id="1365207983" lat="38.1062981" lon="29.0246229"/>
  <node id="1365207989" lat="38.1065737" lon="29.0248450"/>
  <node id="1889560581" lat="38.1415332" lon="29.1864593"/>
  <node id="1889560582" lat="38.1415726" lon="29.1860667"/>
  <node id="1889560584" lat="38.1416186" lon="29.1868269"/>
  <node id="1889560585" lat="38.1417681" lon="29.1855305"/>
  <node id="1889560586" lat="38.1417960" lon="29.1871526"/>
  <node id="1889560589" lat="38.1432938" lon="29.1827923"/>
  <node id="1889560590" lat="38.1440756" lon="29.1806790"/>
  <node id="1889560593" lat="38.1443844" lon="29.1790167"/>
  <node id="1889560595" lat="38.1444041" lon="29.1902517"/>
  <node id="1889560596" lat="38.1445223" lon="29.1779057"/>
  <node id="1889560597" lat="38.1447042" lon="29.1770268"/>
  <node id="1889560599" lat="38.1450282" lon="29.1762852"/>
  <node id="1889560600" lat="38.1450610" lon="29.1911287"/>
  <node id="1889560602" lat="38.1455011" lon="29.1919891"/>
  <node id="1889560603" lat="38.1455274" lon="29.1757172"/>
  <node id="1889560604" lat="38.1456916" lon="29.1924402"/>
  <node id="1889560607" lat="38.1465719" lon="29.1960571"/>
  <node id="1889560611" lat="38.1469201" lon="29.1973518"/>
  <node id="1889560613" lat="38.1469989" lon="29.1746230"/>
  <node id="1889560617" lat="38.1470646" lon="29.1977360"/>
  <node id="1889560627" lat="38.1472945" lon="29.1982038"/>
  <node id="1889560638" lat="38.1476164" lon="29.1985964"/>
  <node id="1889560642" lat="38.1478398" lon="29.1987050"/>
  <node id="1889560654" lat="38.1483065" lon="29.0617641"/>
  <node id="1889560658" lat="38.1484967" lon="29.1987301"/>
  <node id="1889560659" lat="38.1485692" lon="29.0741180"/>
  <node id="1889560660" lat="38.1487726" lon="29.1988052"/>
  <node id="1889560661" lat="38.1488777" lon="29.1731695"/>
  <node id="1889560662" lat="38.1489436" lon="29.0622904"/>
  <node id="1889560664" lat="38.1490287" lon="29.1989556"/>
  <node id="1889560665" lat="38.1490816" lon="29.0624825"/>
  <node id="1889560666" lat="38.1491864" lon="29.1992313"/>
  <node id="1889560667" lat="38.1492046" lon="29.0625589"/>
  <node id="1889560670" lat="38.1493441" lon="29.1727185"/>
  <node id="1889560673" lat="38.1495017" lon="29.2003255"/>
  <node id="1889560674" lat="38.1495677" lon="29.0737922"/>
  <node id="1889560676" lat="38.1496200" lon="29.2006680"/>
  <node id="1889560679" lat="38.1499353" lon="29.2011859"/>
  <node id="1889560681" lat="38.1501192" lon="29.2013446"/>
  <node id="1889560682" lat="38.1502111" lon="29.1715490"/>
  <node id="1889560684" lat="38.1504071" lon="29.0735448"/>
  <node id="1889560688" lat="38.1504873" lon="29.0625827"/>
  <node id="1889560690" lat="38.1507153" lon="29.0626078"/>
  <node id="1889560694" lat="38.1508934" lon="29.0731697"/>
  <node id="1889560700" lat="38.1509931" lon="29.0626997"/>
  <node id="1889560706" lat="38.1512273" lon="29.2016306"/>
  <node id="1889560714" lat="38.1513543" lon="29.0627748"/>
  <node id="1889560715" lat="38.1514069" lon="29.0726729"/>
  <node id="1889560716" lat="38.1514789" lon="29.2015785"/>
  <node id="1889560718" lat="38.1515842" lon="29.0627414"/>
  <node id="1889560720" lat="38.1516103" lon="29.1691767"/>
  <node id="1889560721" lat="38.1516826" lon="29.2014532"/>
  <node id="1889560724" lat="38.1519126" lon="29.0625827"/>
  <node id="1889560727" lat="38.1519455" lon="29.0722135"/>
  <node id="1889560730" lat="38.1521754" lon="29.0625075"/>
  <node id="1889560733" lat="38.1522334" lon="29.0651837"/>
  <node id="1889560734" lat="38.1522608" lon="29.0650552"/>
  <node id="1889560735" lat="38.1522689" lon="29.0653446"/>
  <node id="1889560736" lat="38.1522782" lon="29.0657345"/>
  <node id="1889560738" lat="38.1522922" lon="29.0654510"/>
  <node id="1889560739" lat="38.1523131" lon="29.1680825"/>
  <node id="1889560740" lat="38.1523386" lon="29.0658408"/>
  <node id="1889560742" lat="38.1523790" lon="29.0624407"/>
  <node id="1889560745" lat="38.1524644" lon="29.0624491"/>
  <node id="1889560746" lat="38.1525105" lon="29.0658762"/>
  <node id="1889560750" lat="38.1526219" lon="29.2004592"/>
  <node id="1889560751" lat="38.1526451" lon="29.0660357"/>
  <node id="1889560753" lat="38.1527468" lon="29.0578383"/>
  <node id="1889560754" lat="38.1527664" lon="29.2003005"/>
  <node id="1889560755" lat="38.1527665" lon="29.0574959"/>
  <node id="1889560756" lat="38.1528257" lon="29.0580471"/>
  <node id="1889560757" lat="38.1528454" lon="29.0713114"/>
  <node id="1889560758" lat="38.1528649" lon="29.1671970"/>
  <node id="1889560759" lat="38.1529176" lon="29.0568610"/>
  <node id="1889560760" lat="38.1529306" lon="29.2002253"/>
  <node id="1889560761" lat="38.1529636" lon="29.0581390"/>
  <node id="1889560764" lat="38.1531566" lon="29.0467896"/>
  <node id="1889560765" lat="38.1531362" lon="29.0475162"/>
  <node id="1889560766" lat="38.1530492" lon="29.0665436"/>
  <node id="1889560769" lat="38.1530621" lon="29.0564685"/>
  <node id="1889560770" lat="38.1531503" lon="29.0487772"/>
  <node id="1889560772" lat="38.1531081" lon="29.0580806"/>
  <node id="1889560773" lat="38.1531342" lon="29.2002503"/>
  <node id="1889560774" lat="38.1533047" lon="29.0498062"/>
  <node id="1889560775" lat="38.1532592" lon="29.0655062"/>
  <node id="1889560776" lat="38.1532789" lon="29.0651888"/>
  <node id="1889560777" lat="38.1533117" lon="29.0658737"/>
  <node id="1889560778" lat="38.1533183" lon="29.0578717"/>
  <node id="1889560780" lat="38.1533446" lon="29.0707351"/>
  <node id="1889560782" lat="38.1534074" lon="29.0433622"/>
  <node id="1889560783" lat="38.1533840" lon="29.0557167"/>
  <node id="1889560784" lat="38.1534102" lon="29.0647879"/>
  <node id="1889560785" lat="38.1534431" lon="29.0578550"/>
  <node id="1889560788" lat="38.1534495" lon="29.1664202"/>
  <node id="1889560789" lat="38.1534497" lon="29.0662830"/>
  <node id="1889560790" lat="38.1535999" lon="29.0422288"/>
  <node id="1889560791" lat="38.1534891" lon="29.0646208"/>
  <node id="1889560792" lat="38.1535416" lon="29.0552239"/>
  <node id="1889560793" lat="38.1535462" lon="29.0671284"/>
  <node id="1889560794" lat="38.1535915" lon="29.0517301"/>
  <node id="1889560795" lat="38.1535876" lon="29.0664751"/>
  <node id="1889560796" lat="38.1536643" lon="29.0404138"/>
  <node id="1889560797" lat="38.1535942" lon="29.0579636"/>
  <node id="1889560800" lat="38.1537756" lon="29.0583909"/>
  <node id="1889560803" lat="38.1536991" lon="29.2004592"/>
  <node id="1889560805" lat="38.1536992" lon="29.0544554"/>
  <node id="1889560808" lat="38.1537518" lon="29.0666756"/>
  <node id="1889560810" lat="38.1538711" lon="29.0592660"/>
  <node id="1889560811" lat="38.1537846" lon="29.0643702"/>
  <node id="1889560812" lat="38.1537878" lon="29.0530395"/>
  <node id="1889560813" lat="38.1538043" lon="29.0541881"/>
  <node id="1889560815" lat="38.1539145" lon="29.0537465"/>
  <node id="1889560816" lat="38.1539419" lon="29.0535422"/>
  <node id="1889560817" lat="38.1538574" lon="29.0674178"/>
  <node id="1889560819" lat="38.1538963" lon="29.0618393"/>
  <node id="1889560820" lat="38.1539027" lon="29.2006680"/>
  <node id="1889560823" lat="38.1539423" lon="29.0605697"/>
  <node id="1889560824" lat="38.1539423" lon="29.0620147"/>
  <node id="1889560825" lat="38.1539456" lon="29.0668744"/>
  <node id="1889560827" lat="38.1539459" lon="29.0666914"/>
  <node id="1889560828" lat="38.1539586" lon="29.0825760"/>
  <node id="1889560829" lat="38.1539577" lon="29.0541090"/>
  <node id="1889560830" lat="38.1539620" lon="29.0614551"/>
  <node id="1889560831" lat="38.1539817" lon="29.0610959"/>
  <node id="1889560832" lat="38.1539849" lon="29.0837955"/>
  <node id="1889560833" lat="38.1539921" lon="29.0671106"/>
  <node id="1889560834" lat="38.1539921" lon="29.0674709"/>
  <node id="1889560835" lat="38.1540640" lon="29.0538478"/>
  <node id="1889560837" lat="38.1540539" lon="29.0642783"/>
  <node id="1889560838" lat="38.1540896" lon="29.0815720"/>
  <node id="1889560839" lat="38.1540605" lon="29.0621901"/>
  <node id="1889560840" lat="38.1540605" lon="29.0667007"/>
  <node id="1889560841" lat="38.1540617" lon="29.0674119"/>
  <node id="1889560842" lat="38.1540664" lon="29.0673174"/>
  <node id="1889560846" lat="38.1542030" lon="29.0849244"/>
  <node id="1889560851" lat="38.1542345" lon="29.0542758"/>
  <node id="1889560853" lat="38.1542673" lon="29.0806297"/>
  <node id="1889560857" lat="38.1543167" lon="29.0625410"/>
  <node id="1889560861" lat="38.1544086" lon="29.0627247"/>
  <node id="1889560862" lat="38.1544738" lon="29.0635688"/>
  <node id="1889560866" lat="38.1545235" lon="29.0953645"/>
  <node id="1889560868" lat="38.1545663" lon="29.0637354"/>
  <node id="1889560869" lat="38.1545393" lon="29.0864768"/>
  <node id="1889560870" lat="38.1545794" lon="29.0643118"/>
  <node id="1889560871" lat="38.1545892" lon="29.0798194"/>
  <node id="1889560872" lat="38.1547162" lon="29.0930191"/>
  <node id="1889560873" lat="38.1545892" lon="29.0970852"/>
  <node id="1889560874" lat="38.1546023" lon="29.0668675"/>
  <node id="1889560877" lat="38.1546385" lon="29.0692232"/>
  <node id="1889560879" lat="38.1546845" lon="29.0668928"/>
  <node id="1889560880" lat="38.1547042" lon="29.0663164"/>
  <node id="1889560881" lat="38.1547685" lon="29.0877251"/>
  <node id="1889560882" lat="38.1547699" lon="29.0660491"/>
  <node id="1889560883" lat="38.1548027" lon="29.0690645"/>
  <node id="1889560886" lat="38.1548093" lon="29.0643619"/>
  <node id="1889560887" lat="38.1549155" lon="29.0891983"/>
  <node id="1889560889" lat="38.1549205" lon="29.0905226"/>
  <node id="1889560890" lat="38.1548618" lon="29.0651136"/>
  <node id="1889560892" lat="38.1548750" lon="29.0640695"/>
  <node id="1889560893" lat="38.1548782" lon="29.1016627"/>
  <node id="1889560896" lat="38.1549209" lon="29.0670515"/>
  <node id="1889560897" lat="38.1549341" lon="29.0642366"/>
  <node id="1889560898" lat="38.1549406" lon="29.0690562"/>
  <node id="1889560899" lat="38.1549428" lon="29.0643186"/>
  <node id="1889560903" lat="38.1550030" lon="29.1029658"/>
  <node id="1889560904" lat="38.1550128" lon="29.2023386"/>
  <node id="1889560908" lat="38.1550621" lon="29.0788087"/>
  <node id="1889560911" lat="38.1551180" lon="29.0691063"/>
  <node id="1889560914" lat="38.1551821" lon="29.0673758"/>
  <node id="1889560915" lat="38.1551409" lon="29.1039431"/>
  <node id="1889560918" lat="38.1551693" lon="29.1643911"/>
  <node id="1889560921" lat="38.1552164" lon="29.2024890"/>
  <node id="1889560922" lat="38.1553046" lon="29.0669507"/>
  <node id="1889560923" lat="38.1552691" lon="29.0675025"/>
  <node id="1889560926" lat="38.1553563" lon="29.0667202"/>
  <node id="1889560927" lat="38.1553183" lon="29.1047868"/>
  <node id="1889560931" lat="38.1553748" lon="29.1639516"/>
  <node id="1889560933" lat="38.1554037" lon="29.0567900"/>
  <node id="1889560934" lat="38.1554835" lon="29.0660166"/>
  <node id="1889560936" lat="38.1554398" lon="29.2024890"/>
  <node id="1889560938" lat="38.1554759" lon="29.0566146"/>
  <node id="1889560941" lat="38.1555745" lon="29.1055636"/>
  <node id="1889560942" lat="38.1555778" lon="29.0692817"/>
  <node id="1889560943" lat="38.1556323" lon="29.0680631"/>
  <node id="1889560956" lat="38.1558691" lon="29.0684558"/>
  <node id="1889560957" lat="38.1558536" lon="29.2024388"/>
  <node id="1889560959" lat="38.1559784" lon="29.0579803"/>
  <node id="1889560964" lat="38.1560638" lon="29.2024556"/>
  <node id="1889560971" lat="38.1561582" lon="29.0584063"/>
  <node id="1889560972" lat="38.1561492" lon="29.0687805"/>
  <node id="1889560973" lat="38.1561557" lon="29.1620933"/>
  <node id="1889560974" lat="38.1561634" lon="29.0695126"/>
  <node id="1889560976" lat="38.1562739" lon="29.2025725"/>
  <node id="1889560979" lat="38.1563369" lon="29.0582051"/>
  <node id="1889560982" lat="38.1564152" lon="29.1078022"/>
  <node id="1889560987" lat="38.1565466" lon="29.0757849"/>
  <node id="1889560989" lat="38.1565622" lon="29.0696371"/>
  <node id="1889560993" lat="38.1567337" lon="29.1600718"/>
  <node id="1889560997" lat="38.1567994" lon="29.0595674"/>
  <node id="1889560998" lat="38.1570604" lon="29.0696951"/>
  <node id="1889560999" lat="38.1568060" lon="29.2030069"/>
  <node id="1889561003" lat="38.1568606" lon="29.0692176"/>
  <node id="1889561008" lat="38.1571487" lon="29.0696143"/>
  <node id="1889561012" lat="38.1571296" lon="29.0693192"/>
  <node id="1889561017" lat="38.1571672" lon="29.2030904"/>
  <node id="1889561029" lat="38.1574461" lon="29.0691811"/>
  <node id="1889561031" lat="38.1574727" lon="29.0742248"/>
  <node id="1889561032" lat="38.1576216" lon="29.0689782"/>
  <node id="1889561034" lat="38.1575153" lon="29.1106882"/>
  <node id="1889561039" lat="38.1576843" lon="29.0737036"/>
  <node id="1889561042" lat="38.1576401" lon="29.2031155"/>
  <node id="1889561043" lat="38.1576999" lon="29.0688879"/>
  <node id="1889561044" lat="38.1577676" lon="29.0737203"/>
  <node id="1889561045" lat="38.1577552" lon="29.0613259"/>
  <node id="1889561054" lat="38.1581327" lon="29.1122920"/>
  <node id="1889561056" lat="38.1582138" lon="29.2085694"/>
  <node id="1889561059" lat="38.1582987" lon="29.2080592"/>
  <node id="1889561060" lat="38.1585373" lon="29.0687618"/>
  <node id="1889561063" lat="38.1583535" lon="29.2075271"/>
  <node id="1889561065" lat="38.1584235" lon="29.2037489"/>
  <node id="1889561066" lat="38.1583852" lon="29.0637149"/>
  <node id="1889561067" lat="38.1584349" lon="29.1133529"/>
  <node id="1889561069" lat="38.1585066" lon="29.0688998"/>
  <node id="1889561071" lat="38.1585610" lon="29.2040061"/>
  <node id="1889561072" lat="38.1586468" lon="29.2041666"/>
  <node id="1889561075" lat="38.1587834" lon="29.0688664"/>
  <node id="1889561077" lat="38.1587304" lon="29.1146559"/>
  <node id="1889561080" lat="38.1588452" lon="29.0635023"/>
  <node id="1889561081" lat="38.1588092" lon="29.0690395"/>
  <node id="1889561083" lat="38.1589340" lon="29.0689643"/>
  <node id="1889561084" lat="38.1589340" lon="29.1157836"/>
  <node id="1889561086" lat="38.1590194" lon="29.1507414"/>
  <node id="1889561088" lat="38.1591440" lon="29.0641020"/>
  <node id="1889561089" lat="38.1590586" lon="29.1172704"/>
  <node id="1889561092" lat="38.1590423" lon="29.0692192"/>
  <node id="1889561093" lat="38.1592099" lon="29.1495553"/>
  <node id="1889561094" lat="38.1592467" lon="29.0692755"/>
  <node id="1889561098" lat="38.1593019" lon="29.1487032"/>
  <node id="1889561099" lat="38.1593281" lon="29.1468572"/>
  <node id="1889561100" lat="38.1594502" lon="29.0703440"/>
  <node id="1889561101" lat="38.1595508" lon="29.0697007"/>
  <node id="1889561102" lat="38.1596562" lon="29.0653726"/>
  <node id="1889561108" lat="38.1596593" lon="29.0699038"/>
  <node id="1889561111" lat="38.1597914" lon="29.0657694"/>
  <node id="1889561114" lat="38.1598452" lon="29.0686263"/>
  <node id="1889561116" lat="38.1599447" lon="29.0664872"/>
  <node id="1889561119" lat="38.1599913" lon="29.0669403"/>
  <node id="1889561120" lat="38.1599580" lon="29.0677353"/>
  <node id="1889561124" lat="38.1601382" lon="29.0708674"/>
  <node id="1889561127" lat="38.1608124" lon="29.0717526"/>
  <node id="2246129207" lat="38.0945580" lon="29.1565738"/>
  <node id="2246129214" lat="38.0948290" lon="29.1429270"/>
  <node id="2246129219" lat="38.0952211" lon="29.1432648"/>
  <node id="2246129232" lat="38.0962246" lon="29.1445568"/>
  <node id="2246129245" lat="38.0965568" lon="29.1448439"/>
  <node id="2246129250" lat="38.0969888" lon="29.1453758"/>
  <node id="2246129257" lat="38.0979523" lon="29.1468705"/>
  <node id="2246129261" lat="38.0982912" lon="29.1474615"/>
  <node id="2246129262" lat="38.0984374" lon="29.1476389"/>
  <node id="2246129267" lat="38.0988029" lon="29.1478584"/>
  <node id="2246129271" lat="38.0990886" lon="29.1480949"/>
  <node id="2246129276" lat="38.1000176" lon="29.1490446"/>
  <node id="2246129302" lat="38.1002871" lon="29.1493307"/>
  <node id="2246129326" lat="38.1008609" lon="29.1497834"/>
  <node id="2246129335" lat="38.1010456" lon="29.1499151"/>
  <node id="2246129342" lat="38.1014387" lon="29.1509244"/>
  <node id="2246129363" lat="38.1020444" lon="29.1519040"/>
  <node id="2246129371" lat="38.1020872" lon="29.1520313"/>
  <node id="2246129502" lat="38.1047984" lon="29.1449436"/>
  <node id="2246129510" lat="38.1049494" lon="29.1450972"/>
  <node id="2246129521" lat="38.1051421" lon="29.1454012"/>
  <node id="2246129541" lat="38.1055142" lon="29.1458994"/>
  <node id="2246129573" lat="38.1059726" lon="29.1463807"/>
  <node id="2246129576" lat="38.1060765" lon="29.1531077"/>
  <node id="2246129590" lat="38.1064244" lon="29.1467100"/>
  <node id="2246129629" lat="38.1070008" lon="29.1490990"/>
  <node id="2246129702" lat="38.1079327" lon="29.1478500"/>
  <node id="2246129707" lat="38.1080800" lon="29.1484777"/>
  <node id="2246129731" lat="38.1083992" lon="29.1482021"/>
  <node id="2246129735" lat="38.1084556" lon="29.1495174"/>
  <node id="2246129746" lat="38.1085581" lon="29.1498912"/>
  <node id="2246129750" lat="38.1086252" lon="29.1503861"/>
  <node id="2246129753" lat="38.1086056" lon="29.1483614"/>
  <node id="2246129766" lat="38.1087989" lon="29.1514748"/>
  <node id="2246129771" lat="38.1087881" lon="29.1560213"/>
  <node id="2246129774" lat="38.1089480" lon="29.1550567"/>
  <node id="2246129782" lat="38.1089394" lon="29.1521902"/>
  <node id="2246129789" lat="38.1090665" lon="29.1533978"/>
  <node id="2246129793" lat="38.1090556" lon="29.1358002"/>
  <node id="2246129796" lat="38.1090556" lon="29.1364166"/>
  <node id="2246129798" lat="38.1090960" lon="29.1539827"/>
  <node id="2246129799" lat="38.1091420" lon="29.1351584"/>
  <node id="2246129802" lat="38.1091619" lon="29.1368557"/>
  <node id="2246129804" lat="38.1091740" lon="29.1475988"/>
  <node id="2246129810" lat="38.1092748" lon="29.1487282"/>
  <node id="2246129850" lat="38.1097001" lon="29.1472851"/>
  <node id="2246129856" lat="38.1097665" lon="29.1327772"/>
  <node id="2246129869" lat="38.1101898" lon="29.1401481"/>
  <node id="2246129875" lat="38.1101851" lon="29.1491335"/>
  <node id="2246129881" lat="38.1103379" lon="29.1305226"/>
  <node id="2246129888" lat="38.1104800" lon="29.1408102"/>
  <node id="2246129891" lat="38.1104520" lon="29.1469446"/>
  <node id="2246129909" lat="38.1106094" lon="29.1493457"/>
  <node id="2246129929" lat="38.1107811" lon="29.1413606"/>
  <node id="2246129937" lat="38.1108174" lon="29.1468433"/>
  <node id="2246129971" lat="38.1112479" lon="29.1499690"/>
  <node id="2246129994" lat="38.1112946" lon="29.1273054"/>
  <node id="2246130008" lat="38.1114620" lon="29.1425427"/>
  <node id="2246130014" lat="38.1114807" lon="29.1470056"/>
  <node id="2246130071" lat="38.1120388" lon="29.1472673"/>
  <node id="2246130141" lat="38.1129749" lon="29.1457174"/>
  <node id="2246130156" lat="38.1130659" lon="29.1478135"/>
  <node id="2246130161" lat="38.1131911" lon="29.1462900"/>
  <node id="2246130166" lat="38.1132367" lon="29.1478809"/>
  <node id="2246130170" lat="38.1133824" lon="29.1478203"/>
  <node id="2246130175" lat="38.1133887" lon="29.1475573"/>
  <node id="2246130180" lat="38.1135631" lon="29.1448975"/>
  <node id="2246130187" lat="38.1139090" lon="29.1444074"/>
  <node id="2246130192" lat="38.1142497" lon="29.1439665"/>
  <node id="2246130196" lat="38.1143375" lon="29.1458656"/>
  <node id="2246130205" lat="38.1144146" lon="29.1436497"/>
  <node id="2246130210" lat="38.1144312" lon="29.1441008"/>
  <node id="2246130215" lat="38.1146298" lon="29.1440923"/>
  <node id="2246130220" lat="38.1146763" lon="29.1426568"/>
  <node id="2246130225" lat="38.1146830" lon="29.1454603"/>
  <node id="2246130228" lat="38.1147138" lon="29.1441535"/>
  <node id="2246130234" lat="38.1148092" lon="29.1426399"/>
  <node id="2246130242" lat="38.1150218" lon="29.1434421"/>
  <node id="2246130246" lat="38.1152553" lon="29.1429064"/>
  <node id="2246130250" lat="38.1153606" lon="29.1429693"/>
  <node id="2246130256" lat="38.1156862" lon="29.1430368"/>
  <node id="2299991702" lat="38.0981914" lon="29.0664919"/>
  <node id="2299991705" lat="38.0984439" lon="29.0666017"/>
  <node id="2299991707" lat="38.0986433" lon="29.0667199"/>
  <node id="2299991710" lat="38.0989423" lon="29.0666777"/>
  <node id="2299991712" lat="38.0993078" lon="29.0664835"/>
  <node id="2299991714" lat="38.0998594" lon="29.0660613"/>
  <node id="2299991715" lat="38.1000986" lon="29.0659515"/>
  <node id="2299991717" lat="38.1003844" lon="29.0659515"/>
  <node id="2299991719" lat="38.1009093" lon="29.0661035"/>
  <node id="2299991721" lat="38.1010821" lon="29.0660782"/>
  <node id="2299991723" lat="38.1012482" lon="29.0659768"/>
  <node id="2299991725" lat="38.1013346" lon="29.0658502"/>
  <node id="2299991726" lat="38.1013745" lon="29.0656644"/>
  <node id="2299991728" lat="38.1014210" lon="29.0649804"/>
  <node id="2299991730" lat="38.1014941" lon="29.0646679"/>
  <node id="2299991732" lat="38.1016204" lon="29.0643724"/>
  <node id="2299991734" lat="38.1020456" lon="29.0638150"/>
  <node id="2299991736" lat="38.1023912" lon="29.0634350"/>
  <node id="2299991737" lat="38.1027168" lon="29.0629452"/>
  <node id="2299991738" lat="38.1030009" lon="29.0606497"/>
  <node id="2299991739" lat="38.1030619" lon="29.0411364"/>
  <node id="2299991740" lat="38.1030760" lon="29.0414051"/>
  <node id="2299991741" lat="38.1031022" lon="29.0625906"/>
  <node id="2299991743" lat="38.1031606" lon="29.0408080"/>
  <node id="2299991745" lat="38.1031794" lon="29.0415902"/>
  <node id="2299991747" lat="38.1033814" lon="29.0419544"/>
  <node id="2299991748" lat="38.1034613" lon="29.0606139"/>
  <node id="2299991750" lat="38.1035271" lon="29.0422948"/>
  <node id="2299991752" lat="38.1035412" lon="29.0434651"/>
  <node id="2299991754" lat="38.1035459" lon="29.0430053"/>
  <node id="2299991756" lat="38.1035506" lon="29.0399899"/>
  <node id="2299991758" lat="38.1035674" lon="29.0622866"/>
  <node id="2299991760" lat="38.1035788" lon="29.0425933"/>
  <node id="2299991762" lat="38.1036164" lon="29.0580286"/>
  <node id="2299991764" lat="38.1036258" lon="29.0451376"/>
  <node id="2299991766" lat="38.1036352" lon="29.0604826"/>
  <node id="2299991768" lat="38.1036399" lon="29.0437279"/>
  <node id="2299991770" lat="38.1036587" lon="29.0452451"/>
  <node id="2299991771" lat="38.1036962" lon="29.0450117"/>
  <node id="2299991773" lat="38.1037620" lon="29.0452630"/>
  <node id="2299991775" lat="38.1037808" lon="29.0582674"/>
  <node id="2299991777" lat="38.1038325" lon="29.0602795"/>
  <node id="2299991779" lat="38.1038372" lon="29.0447549"/>
  <node id="2299991781" lat="38.1038889" lon="29.0443429"/>
  <node id="2299991783" lat="38.1039124" lon="29.0445519"/>
  <node id="2299991785" lat="38.1039453" lon="29.0405094"/>
  <node id="2299991787" lat="38.1039453" lon="29.0585420"/>
  <node id="2299991789" lat="38.1039500" lon="29.0600049"/>
  <node id="2299991791" lat="38.1039735" lon="29.0401332"/>
  <node id="2299991792" lat="38.1039923" lon="29.0393152"/>
  <node id="2299991794" lat="38.1039926" lon="29.0621684"/>
  <node id="2299991796" lat="38.1040157" lon="29.0453466"/>
  <node id="2299991798" lat="38.1040158" lon="29.0397033"/>
  <node id="2299991800" lat="38.1040299" lon="29.0408139"/>
  <node id="2299991802" lat="38.1040486" lon="29.0587033"/>
  <node id="2299991804" lat="38.1040486" lon="29.0598496"/>
  <node id="2299991805" lat="38.1040627" lon="29.0392495"/>
  <node id="2299991807" lat="38.1041191" lon="29.0392853"/>
  <node id="2299991809" lat="38.1041285" lon="29.0597720"/>
  <node id="2299991811" lat="38.1041379" lon="29.0411782"/>
  <node id="2299991813" lat="38.1041426" lon="29.0454600"/>
  <node id="2299991815" lat="38.1041426" lon="29.0587689"/>
  <node id="2299991817" lat="38.1041473" lon="29.0394227"/>
  <node id="2299991818" lat="38.1041943" lon="29.0413633"/>
  <node id="2299991820" lat="38.1042789" lon="29.0413812"/>
  <node id="2299991822" lat="38.1042929" lon="29.0587510"/>
  <node id="2299991824" lat="38.1042976" lon="29.0597183"/>
  <node id="2299991826" lat="38.1043515" lon="29.0620417"/>
  <node id="2299991828" lat="38.1043588" lon="29.0412916"/>
  <node id="2299991830" lat="38.1043775" lon="29.0458780"/>
  <node id="2299991832" lat="38.1043963" lon="29.0596825"/>
  <node id="2299991834" lat="38.1044277" lon="29.0597823"/>
  <node id="2299991835" lat="38.1044339" lon="29.0593959"/>
  <node id="2299991837" lat="38.1044621" lon="29.0598914"/>
  <node id="2299991839" lat="38.1045091" lon="29.0586734"/>
  <node id="2299991841" lat="38.1045375" lon="29.0618981"/>
  <node id="2299991843" lat="38.1045795" lon="29.0460930"/>
  <node id="2299991845" lat="38.1045936" lon="29.0600706"/>
  <node id="2299991847" lat="38.1046078" lon="29.0408856"/>
  <node id="2299991849" lat="38.1046359" lon="29.0602079"/>
  <node id="2299991851" lat="38.1046406" lon="29.0586674"/>
  <node id="2299991853" lat="38.1047017" lon="29.0464273"/>
  <node id="2299991855" lat="38.1047111" lon="29.0586734"/>
  <node id="2299991856" lat="38.1047158" lon="29.0601780"/>
  <node id="2299991858" lat="38.1047158" lon="29.0603751"/>
  <node id="2299991860" lat="38.1047440" lon="29.0598377"/>
  <node id="2299991862" lat="38.1047534" lon="29.0574494"/>
  <node id="2299991864" lat="38.1047581" lon="29.0580942"/>
  <node id="2299991866" lat="38.1047628" lon="29.0584764"/>
  <node id="2299991868" lat="38.1047722" lon="29.0605005"/>
  <node id="2299991869" lat="38.1047910" lon="29.0407363"/>
  <node id="2299991870" lat="38.1048004" lon="29.0594018"/>
  <node id="2299991871" lat="38.1048051" lon="29.0591212"/>
  <node id="2299991872" lat="38.1048145" lon="29.0587749"/>
  <node id="2299991873" lat="38.1048192" lon="29.0471558"/>
  <node id="2299991875" lat="38.1048286" lon="29.0589600"/>
  <node id="2299991877" lat="38.1048614" lon="29.0572703"/>
  <node id="2299991879" lat="38.1049037" lon="29.0591332"/>
  <node id="2299991881" lat="38.1049179" lon="29.0407482"/>
  <node id="2299991883" lat="38.1049428" lon="29.0613830"/>
  <node id="2299991914" lat="38.1049507" lon="29.0582734"/>
  <node id="2299991917" lat="38.1049507" lon="29.0606975"/>
  <node id="2299991918" lat="38.1049554" lon="29.0475319"/>
  <node id="2299991921" lat="38.1049554" lon="29.0578255"/>
  <node id="2299991923" lat="38.1049883" lon="29.0588286"/>
  <node id="2299991925" lat="38.1050212" lon="29.0592585"/>
  <node id="2299991926" lat="38.1050401" lon="29.0401571"/>
  <node id="2299991928" lat="38.1050401" lon="29.0407721"/>
  <node id="2299991930" lat="38.1050494" lon="29.0608707"/>
  <node id="2299991932" lat="38.1050635" lon="29.0590316"/>
  <node id="2299991934" lat="38.1050917" lon="29.0399780"/>
  <node id="2299991936" lat="38.1051011" lon="29.0407363"/>
  <node id="2299991938" lat="38.1051199" lon="29.0406109"/>
  <node id="2299991940" lat="38.1051904" lon="29.0398167"/>
  <node id="2299991942" lat="38.1052044" lon="29.0593481"/>
  <node id="2299991944" lat="38.1052086" lon="29.0610283"/>
  <node id="2299991946" lat="38.1052609" lon="29.0397212"/>
  <node id="2299991947" lat="38.1052890" lon="29.0482663"/>
  <node id="2299991949" lat="38.1052984" lon="29.0613722"/>
  <node id="2299991951" lat="38.1053078" lon="29.0594436"/>
  <node id="2299991953" lat="38.1053173" lon="29.0395361"/>
  <node id="2299991955" lat="38.1053219" lon="29.0612767"/>
  <node id="2299991956" lat="38.1053220" lon="29.0392137"/>
  <node id="2299991957" lat="38.1053454" lon="29.0614080"/>
  <node id="2299991958" lat="38.1053548" lon="29.0592585"/>
  <node id="2299991959" lat="38.1054017" lon="29.0516876"/>
  <node id="2299991960" lat="38.1054205" lon="29.0518010"/>
  <node id="2299991961" lat="38.1054252" lon="29.0611632"/>
  <node id="2299991962" lat="38.1054675" lon="29.0610259"/>
  <node id="2299991963" lat="38.1055146" lon="29.0387121"/>
  <node id="2299991964" lat="38.1055192" lon="29.0591809"/>
  <node id="2299991965" lat="38.1055239" lon="29.0518428"/>
  <node id="2299991967" lat="38.1055286" lon="29.0612767"/>
  <node id="2299991969" lat="38.1055342" lon="29.0605808"/>
  <node id="2299991971" lat="38.1055380" lon="29.0487201"/>
  <node id="2299991973" lat="38.1055568" lon="29.0494008"/>
  <node id="2299991975" lat="38.1055756" lon="29.0514786"/>
  <node id="2299991977" lat="38.1055803" lon="29.0489112"/>
  <node id="2299991979" lat="38.1056508" lon="29.0611035"/>
  <node id="2299991981" lat="38.1056602" lon="29.0495918"/>
  <node id="2299991988" lat="38.1056742" lon="29.0595929"/>
  <node id="2299991990" lat="38.1057118" lon="29.0592705"/>
  <node id="2299991992" lat="38.1057165" lon="29.0609841"/>
  <node id="2299991994" lat="38.1057259" lon="29.0591511"/>
  <node id="2299991996" lat="38.1057269" lon="29.0604879"/>
  <node id="2299991998" lat="38.1057447" lon="29.0596586"/>
  <node id="2299992001" lat="38.1058066" lon="29.0590436"/>
  <node id="2299992003" lat="38.1057823" lon="29.0542729"/>
  <node id="2299992005" lat="38.1057823" lon="29.0545774"/>
  <node id="2299992007" lat="38.1057917" lon="29.0552641"/>
  <node id="2299992009" lat="38.1057917" lon="29.0609184"/>
  <node id="2299992012" lat="38.1057917" lon="29.0609841"/>
  <node id="2299992014" lat="38.1058105" lon="29.0511323"/>
  <node id="2299992016" lat="38.1058105" lon="29.0594078"/>
  <node id="2299992018" lat="38.1058149" lon="29.0597686"/>
  <node id="2299992021" lat="38.1058152" lon="29.0599452"/>
  <node id="2299992023" lat="38.1058246" lon="29.0610856"/>
  <node id="2299992025" lat="38.1058341" lon="29.0383240"/>
  <node id="2299992027" lat="38.1058387" lon="29.0595989"/>
  <node id="2299992030" lat="38.1058575" lon="29.0601960"/>
  <node id="2299992032" lat="38.1058622" lon="29.0560701"/>
  <node id="2299992034" lat="38.1058665" lon="29.0604541"/>
  <node id="2299992036" lat="38.1058904" lon="29.0533116"/>
  <node id="2299992038" lat="38.1058951" lon="29.0530370"/>
  <node id="2299992040" lat="38.1058998" lon="29.0538490"/>
  <node id="2299992043" lat="38.1058998" lon="29.0609662"/>
  <node id="2299992045" lat="38.1058998" lon="29.0613782"/>
  <node id="2299992047" lat="38.1059092" lon="29.0536400"/>
  <node id="2299992049" lat="38.1059467" lon="29.0527862"/>
  <node id="2299992052" lat="38.1059861" lon="29.0604795"/>
  <node id="2299992054" lat="38.1059890" lon="29.0508099"/>
  <node id="2299992056" lat="38.1059890" lon="29.0614856"/>
  <node id="2299992058" lat="38.1059937" lon="29.0600168"/>
  <node id="2299992060" lat="38.1059918" lon="29.0589013"/>
  <node id="2299992062" lat="38.1060031" lon="29.0517413"/>
  <node id="2299992076" lat="38.1060407" lon="29.0591690"/>
  <node id="2299992079" lat="38.1060501" lon="29.0564403"/>
  <node id="2299992081" lat="38.1060501" lon="29.0612349"/>
  <node id="2299992083" lat="38.1060595" lon="29.0615931"/>
  <node id="2299992085" lat="38.1060689" lon="29.0524041"/>
  <node id="2299992087" lat="38.1060877" lon="29.0498665"/>
  <node id="2299992089" lat="38.1060878" lon="29.0380612"/>
  <node id="2299992091" lat="38.1060924" lon="29.0590555"/>
  <node id="2299992093" lat="38.1060971" lon="29.0593600"/>
  <node id="2299992095" lat="38.1061206" lon="29.0601542"/>
  <node id="2299992097" lat="38.1061347" lon="29.0502904"/>
  <node id="2299992099" lat="38.1061441" lon="29.0517951"/>
  <node id="2299992101" lat="38.1061488" lon="29.0499919"/>
  <node id="2299992104" lat="38.1061488" lon="29.0567448"/>
  <node id="2299992106" lat="38.1061582" lon="29.0589421"/>
  <node id="2299992108" lat="38.1061629" lon="29.0618439"/>
  <node id="2299992110" lat="38.1061676" lon="29.0595511"/>
  <node id="2299992112" lat="38.1061723" lon="29.0574076"/>
  <node id="2299992114" lat="38.1061864" lon="29.0521055"/>
  <node id="2299992117" lat="38.1061911" lon="29.0519145"/>
  <node id="2299992119" lat="38.1061911" lon="29.0570971"/>
  <node id="2299992121" lat="38.1062004" lon="29.0598138"/>
  <node id="2299992123" lat="38.1062380" lon="29.0601840"/>
  <node id="2299992125" lat="38.1062474" lon="29.0614797"/>
  <node id="2299992127" lat="38.1062568" lon="29.0620051"/>
  <node id="2299992158" lat="38.1062803" lon="29.0592347"/>
  <node id="2299992162" lat="38.1062850" lon="29.0599870"/>
  <node id="2299992164" lat="38.1062897" lon="29.0577957"/>
  <node id="2299992167" lat="38.1062946" lon="29.0377866"/>
  <node id="2299992170" lat="38.1062991" lon="29.0586555"/>
  <node id="2299992173" lat="38.1062991" lon="29.0591451"/>
  <node id="2299992176" lat="38.1063181" lon="29.0579760"/>
  <node id="2299992178" lat="38.1063226" lon="29.0603572"/>
  <node id="2299992180" lat="38.1063273" lon="29.0594018"/>
  <node id="2299992182" lat="38.1063508" lon="29.0585122"/>
  <node id="2299992185" lat="38.1063696" lon="29.0583032"/>
  <node id="2299992187" lat="38.1063743" lon="29.0620051"/>
  <node id="2299992189" lat="38.1063781" lon="29.0607919"/>
  <node id="2299992191" lat="38.1063884" lon="29.0617125"/>
  <node id="2299992193" lat="38.1064214" lon="29.0377627"/>
  <node id="2299992198" lat="38.1064495" lon="29.0581181"/>
  <node id="2299992200" lat="38.1064495" lon="29.0589839"/>
  <node id="2299992202" lat="38.1064589" lon="29.0597780"/>
  <node id="2299992204" lat="38.1064635" lon="29.0621245"/>
  <node id="2299992207" lat="38.1064776" lon="29.0593660"/>
  <node id="2299992209" lat="38.1064776" lon="29.0602855"/>
  <node id="2299992211" lat="38.1064823" lon="29.0591869"/>
  <node id="2299992213" lat="38.1065199" lon="29.0589958"/>
  <node id="2299992215" lat="38.1065387" lon="29.0584644"/>
  <node id="2299992217" lat="38.1065481" lon="29.0587749"/>
  <node id="2299992219" lat="38.1065671" lon="29.0378283"/>
  <node id="2299992221" lat="38.1065775" lon="29.0609777"/>
  <node id="2299992224" lat="38.1065810" lon="29.0622260"/>
  <node id="2299992226" lat="38.1065857" lon="29.0620111"/>
  <node id="2299992228" lat="38.1066327" lon="29.0601183"/>
  <node id="2299992230" lat="38.1067220" lon="29.0597481"/>
  <node id="2299992232" lat="38.1067236" lon="29.0613915"/>
  <node id="2299992234" lat="38.1067454" lon="29.0603512"/>
  <node id="2299992236" lat="38.1067501" lon="29.0621365"/>
  <node id="2299992238" lat="38.1067736" lon="29.0624589"/>
  <node id="2299992240" lat="38.1067830" lon="29.0610617"/>
  <node id="2299992242" lat="38.1068114" lon="29.0380672"/>
  <node id="2299992244" lat="38.1068300" lon="29.0606736"/>
  <node id="2299992246" lat="38.1068300" lon="29.0616279"/>
  <node id="2299992248" lat="38.1068488" lon="29.0605841"/>
  <node id="2299992251" lat="38.1068488" lon="29.0611095"/>
  <node id="2299992253" lat="38.1068958" lon="29.0627455"/>
  <node id="2299992255" lat="38.1069099" lon="29.0621902"/>
  <node id="2299992258" lat="38.1069146" lon="29.0629425"/>
  <node id="2299992260" lat="38.1069193" lon="29.0612826"/>
  <node id="2299992261" lat="38.1069383" lon="29.0381030"/>
  <node id="2299992263" lat="38.1069522" lon="29.0630321"/>
  <node id="2299992265" lat="38.1069803" lon="29.0601960"/>
  <node id="2299992267" lat="38.1069803" lon="29.0622081"/>
  <node id="2299992269" lat="38.1070179" lon="29.0613841"/>
  <node id="2299992271" lat="38.1070414" lon="29.0603870"/>
  <node id="2299992273" lat="38.1070588" lon="29.0251110"/>
  <node id="2299992275" lat="38.1070884" lon="29.0623156"/>
  <node id="2299992277" lat="38.1071072" lon="29.0606975"/>
  <node id="2299992279" lat="38.1071223" lon="29.0619319"/>
  <node id="2299992281" lat="38.1071401" lon="29.0624469"/>
  <node id="2299992284" lat="38.1071448" lon="29.0608587"/>
  <node id="2299992286" lat="38.1071683" lon="29.0611453"/>
  <node id="2299992288" lat="38.1071918" lon="29.0604885"/>
  <node id="2299992290" lat="38.1071918" lon="29.0609542"/>
  <node id="2299992292" lat="38.1071965" lon="29.0610557"/>
  <node id="2299992294" lat="38.1072012" lon="29.0614200"/>
  <node id="2299992296" lat="38.1072294" lon="29.0631515"/>
  <node id="2299992298" lat="38.1072481" lon="29.0625962"/>
  <node id="2299992301" lat="38.1073280" lon="29.0611393"/>
  <node id="2299992303" lat="38.1074222" lon="29.0622247"/>
  <node id="2299992305" lat="38.1073562" lon="29.0626977"/>
  <node id="2299992307" lat="38.1073609" lon="29.0632709"/>
  <node id="2299992309" lat="38.1073658" lon="29.0379597"/>
  <node id="2299992311" lat="38.1073703" lon="29.0611990"/>
  <node id="2299992313" lat="38.1073801" lon="29.0627539"/>
  <node id="2299992315" lat="38.1074173" lon="29.0628410"/>
  <node id="2299992317" lat="38.1074220" lon="29.0614021"/>
  <node id="2299992319" lat="38.1074455" lon="29.0605243"/>
  <node id="2299992321" lat="38.1074643" lon="29.0629425"/>
  <node id="2299992323" lat="38.1074784" lon="29.0632709"/>
  <node id="2299992325" lat="38.1074878" lon="29.0615573"/>
  <node id="2299992328" lat="38.1074910" lon="29.0630033"/>
  <node id="2299992331" lat="38.1075112" lon="29.0626619"/>
  <node id="2299992340" lat="38.1076332" lon="29.0616542"/>
  <node id="2299992343" lat="38.1075535" lon="29.0631455"/>
  <node id="2299992346" lat="38.1075629" lon="29.0625186"/>
  <node id="2299992349" lat="38.1075675" lon="29.0622697"/>
  <node id="2299992352" lat="38.1075958" lon="29.0624410"/>
  <node id="2299992355" lat="38.1076005" lon="29.0632709"/>
  <node id="2299992357" lat="38.1077368" lon="29.0619024"/>
  <node id="2299992360" lat="38.1076435" lon="29.0252968"/>
  <node id="2299992363" lat="38.1077270" lon="29.0621937"/>
  <node id="2299992366" lat="38.1077461" lon="29.0606676"/>
  <node id="2299992369" lat="38.1078491" lon="29.0618082"/>
  <node id="2299992372" lat="38.1077837" lon="29.0633306"/>
  <node id="2299992375" lat="38.1078200" lon="29.0622275"/>
  <node id="2299992378" lat="38.1078931" lon="29.0624132"/>
  <node id="2299992382" lat="38.1079153" lon="29.0616349"/>
  <node id="2299992383" lat="38.1079340" lon="29.0625896"/>
  <node id="2299992385" lat="38.1079623" lon="29.0606796"/>
  <node id="2299992387" lat="38.1079852" lon="29.0628103"/>
  <node id="2299992388" lat="38.1080092" lon="29.0633008"/>
  <node id="2299992406" lat="38.1080424" lon="29.0379000"/>
  <node id="2299992407" lat="38.1080459" lon="29.0630719"/>
  <node id="2299992408" lat="38.1080731" lon="29.0625780"/>
  <node id="2299992409" lat="38.1081032" lon="29.0627335"/>
  <node id="2299992411" lat="38.1081075" lon="29.0632675"/>
  <node id="2299992413" lat="38.1081257" lon="29.0633253"/>
  <node id="2299992415" lat="38.1081408" lon="29.0608289"/>
  <node id="2299992417" lat="38.1081408" lon="29.0625723"/>
  <node id="2299992418" lat="38.1082207" lon="29.0614737"/>
  <node id="2299992421" lat="38.1082582" lon="29.0626261"/>
  <node id="2299992422" lat="38.1082718" lon="29.0634688"/>
  <node id="2299992424" lat="38.1083055" lon="29.0377925"/>
  <node id="2299992426" lat="38.1083193" lon="29.0627097"/>
  <node id="2299992428" lat="38.1083616" lon="29.0629246"/>
  <node id="2299992430" lat="38.1083810" lon="29.0253390"/>
  <node id="2299992432" lat="38.1083992" lon="29.0608229"/>
  <node id="2299992434" lat="38.1084321" lon="29.0630679"/>
  <node id="2299992436" lat="38.1085028" lon="29.0377089"/>
  <node id="2299992438" lat="38.1086388" lon="29.0608587"/>
  <node id="2299992440" lat="38.1086764" lon="29.0622678"/>
  <node id="2299992442" lat="38.1086764" lon="29.0631336"/>
  <node id="2299992444" lat="38.1087502" lon="29.0637728"/>
  <node id="2299992446" lat="38.1087609" lon="29.0621663"/>
  <node id="2299992447" lat="38.1087844" lon="29.0631813"/>
  <node id="2299992449" lat="38.1087894" lon="29.0378224"/>
  <node id="2299992451" lat="38.1088032" lon="29.0608886"/>
  <node id="2299992454" lat="38.1089113" lon="29.0610319"/>
  <node id="2299992456" lat="38.1089363" lon="29.0640177"/>
  <node id="2299992458" lat="38.1089429" lon="29.0649719"/>
  <node id="2299992459" lat="38.1089489" lon="29.0638142"/>
  <node id="2299992461" lat="38.1089677" lon="29.0619932"/>
  <node id="2299992463" lat="38.1089723" lon="29.0614021"/>
  <node id="2299992465" lat="38.1089770" lon="29.0637008"/>
  <node id="2299992467" lat="38.1089828" lon="29.0651999"/>
  <node id="2299992469" lat="38.1089894" lon="29.0645075"/>
  <node id="2299992471" lat="38.1089958" lon="29.0641008"/>
  <node id="2299992473" lat="38.1089961" lon="29.0642795"/>
  <node id="2299992476" lat="38.1090240" lon="29.0616051"/>
  <node id="2299992478" lat="38.1090287" lon="29.0632649"/>
  <node id="2299992480" lat="38.1090522" lon="29.0618558"/>
  <node id="2299992487" lat="38.1090663" lon="29.0617125"/>
  <node id="2299992490" lat="38.1090757" lon="29.0636710"/>
  <node id="2299992492" lat="38.1090898" lon="29.0633605"/>
  <node id="2299992494" lat="38.1091133" lon="29.0634918"/>
  <node id="2299992498" lat="38.1092499" lon="29.0379776"/>
  <node id="2299992499" lat="38.1092685" lon="29.0658248"/>
  <node id="2299992500" lat="38.1094280" lon="29.0663315"/>
  <node id="2299992501" lat="38.1094878" lon="29.0667959"/>
  <node id="2299992502" lat="38.1095409" lon="29.0674546"/>
  <node id="2299992503" lat="38.1097009" lon="29.0380433"/>
  <node id="2299992504" lat="38.1098043" lon="29.0381568"/>
  <node id="2299992505" lat="38.1098982" lon="29.0384434"/>
  <node id="2299992506" lat="38.1099329" lon="29.0688142"/>
  <node id="2299992507" lat="38.1100155" lon="29.0254065"/>
  <node id="2299992508" lat="38.1100326" lon="29.0696586"/>
  <node id="2299992509" lat="38.1101097" lon="29.0386225"/>
  <node id="2299992510" lat="38.1102083" lon="29.0387479"/>
  <node id="2299992511" lat="38.1102519" lon="29.0704355"/>
  <node id="2299992512" lat="38.1102741" lon="29.0389390"/>
  <node id="2299992513" lat="38.1103681" lon="29.0390345"/>
  <node id="2299992514" lat="38.1105044" lon="29.0711955"/>
  <node id="2299992515" lat="38.1105795" lon="29.0390883"/>
  <node id="2299992516" lat="38.1106334" lon="29.0325589"/>
  <node id="2299992517" lat="38.1106334" lon="29.0330993"/>
  <node id="2299992518" lat="38.1106467" lon="29.0318073"/>
  <node id="2299992519" lat="38.1107397" lon="29.0313091"/>
  <node id="2299992520" lat="38.1107862" lon="29.0335806"/>
  <node id="2299992521" lat="38.1108614" lon="29.0390942"/>
  <node id="2299992522" lat="38.1108660" lon="29.0257021"/>
  <node id="2299992523" lat="38.1110254" lon="29.0306167"/>
  <node id="2299992524" lat="38.1110852" lon="29.0339015"/>
  <node id="2299992525" lat="38.1111156" lon="29.0723609"/>
  <node id="2299992526" lat="38.1111574" lon="29.0391719"/>
  <node id="2299992527" lat="38.1111903" lon="29.0402825"/>
  <node id="2299992528" lat="38.1111997" lon="29.0404258"/>
  <node id="2299992529" lat="38.1112701" lon="29.0403780"/>
  <node id="2299992530" lat="38.1113547" lon="29.0391241"/>
  <node id="2299992531" lat="38.1113548" lon="29.0729773"/>
  <node id="2299992532" lat="38.1114064" lon="29.0398048"/>
  <node id="2299992533" lat="38.1114675" lon="29.0399601"/>
  <node id="2299992534" lat="38.1115104" lon="29.0298905"/>
  <node id="2299992535" lat="38.1115426" lon="29.0394107"/>
  <node id="2299992536" lat="38.1116084" lon="29.0390405"/>
  <node id="2299992537" lat="38.1116101" lon="29.0342393"/>
  <node id="2299992538" lat="38.1116605" lon="29.0737711"/>
  <node id="2299992539" lat="38.1117071" lon="29.0390704"/>
  <node id="2299992540" lat="38.1117259" lon="29.0391539"/>
  <node id="2299992541" lat="38.1117306" lon="29.0396675"/>
  <node id="2299992542" lat="38.1117828" lon="29.0293923"/>
  <node id="2299992543" lat="38.1118598" lon="29.0740835"/>
  <node id="2299992544" lat="38.1120752" lon="29.0290292"/>
  <node id="2299992545" lat="38.1121721" lon="29.0744382"/>
  <node id="2299992546" lat="38.1122119" lon="29.0786774"/>
  <node id="2299992547" lat="38.1122755" lon="29.0394465"/>
  <node id="2299992548" lat="38.1122944" lon="29.0344419"/>
  <node id="2299992549" lat="38.1123448" lon="29.0748013"/>
  <node id="2299992550" lat="38.1123742" lon="29.0372253"/>
  <node id="2299992551" lat="38.1123742" lon="29.0373148"/>
  <node id="2299992552" lat="38.1123941" lon="29.0288772"/>
  <node id="2299992553" lat="38.1124400" lon="29.0374343"/>
  <node id="2299992554" lat="38.1124541" lon="29.0371954"/>
  <node id="2299992555" lat="38.1124870" lon="29.0376552"/>
  <node id="2299992556" lat="38.1124910" lon="29.0755107"/>
  <node id="2299992557" lat="38.1124917" lon="29.0364848"/>
  <node id="2299992558" lat="38.1125245" lon="29.0372790"/>
  <node id="2299992559" lat="38.1125480" lon="29.0364012"/>
  <node id="2299992560" lat="38.1125527" lon="29.0365207"/>
  <node id="2299992561" lat="38.1125527" lon="29.0392973"/>
  <node id="2299992562" lat="38.1125762" lon="29.0381150"/>
  <node id="2299992563" lat="38.1126372" lon="29.0757978"/>
  <node id="2299992564" lat="38.1126399" lon="29.0346193"/>
  <node id="2299992565" lat="38.1126467" lon="29.0374761"/>
  <node id="2299992566" lat="38.1126504" lon="29.0778414"/>
  <node id="2299992567" lat="38.1126749" lon="29.0364789"/>
  <node id="2299992568" lat="38.1126864" lon="29.0284212"/>
  <node id="2299992569" lat="38.1127641" lon="29.0356369"/>
  <node id="2299992570" lat="38.1127782" lon="29.0385509"/>
  <node id="2299992571" lat="38.1127923" lon="29.0376373"/>
  <node id="2299992572" lat="38.1128017" lon="29.0347950"/>
  <node id="2299992573" lat="38.1128033" lon="29.0760173"/>
  <node id="2299992574" lat="38.1128111" lon="29.0355593"/>
  <node id="2299992575" lat="38.1128158" lon="29.0364789"/>
  <node id="2299992576" lat="38.1128534" lon="29.0356907"/>
  <node id="2299992577" lat="38.1128963" lon="29.0763213"/>
  <node id="2299992578" lat="38.1129051" lon="29.0362400"/>
  <node id="2299992579" lat="38.1129190" lon="29.0346277"/>
  <node id="2299992580" lat="38.1129361" lon="29.0773769"/>
  <node id="2299992581" lat="38.1129521" lon="29.0365326"/>
  <node id="2299992582" lat="38.1129662" lon="29.0348249"/>
  <node id="2299992583" lat="38.1129721" lon="29.0265719"/>
  <node id="2299992584" lat="38.1129756" lon="29.0356369"/>
  <node id="2299992585" lat="38.1129826" lon="29.0771067"/>
  <node id="2299992586" lat="38.1130272" lon="29.0392674"/>
  <node id="2299992587" lat="38.1130554" lon="29.0389629"/>
  <node id="2299992588" lat="38.1130836" lon="29.0391301"/>
  <node id="2299992589" lat="38.1131050" lon="29.0278047"/>
  <node id="2299992590" lat="38.1131212" lon="29.0356250"/>
  <node id="2299992591" lat="38.1131212" lon="29.0366938"/>
  <node id="2299992592" lat="38.1131400" lon="29.0362460"/>
  <node id="2299992593" lat="38.1131447" lon="29.0348189"/>
  <node id="2299992594" lat="38.1131729" lon="29.0378463"/>
  <node id="2299992596" lat="38.1132246" lon="29.0268505"/>
  <node id="2299992597" lat="38.1132293" lon="29.0369267"/>
  <node id="2299992598" lat="38.1132445" lon="29.0275430"/>
  <node id="2299992599" lat="38.1132527" lon="29.0354279"/>
  <node id="2299992600" lat="38.1132856" lon="29.0348368"/>
  <node id="2299992601" lat="38.1132910" lon="29.0271967"/>
  <node id="2299992602" lat="38.1133044" lon="29.0357026"/>
  <node id="2299992603" lat="38.1133044" lon="29.0372133"/>
  <node id="2299992604" lat="38.1133373" lon="29.0375776"/>
  <node id="2299992605" lat="38.1133467" lon="29.0363415"/>
  <node id="2299992606" lat="38.1133508" lon="29.0347122"/>
  <node id="2299992607" lat="38.1134219" lon="29.0358280"/>
  <node id="2299992608" lat="38.1134266" lon="29.0378164"/>
  <node id="2299992609" lat="38.1134360" lon="29.0380971"/>
  <node id="2299992610" lat="38.1134970" lon="29.0350279"/>
  <node id="2299992611" lat="38.1135064" lon="29.0354459"/>
  <node id="2299992612" lat="38.1135440" lon="29.0381388"/>
  <node id="2299992613" lat="38.1135487" lon="29.0379776"/>
  <node id="2299992614" lat="38.1135581" lon="29.0366102"/>
  <node id="2299992615" lat="38.1135769" lon="29.0361803"/>
  <node id="2299992616" lat="38.1135816" lon="29.0380911"/>
  <node id="2299992617" lat="38.1136427" lon="29.0364251"/>
  <node id="2299992618" lat="38.1136564" lon="29.0349064"/>
  <node id="2299992619" lat="38.1136709" lon="29.0355414"/>
  <node id="2299992620" lat="38.1136991" lon="29.0352787"/>
  <node id="2299992621" lat="38.1137554" lon="29.0366281"/>
  <node id="2299992622" lat="38.1137601" lon="29.0356548"/>
  <node id="2299992623" lat="38.1138024" lon="29.0368909"/>
  <node id="2299992624" lat="38.1138212" lon="29.0356548"/>
  <node id="2299992625" lat="38.1138400" lon="29.0355474"/>
  <node id="2299992626" lat="38.1138690" lon="29.0351428"/>
  <node id="2299992627" lat="38.1138729" lon="29.0367834"/>
  <node id="2299992628" lat="38.1138729" lon="29.0368909"/>
  <node id="2299992636" lat="38.1142280" lon="29.0364276"/>
  <node id="2299992637" lat="38.1143208" lon="29.0416280"/>
  <node id="2299992638" lat="38.1143474" lon="29.0451493"/>
  <node id="2299992639" lat="38.1143607" lon="29.0411298"/>
  <node id="2299992641" lat="38.1143873" lon="29.0454871"/>
  <node id="2299992642" lat="38.1144138" lon="29.0418223"/>
  <node id="2299992643" lat="38.1144138" lon="29.0448960"/>
  <node id="2299992644" lat="38.1144471" lon="29.0371019"/>
  <node id="2299992645" lat="38.1144537" lon="29.0408512"/>
  <node id="2299992649" lat="38.1145799" lon="29.0373806"/>
  <node id="2299992650" lat="38.1145999" lon="29.0420587"/>
  <node id="2299992651" lat="38.1146198" lon="29.0459093"/>
  <node id="2299992652" lat="38.1146729" lon="29.0446511"/>
  <node id="2299992654" lat="38.1147261" lon="29.0406907"/>
  <node id="2299992659" lat="38.1148125" lon="29.0461035"/>
  <node id="2299992661" lat="38.1148191" lon="29.0376508"/>
  <node id="2299992662" lat="38.1148191" lon="29.0386979"/>
  <node id="2299992664" lat="38.1148523" lon="29.0392636"/>
  <node id="2299992665" lat="38.1148723" lon="29.0405472"/>
  <node id="2299992667" lat="38.1148855" lon="29.0443640"/>
  <node id="2299992668" lat="38.1149055" lon="29.0378028"/>
  <node id="2299992669" lat="38.1149055" lon="29.0381321"/>
  <node id="2299992672" lat="38.1149786" lon="29.0403530"/>
  <node id="2299992673" lat="38.1149918" lon="29.0400912"/>
  <node id="2299992674" lat="38.1150184" lon="29.0440178"/>
  <node id="2299992675" lat="38.1150384" lon="29.0462049"/>
  <node id="2299992678" lat="38.1151314" lon="29.0424049"/>
  <node id="2299992684" lat="38.1152244" lon="29.0426160"/>
  <node id="2299992690" lat="38.1153838" lon="29.0462977"/>
  <node id="2299992694" lat="38.1154569" lon="29.0471337"/>
  <node id="2299992695" lat="38.1154702" lon="29.0473786"/>
  <node id="2299992698" lat="38.1155101" lon="29.0464666"/>
  <node id="2299992700" lat="38.1155632" lon="29.0467453"/>
  <node id="2299992702" lat="38.1155831" lon="29.0479022"/>
  <node id="2299992706" lat="38.1156014" lon="29.0484015"/>
  <node id="2299992709" lat="38.1156625" lon="29.0488374"/>
  <node id="2299992716" lat="38.1158410" lon="29.0491360"/>
  <node id="2299992730" lat="38.1164048" lon="29.0557041"/>
  <node id="2299992731" lat="38.1164282" lon="29.0555071"/>
  <node id="2299992733" lat="38.1164611" lon="29.0498346"/>
  <node id="2299992734" lat="38.1165410" lon="29.0553518"/>
  <node id="2299992735" lat="38.1165410" lon="29.0558474"/>
  <node id="2299992737" lat="38.1166115" lon="29.0501869"/>
  <node id="2299992739" lat="38.1166255" lon="29.0512258"/>
  <node id="2299992741" lat="38.1166631" lon="29.0505929"/>
  <node id="2299992742" lat="38.1167148" lon="29.0514169"/>
  <node id="2299992743" lat="38.1168182" lon="29.0514945"/>
  <node id="2299992745" lat="38.1169027" lon="29.0552742"/>
  <node id="2299992748" lat="38.1170108" lon="29.0562236"/>
  <node id="2299992752" lat="38.1170859" lon="29.0552204"/>
  <node id="2299992753" lat="38.1171329" lon="29.0516498"/>
  <node id="2299992755" lat="38.1172081" lon="29.0550891"/>
  <node id="2299992756" lat="38.1172316" lon="29.0564863"/>
  <node id="2299992758" lat="38.1172503" lon="29.0571491"/>
  <node id="2299992759" lat="38.1172644" lon="29.0547189"/>
  <node id="2299992761" lat="38.1172973" lon="29.0519125"/>
  <node id="2299992762" lat="38.1172973" lon="29.0567072"/>
  <node id="2299992763" lat="38.1172973" lon="29.0573222"/>
  <node id="2299992764" lat="38.1173537" lon="29.0534590"/>
  <node id="2299992765" lat="38.1173725" lon="29.0526768"/>
  <node id="2299992766" lat="38.1173866" lon="29.0542472"/>
  <node id="2299992767" lat="38.1174007" lon="29.0522409"/>
  <node id="2299992769" lat="38.1174101" lon="29.0574118"/>
  <node id="2299992774" lat="38.1176168" lon="29.0574715"/>
  <node id="2299992795" lat="38.1182322" lon="29.0572625"/>
  <node id="2299992807" lat="38.1184482" lon="29.0572625"/>
  <node id="2299992810" lat="38.1186362" lon="29.0574536"/>
  <node id="2299992819" lat="38.1189744" lon="29.0581582"/>
  <node id="2299992821" lat="38.1190073" lon="29.0583493"/>
  <node id="2299992822" lat="38.1190354" lon="29.0586598"/>
  <node id="2299992825" lat="38.1193126" lon="29.0591912"/>
  <node id="2299992832" lat="38.1196649" lon="29.0596151"/>
  <node id="2299992833" lat="38.1197589" lon="29.0597823"/>
  <node id="2299992834" lat="38.1198340" lon="29.0600988"/>
  <node id="2299992836" lat="38.1200219" lon="29.0605645"/>
  <node id="2300035010" lat="38.0947065" lon="29.1563986"/>
  <node id="2300035014" lat="38.0971514" lon="29.1548738"/>
  <node id="2300035039" lat="38.0982915" lon="29.1541483"/>
  <node id="2300035050" lat="38.0989298" lon="29.1537671"/>
  <node id="2300035051" lat="38.0989491" lon="29.1505564"/>
  <node id="2300035053" lat="38.0990684" lon="29.1536924"/>
  <node id="2300035057" lat="38.0991883" lon="29.1506239"/>
  <node id="2300035059" lat="38.0992813" lon="29.1505901"/>
  <node id="2300035063" lat="38.0994209" lon="29.1444766"/>
  <node id="2300035067" lat="38.0995620" lon="29.1535512"/>
  <node id="2300035069" lat="38.0995155" lon="29.1534264"/>
  <node id="2300035071" lat="38.0996437" lon="29.1527586"/>
  <node id="2300035073" lat="38.0995272" lon="29.1499653"/>
  <node id="2300035075" lat="38.0997282" lon="29.1521489"/>
  <node id="2300035076" lat="38.0997562" lon="29.1515167"/>
  <node id="2300035078" lat="38.0998155" lon="29.1508138"/>
  <node id="2300035082" lat="38.0998639" lon="29.1489019"/>
  <node id="2300035084" lat="38.0998923" lon="29.1505811"/>
  <node id="2300035086" lat="38.0999302" lon="29.1462191"/>
  <node id="2300035090" lat="38.1000969" lon="29.1464177"/>
  <node id="2300035093" lat="38.1001647" lon="29.1465715"/>
  <node id="2300035095" lat="38.1003336" lon="29.1473946"/>
  <node id="2300035097" lat="38.1003872" lon="29.1494219"/>
  <node id="2300035101" lat="38.1005302" lon="29.1480492"/>
  <node id="2300035109" lat="38.1008057" lon="29.1487309"/>
  <node id="2300035115" lat="38.1010056" lon="29.1525174"/>
  <node id="2300035119" lat="38.1010935" lon="29.1496095"/>
  <node id="2300035121" lat="38.1011894" lon="29.1500257"/>
  <node id="2300035129" lat="38.1016504" lon="29.1512644"/>
  <node id="2300035133" lat="38.1020219" lon="29.1518150"/>
  <node id="2300035144" lat="38.1022939" lon="29.1514129"/>
  <node id="2300035149" lat="38.1024467" lon="29.1510747"/>
  <node id="2300035153" lat="38.1024443" lon="29.1434211"/>
  <node id="2300035157" lat="38.1024842" lon="29.1431509"/>
  <node id="2300035159" lat="38.1024842" lon="29.1436659"/>
  <node id="2300035161" lat="38.1025307" lon="29.1429482"/>
  <node id="2300035163" lat="38.1025573" lon="29.1425007"/>
  <node id="2300035167" lat="38.1028496" lon="29.1414451"/>
  <node id="2300035168" lat="38.1029403" lon="29.1503090"/>
  <node id="2300035169" lat="38.1029094" lon="29.1440459"/>
  <node id="2300035170" lat="38.1030091" lon="29.1411074"/>
  <node id="2300035171" lat="38.1030642" lon="29.1505321"/>
  <node id="2300035175" lat="38.1033776" lon="29.1496223"/>
  <node id="2300035176" lat="38.1031952" lon="29.1405838"/>
  <node id="2300035178" lat="38.1033304" lon="29.1510745"/>
  <node id="2300035182" lat="38.1035739" lon="29.1442655"/>
  <node id="2300035186" lat="38.1036287" lon="29.1501627"/>
  <node id="2300035188" lat="38.1039190" lon="29.1491189"/>
  <node id="2300035203" lat="38.1041520" lon="29.1444681"/>
  <node id="2300035205" lat="38.1043764" lon="29.1483481"/>
  <node id="2300035206" lat="38.1043503" lon="29.1474474"/>
  <node id="2300035207" lat="38.1043600" lon="29.1477499"/>
  <node id="2300035208" lat="38.1044753" lon="29.1487174"/>
  <node id="2300035209" lat="38.1044639" lon="29.1485583"/>
  <node id="2300035210" lat="38.1044178" lon="29.1446539"/>
  <node id="2300035212" lat="38.1044955" lon="29.1494593"/>
  <node id="2300035213" lat="38.1044697" lon="29.1468940"/>
  <node id="2300035214" lat="38.1044900" lon="29.1497238"/>
  <node id="2300035215" lat="38.1045176" lon="29.1488161"/>
  <node id="2300035216" lat="38.1045246" lon="29.1491294"/>
  <node id="2300035218" lat="38.1046560" lon="29.1503261"/>
  <node id="2300035219" lat="38.1045937" lon="29.1465316"/>
  <node id="2300035220" lat="38.1046070" lon="29.1459981"/>
  <node id="2300035221" lat="38.1046038" lon="29.1447890"/>
  <node id="2300035222" lat="38.1046655" lon="29.1455959"/>
  <node id="2300035223" lat="38.1047515" lon="29.1451560"/>
  <node id="2300035226" lat="38.1046848" lon="29.1496606"/>
  <node id="2300035227" lat="38.1048154" lon="29.1502310"/>
  <node id="2300035229" lat="38.1048554" lon="29.1503528"/>
  <node id="2300035230" lat="38.1049264" lon="29.1486137"/>
  <node id="2300035231" lat="38.1048562" lon="29.1496550"/>
  <node id="2300035232" lat="38.1050964" lon="29.1497372"/>
  <node id="2300035235" lat="38.1051368" lon="29.1496263"/>
  <node id="2300035237" lat="38.1051865" lon="29.1500117"/>
  <node id="2300035238" lat="38.1051911" lon="29.1494119"/>
  <node id="2300035239" lat="38.1052729" lon="29.1501083"/>
  <node id="2300035242" lat="38.1053833" lon="29.1498990"/>
  <node id="2300035243" lat="38.1054376" lon="29.1490970"/>
  <node id="2300035247" lat="38.1057943" lon="29.1498086"/>
  <node id="2300035250" lat="38.1059428" lon="29.1488345"/>
  <node id="2300035252" lat="38.1060665" lon="29.1504557"/>
  <node id="2300035254" lat="38.1061626" lon="29.1518392"/>
  <node id="2300035255" lat="38.1061711" lon="29.1507471"/>
  <node id="2300035256" lat="38.1062044" lon="29.1494175"/>
  <node id="2300035257" lat="38.1062277" lon="29.1509447"/>
  <node id="2300035258" lat="38.1062374" lon="29.1495394"/>
  <node id="2300035259" lat="38.1062242" lon="29.1514335"/>
  <node id="2300035260" lat="38.1062833" lon="29.1478535"/>
  <node id="2300035263" lat="38.1063792" lon="29.1499010"/>
  <node id="2300035265" lat="38.1064179" lon="29.1478103"/>
  <node id="2300035266" lat="38.1065577" lon="29.1532416"/>
  <node id="2300035267" lat="38.1065341" lon="29.1503476"/>
  <node id="2300035268" lat="38.1066483" lon="29.1520406"/>
  <node id="2300035269" lat="38.1066604" lon="29.1483263"/>
  <node id="2300035270" lat="38.1066881" lon="29.1511275"/>
  <node id="2300035274" lat="38.1069466" lon="29.1489788"/>
  <node id="2300035277" lat="38.1071025" lon="29.1534139"/>
  <node id="2300035279" lat="38.1071223" lon="29.1528951"/>
  <node id="2300035280" lat="38.1071349" lon="29.1522300"/>
  <node id="2300035283" lat="38.1072023" lon="29.1511596"/>
  <node id="2300035284" lat="38.1072397" lon="29.1508328"/>
  <node id="2300035285" lat="38.1072887" lon="29.1503756"/>
  <node id="2300035286" lat="38.1072902" lon="29.1499628"/>
  <node id="2300035287" lat="38.1077192" lon="29.1492333"/>
  <node id="2300035288" lat="38.1079125" lon="29.1497640"/>
  <node id="2300035289" lat="38.1079496" lon="29.1501554"/>
  <node id="2300035290" lat="38.1079702" lon="29.1504918"/>
  <node id="2300035291" lat="38.1080206" lon="29.1513586"/>
  <node id="2300035292" lat="38.1079604" lon="29.1483913"/>
  <node id="2300035293" lat="38.1080693" lon="29.1524634"/>
  <node id="2300035294" lat="38.1080242" lon="29.1519174"/>
  <node id="2300035295" lat="38.1080258" lon="29.0872955"/>
  <node id="2300035296" lat="38.1080258" lon="29.0875910"/>
  <node id="2300035297" lat="38.1081055" lon="29.0870168"/>
  <node id="2300035299" lat="38.1081587" lon="29.0880471"/>
  <node id="2300035301" lat="38.1082794" lon="29.1616569"/>
  <node id="2300035302" lat="38.1083068" lon="29.1613253"/>
  <node id="2300035303" lat="38.1083068" lon="29.1618139"/>
  <node id="2300035304" lat="38.1083343" lon="29.1607320"/>
  <node id="2300035305" lat="38.1083824" lon="29.1602608"/>
  <node id="2300035306" lat="38.1084098" lon="29.1618924"/>
  <node id="2300035307" lat="38.1084991" lon="29.1618575"/>
  <node id="2300035309" lat="38.1085815" lon="29.1594144"/>
  <node id="2300035310" lat="38.1085952" lon="29.1616569"/>
  <node id="2300035311" lat="38.1086105" lon="29.0890942"/>
  <node id="2300035313" lat="38.1087188" lon="29.1613166"/>
  <node id="2300035317" lat="38.1087737" lon="29.1589432"/>
  <node id="2300035319" lat="38.1087899" lon="29.0860034"/>
  <node id="2300035321" lat="38.1088218" lon="29.1611508"/>
  <node id="2300035325" lat="38.1089361" lon="29.0859021"/>
  <node id="2300035327" lat="38.1090131" lon="29.1526798"/>
  <node id="2300035328" lat="38.1089893" lon="29.0898543"/>
  <node id="2300035329" lat="38.1090889" lon="29.0918895"/>
  <node id="2300035330" lat="38.1090956" lon="29.0926242"/>
  <node id="2300035332" lat="38.1091170" lon="29.1609763"/>
  <node id="2300035333" lat="38.1091288" lon="29.0903948"/>
  <node id="2300035334" lat="38.1091444" lon="29.1584371"/>
  <node id="2300035335" lat="38.1091554" lon="29.0932914"/>
  <node id="2300035336" lat="38.1091820" lon="29.0907663"/>
  <node id="2300035338" lat="38.1093916" lon="29.1580968"/>
  <node id="2300035339" lat="38.1094012" lon="29.0858514"/>
  <node id="2300035340" lat="38.1095152" lon="29.1607058"/>
  <node id="2300035341" lat="38.1096205" lon="29.0857247"/>
  <node id="2300035342" lat="38.1097544" lon="29.1505725"/>
  <node id="2300035343" lat="38.1096868" lon="29.1606796"/>
  <node id="2300035344" lat="38.1097069" lon="29.0972267"/>
  <node id="2300035346" lat="38.1098093" lon="29.1503638"/>
  <node id="2300035347" lat="38.1098132" lon="29.0854629"/>
  <node id="2300035348" lat="38.1098173" lon="29.1578176"/>
  <node id="2300035349" lat="38.1099679" lon="29.1499555"/>
  <node id="2300035350" lat="38.1099129" lon="29.0982317"/>
  <node id="2300035351" lat="38.1099408" lon="29.1606709"/>
  <node id="2300035352" lat="38.1100857" lon="29.0847958"/>
  <node id="2300035353" lat="38.1102252" lon="29.0845762"/>
  <node id="2300035354" lat="38.1102292" lon="29.1575384"/>
  <node id="2300035355" lat="38.1103038" lon="29.1491741"/>
  <node id="2300035356" lat="38.1104578" lon="29.0844157"/>
  <node id="2300035357" lat="38.1104969" lon="29.1604964"/>
  <node id="2300035361" lat="38.1106704" lon="29.0842131"/>
  <node id="2300035362" lat="38.1107098" lon="29.1570847"/>
  <node id="2300035363" lat="38.1107169" lon="29.1009425"/>
  <node id="2300035364" lat="38.1107578" lon="29.1605313"/>
  <node id="2300035366" lat="38.1109363" lon="29.1569887"/>
  <node id="2300035368" lat="38.1111554" lon="29.0833517"/>
  <node id="2300035369" lat="38.1112178" lon="29.1569451"/>
  <node id="2300035370" lat="38.1112727" lon="29.1606971"/>
  <node id="2300035372" lat="38.1113083" lon="29.0831152"/>
  <node id="2300035373" lat="38.1114079" lon="29.1057393"/>
  <node id="2300035374" lat="38.1114375" lon="29.1606447"/>
  <node id="2300035375" lat="38.1115010" lon="29.1063135"/>
  <node id="2300035377" lat="38.1115679" lon="29.1570236"/>
  <node id="2300035378" lat="38.1117190" lon="29.1570149"/>
  <node id="2300035379" lat="38.1117601" lon="29.0828788"/>
  <node id="2300035380" lat="38.1118082" lon="29.1569713"/>
  <node id="2300035381" lat="38.1118494" lon="29.1554879"/>
  <node id="2300035382" lat="38.1118563" lon="29.1568404"/>
  <node id="2300035383" lat="38.1118700" lon="29.1566397"/>
  <node id="2300035384" lat="38.1118906" lon="29.1552087"/>
  <node id="2300035385" lat="38.1118996" lon="29.0827268"/>
  <node id="2300035386" lat="38.1119993" lon="29.0792559"/>
  <node id="2300035387" lat="38.1120259" lon="29.0790785"/>
  <node id="2300035388" lat="38.1120325" lon="29.1081630"/>
  <node id="2300035389" lat="38.1120790" lon="29.0795092"/>
  <node id="2300035390" lat="38.1120966" lon="29.1547550"/>
  <node id="2300035391" lat="38.1121056" lon="29.1249431"/>
  <node id="2300035392" lat="38.1121103" lon="29.1602520"/>
  <node id="2300035393" lat="38.1122119" lon="29.0798386"/>
  <node id="2300035394" lat="38.1122717" lon="29.0818654"/>
  <node id="2300035396" lat="38.1123714" lon="29.1096408"/>
  <node id="2300035397" lat="38.1123780" lon="29.0814685"/>
  <node id="2300035398" lat="38.1123980" lon="29.0810124"/>
  <node id="2300035399" lat="38.1124879" lon="29.1541965"/>
  <node id="2300035400" lat="38.1125442" lon="29.1239550"/>
  <node id="2300035401" lat="38.1125703" lon="29.1600950"/>
  <node id="2300035403" lat="38.1126505" lon="29.1119378"/>
  <node id="2300035404" lat="38.1126870" lon="29.1538039"/>
  <node id="2300035405" lat="38.1128697" lon="29.1133819"/>
  <node id="2300035406" lat="38.1128998" lon="29.1511862"/>
  <node id="2300035407" lat="38.1129067" lon="29.1601124"/>
  <node id="2300035408" lat="38.1129229" lon="29.1229163"/>
  <node id="2300035409" lat="38.1129479" lon="29.1509070"/>
  <node id="2300035410" lat="38.1129890" lon="29.1527917"/>
  <node id="2300035411" lat="38.1130096" lon="29.1515963"/>
  <node id="2300035412" lat="38.1130757" lon="29.1142095"/>
  <node id="2300035413" lat="38.1131195" lon="29.1519715"/>
  <node id="2300035415" lat="38.1131401" lon="29.1522856"/>
  <node id="2300035416" lat="38.1132156" lon="29.1502962"/>
  <node id="2300035417" lat="38.1132551" lon="29.1220296"/>
  <node id="2300035419" lat="38.1133946" lon="29.1153327"/>
  <node id="2300035420" lat="38.1134627" lon="29.1497465"/>
  <node id="2300035421" lat="38.1135233" lon="29.1483663"/>
  <node id="2300035422" lat="38.1134943" lon="29.1160252"/>
  <node id="2300035423" lat="38.1135475" lon="29.1209655"/>
  <node id="2300035424" lat="38.1135589" lon="29.1493102"/>
  <node id="2300035425" lat="38.1135657" lon="29.1488391"/>
  <node id="2300035426" lat="38.1136073" lon="29.1204588"/>
  <node id="2300035427" lat="38.1142179" lon="29.1606883"/>
  <node id="2300035428" lat="38.1146710" lon="29.1609152"/>
  <node id="2300035429" lat="38.1149319" lon="29.1609152"/>
  <node id="2300035430" lat="38.1152545" lon="29.1594144"/>
  <node id="2300035431" lat="38.1152545" lon="29.1595976"/>
  <node id="2300035432" lat="38.1152614" lon="29.1607407"/>
  <node id="2300035433" lat="38.1153575" lon="29.1597983"/>
  <node id="2300035434" lat="38.1153850" lon="29.1593446"/>
  <node id="2300035435" lat="38.1155566" lon="29.1593795"/>
  <node id="2300035436" lat="38.1157900" lon="29.1606098"/>
  <node id="2300035437" lat="38.1158792" lon="29.1603306"/>
  <node id="2300035438" lat="38.1159136" lon="29.1605662"/>
  <node id="2300035439" lat="38.1159342" lon="29.1595802"/>
  <node id="2300035440" lat="38.1159616" lon="29.1604440"/>
  <node id="2300035441" lat="38.1165177" lon="29.1597809"/>
  <node id="2300035442" lat="38.1170119" lon="29.1600339"/>
  <node id="2300035443" lat="38.1174032" lon="29.1601299"/>
  <node id="2300035444" lat="38.1181446" lon="29.1602171"/>
  <node id="2300035445" lat="38.1187281" lon="29.1603480"/>
  <node id="2300035446" lat="38.1190233" lon="29.1603742"/>
  <node id="2300035447" lat="38.1196343" lon="29.1578525"/>
  <node id="2300035448" lat="38.1196549" lon="29.1580183"/>
  <node id="2300035449" lat="38.1198059" lon="29.1577915"/>
  <node id="2300035450" lat="38.1198745" lon="29.1583586"/>
  <node id="2300035451" lat="38.1201903" lon="29.1577391"/>
  <node id="2300035452" lat="38.1203344" lon="29.1589083"/>
  <node id="2300035453" lat="38.1203550" lon="29.1576431"/>
  <node id="2300035454" lat="38.1205266" lon="29.1574337"/>
  <node id="2300035455" lat="38.1205404" lon="29.1602171"/>
  <node id="2300035456" lat="38.1207326" lon="29.1592748"/>
  <node id="2300035457" lat="38.1207532" lon="29.1573639"/>
  <node id="2300035458" lat="38.1210278" lon="29.1574424"/>
  <node id="2300035459" lat="38.1214533" lon="29.1596762"/>
  <node id="2300035460" lat="38.1216250" lon="29.1601997"/>
  <node id="2300035461" lat="38.1217417" lon="29.1577565"/>
  <node id="2300035462" lat="38.1218583" lon="29.1598594"/>
  <node id="2300035463" lat="38.1218858" lon="29.1602520"/>
  <node id="2300035464" lat="38.1219819" lon="29.1601822"/>
  <node id="2300035465" lat="38.1219888" lon="29.1600426"/>
  <node id="2300035466" lat="38.1221261" lon="29.1578002"/>
  <node id="2300035467" lat="38.1224281" lon="29.1578089"/>
  <node id="2300035468" lat="38.1228125" lon="29.1577478"/>
  <node id="2300035469" lat="38.1230047" lon="29.1577740"/>
  <node id="2300035470" lat="38.1231008" lon="29.1577304"/>
  <node id="2300035472" lat="38.1232243" lon="29.1576169"/>
  <node id="2300035475" lat="38.1235813" lon="29.1556101"/>
  <node id="2300035478" lat="38.1239657" lon="29.1572243"/>
  <node id="2300035479" lat="38.1239863" lon="29.1555752"/>
  <node id="2300035481" lat="38.1242746" lon="29.1569538"/>
  <node id="2300035482" lat="38.1243363" lon="29.1554530"/>
  <node id="2300035484" lat="38.1244668" lon="29.1568229"/>
  <node id="2300035485" lat="38.1245903" lon="29.1566484"/>
  <node id="2300035486" lat="38.1248374" lon="29.1561336"/>
  <node id="2300035487" lat="38.1252218" lon="29.1556275"/>
  <node id="2300035488" lat="38.1256474" lon="29.1549295"/>
  <node id="2300035489" lat="38.1260249" lon="29.1551651"/>
  <node id="2300035490" lat="38.1262926" lon="29.1547637"/>
  <node id="2300035491" lat="38.1263475" lon="29.1550080"/>
  <node id="2300035492" lat="38.1264230" lon="29.1548946"/>
  <node id="2667087503" lat="38.1089090" lon="29.1610993"/>
  <node id="3706074357" lat="38.1481975" lon="29.0630575"/>
  <node id="3706074361" lat="38.1485685" lon="29.0619805"/>
  <node id="3706074362" lat="38.1487565" lon="29.0632740"/>
  <node id="3706074365" lat="38.1490199" lon="29.0629584"/>
  <node id="3706074366" lat="38.1490297" lon="29.0624102"/>
  <node id="3706074368" lat="38.1490902" lon="29.0630418"/>
  <node id="3706074369" lat="38.1491277" lon="29.0621659"/>
  <node id="3706074370" lat="38.1492027" lon="29.0621361"/>
  <node id="3706074372" lat="38.1492074" lon="29.0632563"/>
  <node id="3706074373" lat="38.1493058" lon="29.0621003"/>
  <node id="3706074374" lat="38.1493339" lon="29.0633397"/>
  <node id="3706074377" lat="38.1495260" lon="29.0616355"/>
  <node id="3706074378" lat="38.1495870" lon="29.0631550"/>
  <node id="3706074379" lat="38.1495916" lon="29.0614806"/>
  <node id="3706074380" lat="38.1496242" lon="29.0635150"/>
  <node id="3706074381" lat="38.1496244" lon="29.0629286"/>
  <node id="3706074382" lat="38.1496244" lon="29.0634112"/>
  <node id="3706074383" lat="38.1496296" lon="29.0625782"/>
  <node id="3706074384" lat="38.1496479" lon="29.0614329"/>
  <node id="3706074386" lat="38.1497182" lon="29.0614270"/>
  <node id="3706074388" lat="38.1499103" lon="29.0615342"/>
  <node id="3706074390" lat="38.1502242" lon="29.0618858"/>
  <node id="3706074391" lat="38.1504117" lon="29.0622254"/>
  <node id="3706074392" lat="38.1505523" lon="29.0624161"/>
  <node id="3706074394" lat="38.1508305" lon="29.0626459"/>
  <node id="3706074395" lat="38.1510865" lon="29.0662655"/>
  <node id="3706074397" lat="38.1512739" lon="29.0666588"/>
  <node id="3706074398" lat="38.1513301" lon="29.0667422"/>
  <node id="3706074399" lat="38.1513629" lon="29.0626724"/>
  <node id="3706074401" lat="38.1514988" lon="29.0668137"/>
  <node id="3706074402" lat="38.1515400" lon="29.0677419"/>
  <node id="3706074403" lat="38.1515504" lon="29.0625651"/>
  <node id="3706074404" lat="38.1516441" lon="29.0657173"/>
  <node id="3706074405" lat="38.1516722" lon="29.0660272"/>
  <node id="3706074406" lat="38.1516816" lon="29.0677612"/>
  <node id="3706074408" lat="38.1517144" lon="29.0652346"/>
  <node id="3706074409" lat="38.1517802" lon="29.0677433"/>
  <node id="3706074410" lat="38.1517519" lon="29.0663132"/>
  <node id="3706074411" lat="38.1517847" lon="29.0623685"/>
  <node id="3706074412" lat="38.1518596" lon="29.0669269"/>
  <node id="3706074413" lat="38.1518690" lon="29.0641501"/>
  <node id="3706074414" lat="38.1518826" lon="29.0675717"/>
  <node id="3706074415" lat="38.1518784" lon="29.0665396"/>
  <node id="3706074416" lat="38.1519921" lon="29.0674145"/>
  <node id="3706074417" lat="38.1519627" lon="29.0667124"/>
  <node id="3706074418" lat="38.1519674" lon="29.0700017"/>
  <node id="3706074419" lat="38.1519908" lon="29.0695011"/>
  <node id="3706074420" lat="38.1520124" lon="29.0609778"/>
  <node id="3706074421" lat="38.1520231" lon="29.0627949"/>
  <node id="3706074422" lat="38.1520283" lon="29.0669627"/>
  <node id="3706074423" lat="38.1520289" lon="29.0611463"/>
  <node id="3706074424" lat="38.1520517" lon="29.0704843"/>
  <node id="3706083005" lat="38.1988671" lon="29.0401795"/>
  <node id="3706083011" lat="38.1989288" lon="29.0253705"/>
  <node id="3706083015" lat="38.1990013" lon="28.9839918"/>
  <node id="3706083016" lat="38.1990358" lon="29.0403881"/>
  <node id="3706083017" lat="38.1990554" lon="29.0244999"/>
  <node id="3706083020" lat="38.1990863" lon="29.0392756"/>
  <node id="3706083023" lat="38.1991913" lon="29.0239106"/>
  <node id="3706083024" lat="38.1992843" lon="29.0351790"/>
  <node id="3706084683" lat="38.1732072" lon="29.0699671"/>
  <node id="3706084684" lat="38.1733840" lon="29.0698761"/>
  <node id="3706084685" lat="38.1735566" lon="29.0693815"/>
  <node id="3706084687" lat="38.1736443" lon="29.0696631"/>
  <node id="3706084688" lat="38.1741765" lon="29.0681792"/>
  <node id="3706084690" lat="38.1746253" lon="29.0693864"/>
  <node id="3706084692" lat="38.1750505" lon="29.0666183"/>
  <node id="3706084694" lat="38.1754478" lon="29.0659558"/>
  <node id="3706084695" lat="38.1759953" lon="29.0651994"/>
  <node id="3706084699" lat="38.1764237" lon="29.0690327"/>
  <node id="3706084701" lat="38.1769737" lon="29.0640243"/>
  <node id="3706084702" lat="38.1770231" lon="29.0073086"/>
  <node id="3706084704" lat="38.1773136" lon="29.0073742"/>
  <node id="3706084708" lat="38.1776182" lon="29.0073443"/>
  <node id="3706084712" lat="38.1777218" lon="29.0688122"/>
  <node id="3706084716" lat="38.1778619" lon="29.0072549"/>
  <node id="3706084718" lat="38.1779636" lon="29.0629278"/>
  <node id="3706084723" lat="38.1781525" lon="29.0071774"/>
  <node id="3706084728" lat="38.1592842" lon="29.0650962"/>
  <node id="3706084730" lat="38.1594711" lon="29.0648652"/>
  <node id="3706084732" lat="38.1595529" lon="29.0650918"/>
  <node id="3706084733" lat="38.1596239" lon="29.0644843"/>
  <node id="3706084734" lat="38.1596110" lon="29.0650818"/>
  <node id="3706084735" lat="38.1596200" lon="29.0648002"/>
  <node id="3706084737" lat="38.1597179" lon="29.0648337"/>
  <node id="3706084739" lat="38.1598010" lon="29.0649681"/>
  <node id="3706084740" lat="38.1597425" lon="29.0642846"/>
  <node id="3706084741" lat="38.1599085" lon="29.0649319"/>
  <node id="3706084744" lat="38.1599413" lon="29.0642106"/>
  <node id="3706084745" lat="38.1600195" lon="29.0649517"/>
  <node id="3706084746" lat="38.1606588" lon="29.0634605"/>
  <node id="3706084747" lat="38.1606598" lon="29.0642277"/>
  <node id="3706084749" lat="38.1606758" lon="29.0649272"/>
  <node id="3706084750" lat="38.1607146" lon="29.0674456"/>
  <node id="3706084751" lat="38.1618328" lon="29.0649294"/>
  <node id="3706084760" lat="38.1628952" lon="28.9691627"/>
  <node id="3706084765" lat="38.1651794" lon="28.9720849"/>
  <node id="3706084774" lat="38.1674578" lon="28.9788860"/>
  <node id="3706084800" lat="38.1715322" lon="29.0715660"/>
  <node id="3706084801" lat="38.1718256" lon="29.0714266"/>
  <node id="3706084803" lat="38.1722622" lon="29.0711223"/>
  <node id="3706084817" lat="38.1729267" lon="29.0703183"/>
  <node id="3706084866" lat="38.1524688" lon="29.0678446"/>
  <node id="3706084867" lat="38.1524762" lon="29.0623219"/>
  <node id="3706084868" lat="38.1524828" lon="29.0671355"/>
  <node id="3706084869" lat="38.1524922" lon="29.0697157"/>
  <node id="3706084870" lat="38.1524969" lon="29.0666290"/>
  <node id="3706084871" lat="38.1525359" lon="29.0621828"/>
  <node id="3706084872" lat="38.1525391" lon="29.0668733"/>
  <node id="3706084873" lat="38.1525578" lon="29.0693462"/>
  <node id="3706084874" lat="38.1525625" lon="29.0670521"/>
  <node id="3706084875" lat="38.1525856" lon="29.0607039"/>
  <node id="3706084877" lat="38.1526088" lon="29.0620311"/>
  <node id="3706084878" lat="38.1526154" lon="29.0619342"/>
  <node id="3706084879" lat="38.1526328" lon="29.0701328"/>
  <node id="3706084880" lat="38.1526419" lon="29.0616561"/>
  <node id="3706084881" lat="38.1526562" lon="29.0699540"/>
  <node id="3706084882" lat="38.1526656" lon="29.0676241"/>
  <node id="3706084883" lat="38.1526750" lon="29.0702341"/>
  <node id="3706084884" lat="38.1526846" lon="29.0605951"/>
  <node id="3706084885" lat="38.1526937" lon="29.0694296"/>
  <node id="3706084886" lat="38.1527171" lon="29.0695071"/>
  <node id="3706084887" lat="38.1527181" lon="29.0615297"/>
  <node id="3706084888" lat="38.1527218" lon="29.0696442"/>
  <node id="3706084889" lat="38.1527314" lon="29.0605438"/>
  <node id="3706084890" lat="38.1527446" lon="29.0607165"/>
  <node id="3706084891" lat="38.1527593" lon="29.0674454"/>
  <node id="3706084892" lat="38.1527651" lon="29.0608696"/>
  <node id="3706084893" lat="38.1527744" lon="29.0615382"/>
  <node id="3706084894" lat="38.1527874" lon="29.0692330"/>
  <node id="3706084895" lat="38.1528142" lon="29.0603078"/>
  <node id="3706084896" lat="38.1528155" lon="29.0695190"/>
  <node id="3706084898" lat="38.1528208" lon="29.0600887"/>
  <node id="3706084899" lat="38.1528241" lon="29.0616014"/>
  <node id="3706084900" lat="38.1528308" lon="29.0604679"/>
  <node id="3706084901" lat="38.1528577" lon="29.0671713"/>
  <node id="3706084902" lat="38.1528672" lon="29.0601603"/>
  <node id="3706084903" lat="38.1528871" lon="29.0598022"/>
  <node id="3706084904" lat="38.1528904" lon="29.0604679"/>
  <node id="3706084905" lat="38.1528904" lon="29.0617615"/>
  <node id="3706084906" lat="38.1528952" lon="29.0688040"/>
  <node id="3706084907" lat="38.1528952" lon="29.0694296"/>
  <node id="3706084908" lat="38.1529202" lon="29.0596589"/>
  <node id="3706084909" lat="38.1529235" lon="29.0611294"/>
  <node id="3706084910" lat="38.1529335" lon="29.0602572"/>
  <node id="3706084911" lat="38.1529335" lon="29.0603542"/>
  <node id="3706084912" lat="38.1529401" lon="29.0605438"/>
  <node id="3706084913" lat="38.1529534" lon="29.0594820"/>
  <node id="3706084914" lat="38.1529799" lon="29.0621533"/>
  <node id="3706084915" lat="38.1529898" lon="29.0604679"/>
  <node id="3706084916" lat="38.1530030" lon="29.0692628"/>
  <node id="3706084917" lat="38.1530064" lon="29.0613064"/>
  <node id="3706084918" lat="38.1530405" lon="29.0673202"/>
  <node id="3706084919" lat="38.1530461" lon="29.0606997"/>
  <node id="3706084920" lat="38.1530760" lon="29.0593092"/>
  <node id="3706084921" lat="38.1530760" lon="29.0614117"/>
  <node id="3706084922" lat="38.1530920" lon="29.0706691"/>
  <node id="3706084923" lat="38.1530958" lon="29.0624525"/>
  <node id="3706084924" lat="38.1531190" lon="29.0615044"/>
  <node id="3706085025" lat="38.1520658" lon="29.0632980"/>
  <node id="3706085026" lat="38.1520892" lon="29.0629763"/>
  <node id="3706085027" lat="38.1520892" lon="29.0674096"/>
  <node id="3706085028" lat="38.1521174" lon="29.0657411"/>
  <node id="3706085029" lat="38.1521248" lon="29.0690519"/>
  <node id="3706085030" lat="38.1521267" lon="29.0655326"/>
  <node id="3706085031" lat="38.1521314" lon="29.0619394"/>
  <node id="3706085032" lat="38.1521455" lon="29.0689827"/>
  <node id="3706085033" lat="38.1521736" lon="29.0659616"/>
  <node id="3706085034" lat="38.1521923" lon="29.0669865"/>
  <node id="3706085035" lat="38.1522251" lon="29.0673619"/>
  <node id="3706085036" lat="38.1522439" lon="29.0701387"/>
  <node id="3706085037" lat="38.1522486" lon="29.0616832"/>
  <node id="3706085038" lat="38.1522486" lon="29.0660808"/>
  <node id="3706085040" lat="38.1522814" lon="29.0685179"/>
  <node id="3706085041" lat="38.1523470" lon="29.0613257"/>
  <node id="3706085042" lat="38.1523536" lon="29.0606238"/>
  <node id="3706085043" lat="38.1523563" lon="29.0681187"/>
  <node id="3706085044" lat="38.1523570" lon="29.0608682"/>
  <node id="3706085046" lat="38.1523844" lon="29.0662178"/>
  <node id="3706085047" lat="38.1524266" lon="29.0612065"/>
  <node id="3706085048" lat="38.1524641" lon="29.0663966"/>
  <node id="3706085125" lat="38.1531248" lon="29.0689887"/>
  <node id="3706085127" lat="38.1531621" lon="29.0616941"/>
  <node id="3706085128" lat="38.1531648" lon="29.0616512"/>
  <node id="3706085129" lat="38.1531720" lon="29.0613022"/>
  <node id="3706085130" lat="38.1531754" lon="29.0614834"/>
  <node id="3706085131" lat="38.1531810" lon="29.0673500"/>
  <node id="3706085132" lat="38.1531810" lon="29.0708061"/>
  <node id="3706085133" lat="38.1532683" lon="29.0689996"/>
  <node id="3706085134" lat="38.1532251" lon="29.0619216"/>
  <node id="3706085135" lat="38.1532449" lon="29.0625705"/>
  <node id="3706085136" lat="38.1532538" lon="29.0708400"/>
  <node id="3706085138" lat="38.1534539" lon="29.0688061"/>
  <node id="3706085139" lat="38.1533742" lon="29.0628233"/>
  <node id="3706085140" lat="38.1534272" lon="29.0625536"/>
  <node id="3706085141" lat="38.1535199" lon="29.0629876"/>
  <node id="3706085142" lat="38.1535231" lon="29.0686312"/>
  <node id="3706085143" lat="38.1535465" lon="29.0627432"/>
  <node id="3706085144" lat="38.1535840" lon="29.0684524"/>
  <node id="3706085145" lat="38.1535934" lon="29.0694058"/>
  <node id="3706085146" lat="38.1536160" lon="29.0632025"/>
  <node id="3706085147" lat="38.1536590" lon="29.0690542"/>
  <node id="3706085148" lat="38.1536591" lon="29.0629160"/>
  <node id="3706085149" lat="38.1536683" lon="29.0688278"/>
  <node id="3706085150" lat="38.1536790" lon="29.0631140"/>
  <node id="3706085151" lat="38.1536871" lon="29.0684584"/>
  <node id="3706085152" lat="38.1536956" lon="29.0630424"/>
  <node id="3706085153" lat="38.1536965" lon="29.0683332"/>
  <node id="3706085154" lat="38.1537088" lon="29.0635059"/>
  <node id="3706085155" lat="38.1537386" lon="29.0685597"/>
  <node id="3706085156" lat="38.1537386" lon="29.0686490"/>
  <node id="3706085157" lat="38.1537963" lon="29.0673610"/>
  <node id="3706085158" lat="38.1538558" lon="29.0680532"/>
  <node id="3706085159" lat="38.1539917" lon="29.0677075"/>
  <node id="3706085160" lat="38.1540338" lon="29.0675943"/>
  <node id="3706085161" lat="38.1571805" lon="29.0657844"/>
  <node id="3706085162" lat="38.1583502" lon="29.0657640"/>
  <node id="3706085164" lat="38.1588900" lon="29.0653817"/>
  <node id="3706085167" lat="38.1825667" lon="28.9975498"/>
  <node id="3706085170" lat="38.1826061" lon="28.9756450"/>
  <node id="3706085174" lat="38.1826979" lon="28.9957137"/>
  <node id="3706085175" lat="38.1827026" lon="28.9996542"/>
  <node id="3706085177" lat="38.1827354" lon="28.9971385"/>
  <node id="3706085188" lat="38.1829837" lon="28.9994992"/>
  <node id="3706085190" lat="38.1830025" lon="28.9968285"/>
  <node id="3706085191" lat="38.1830119" lon="28.9960714"/>
  <node id="3706085192" lat="38.1830821" lon="28.9966914"/>
  <node id="3706085194" lat="38.1830915" lon="28.9962264"/>
  <node id="3706085195" lat="38.1830915" lon="28.9993740"/>
  <node id="3706085196" lat="38.1830962" lon="28.9963635"/>
  <node id="3706085201" lat="38.1832227" lon="28.9991892"/>
  <node id="3706085206" lat="38.1832480" lon="28.9767181"/>
  <node id="3706085213" lat="38.1833914" lon="28.9991177"/>
  <node id="3706085219" lat="38.1834530" lon="29.0664991"/>
  <node id="3706085229" lat="38.1797176" lon="28.9985096"/>
  <node id="3706085232" lat="38.1797551" lon="29.0070165"/>
  <node id="3706085233" lat="38.1797557" lon="29.0681325"/>
  <node id="3706085234" lat="38.1797926" lon="28.9986944"/>
  <node id="3706085237" lat="38.1798629" lon="28.9988792"/>
  <node id="3706085239" lat="38.1799685" lon="28.9990600"/>
  <node id="3706085241" lat="38.1800094" lon="28.9992386"/>
  <node id="3706085242" lat="38.1800477" lon="28.9994792"/>
  <node id="3706085244" lat="38.1799631" lon="28.9727179"/>
  <node id="3706085246" lat="38.1799800" lon="29.0069986"/>
  <node id="3706085251" lat="38.1800603" lon="29.0679239"/>
  <node id="3706085252" lat="38.1802128" lon="29.0603787"/>
  <node id="3706085255" lat="38.1801206" lon="29.0069449"/>
  <node id="3706085262" lat="38.1802255" lon="28.9729087"/>
  <node id="3706085267" lat="38.1802799" lon="29.0067959"/>
  <node id="3706085269" lat="38.1802993" lon="29.0676079"/>
  <node id="3706085272" lat="38.1803772" lon="28.9998793"/>
  <node id="3706085274" lat="38.1803971" lon="28.9996661"/>
  <node id="3706085278" lat="38.1804346" lon="28.9995171"/>
  <node id="3706085281" lat="38.1804533" lon="29.0065634"/>
  <node id="3706085283" lat="38.1804955" lon="28.9994277"/>
  <node id="3706085284" lat="38.1805020" lon="28.9732545"/>
  <node id="3706085286" lat="38.1805476" lon="29.0673873"/>
  <node id="3706085287" lat="38.1805939" lon="29.0007570"/>
  <node id="3706085289" lat="38.1806127" lon="28.9993919"/>
  <node id="3706085290" lat="38.1806136" lon="29.0010682"/>
  <node id="3706085292" lat="38.1806173" lon="29.0004888"/>
  <node id="3706085293" lat="38.1806314" lon="29.0000894"/>
  <node id="3706085294" lat="38.1806361" lon="28.9999050"/>
  <node id="3706085295" lat="38.1806501" lon="29.0002921"/>
  <node id="3706085300" lat="38.1807954" lon="29.0061521"/>
  <node id="3706085301" lat="38.1808001" lon="28.9994336"/>
  <node id="3706085303" lat="38.1808101" lon="29.0670773"/>
  <node id="3706085308" lat="38.1809266" lon="28.9994217"/>
  <node id="3706085313" lat="38.1809596" lon="29.0049538"/>
  <node id="3706085314" lat="38.1811001" lon="29.0590398"/>
  <node id="3706085315" lat="38.1810063" lon="28.9994694"/>
  <node id="3706085319" lat="38.1810813" lon="29.0047690"/>
  <node id="3706085321" lat="38.1811281" lon="28.9996005"/>
  <node id="3706085325" lat="38.1784243" lon="29.0071655"/>
  <node id="3706085328" lat="38.1785818" lon="29.0623045"/>
  <node id="3706085335" lat="38.1787710" lon="29.0070999"/>
  <node id="3706085337" lat="38.1788431" lon="28.9720860"/>
  <node id="3706085344" lat="38.1789866" lon="28.9970789"/>
  <node id="3706085346" lat="38.1791131" lon="28.9974962"/>
  <node id="3706085347" lat="38.1791605" lon="29.0684187"/>
  <node id="3706085354" lat="38.1792649" lon="28.9722828"/>
  <node id="3706085355" lat="38.1792865" lon="28.9977227"/>
  <node id="3706085356" lat="38.1792959" lon="29.0070999"/>
  <node id="3706085360" lat="38.1794982" lon="29.0612838"/>
  <node id="3706085363" lat="38.1794646" lon="29.0070761"/>
  <node id="3706085366" lat="38.1795039" lon="28.9724318"/>
  <node id="3706085367" lat="38.1795255" lon="28.9981877"/>
  <node id="3706085383" lat="38.1811609" lon="29.0045664"/>
  <node id="3706085384" lat="38.1811797" lon="29.0043219"/>
  <node id="3706085385" lat="38.1812002" lon="28.9740235"/>
  <node id="3706085387" lat="38.1812218" lon="29.0038748"/>
  <node id="3706085388" lat="38.1812412" lon="29.0667793"/>
  <node id="3706085394" lat="38.1813156" lon="29.0032072"/>
  <node id="3706085397" lat="38.1813549" lon="28.9742500"/>
  <node id="3706085399" lat="38.1814046" lon="29.0024143"/>
  <node id="3706085402" lat="38.1814233" lon="29.0026349"/>
  <node id="3706085406" lat="38.1814580" lon="28.9745362"/>
  <node id="3706085413" lat="38.1815658" lon="28.9747449"/>
  <node id="3706085422" lat="38.1816864" lon="29.0667137"/>
  <node id="3706085424" lat="38.1817298" lon="28.9748820"/>
  <node id="3706085426" lat="38.1841477" lon="28.9778448"/>
  <node id="3706085434" lat="38.1842148" lon="29.0402533"/>
  <node id="3706085442" lat="38.1843012" lon="29.0665408"/>
  <node id="3706085447" lat="38.1843131" lon="28.9971789"/>
  <node id="3706085471" lat="38.1847811" lon="29.0546677"/>
  <node id="3706085476" lat="38.1848213" lon="29.0665706"/>
  <node id="3706085488" lat="38.1849271" lon="29.0402712"/>
  <node id="3706085491" lat="38.1849504" lon="28.9966661"/>
  <node id="3706085507" lat="38.1850958" lon="29.0402056"/>
  <node id="3706085521" lat="38.1852817" lon="28.9786437"/>
  <node id="3706085523" lat="38.1852973" lon="29.0400745"/>
  <node id="3706085528" lat="38.1817982" lon="28.9949090"/>
  <node id="3706085531" lat="38.1819154" lon="28.9950103"/>
  <node id="3706085534" lat="38.1819503" lon="28.9992569"/>
  <node id="3706085549" lat="38.1820914" lon="28.9991074"/>
  <node id="3706085552" lat="38.1821450" lon="28.9950818"/>
  <node id="3706085553" lat="38.1821450" lon="28.9989448"/>
  <node id="3706085554" lat="38.1821550" lon="29.0667018"/>
  <node id="3706085556" lat="38.1821796" lon="28.9751502"/>
  <node id="3706085557" lat="38.1822012" lon="28.9988315"/>
  <node id="3706085561" lat="38.1822668" lon="28.9951474"/>
  <node id="3706085563" lat="38.1822809" lon="28.9986646"/>
  <node id="3706085564" lat="38.1822996" lon="28.9995707"/>
  <node id="3706085565" lat="38.1823230" lon="28.9984321"/>
  <node id="3706085569" lat="38.1823652" lon="28.9952666"/>
  <node id="3706085570" lat="38.1824761" lon="29.0571383"/>
  <node id="3706085574" lat="38.1824139" lon="28.9753827"/>
  <node id="3706085575" lat="38.1824308" lon="28.9981519"/>
  <node id="3706085576" lat="38.1824730" lon="28.9955349"/>
  <node id="3706085577" lat="38.1824870" lon="28.9978956"/>
  <node id="3706085579" lat="38.1825433" lon="28.9996780"/>
  <node id="3706085583" lat="38.1872524" lon="29.0125128"/>
  <node id="3706085586" lat="38.1873255" lon="29.0453292"/>
  <node id="3706085587" lat="38.1873401" lon="29.0458004"/>
  <node id="3706085590" lat="38.1873684" lon="29.0428048"/>
  <node id="3706085592" lat="38.1873930" lon="29.0123459"/>
  <node id="3706085597" lat="38.1875458" lon="29.0457018"/>
  <node id="3706085599" lat="38.1875148" lon="29.0122923"/>
  <node id="3706085600" lat="38.1875558" lon="29.0452967"/>
  <node id="3706085602" lat="38.1875907" lon="29.0670535"/>
  <node id="3706085606" lat="38.1876354" lon="29.0434487"/>
  <node id="3706085608" lat="38.1876648" lon="29.0123042"/>
  <node id="3706085609" lat="38.1876695" lon="29.0197201"/>
  <node id="3706085613" lat="38.1877619" lon="29.0456305"/>
  <node id="3706085614" lat="38.1878465" lon="29.0519616"/>
  <node id="3706085619" lat="38.1878147" lon="29.0122923"/>
  <node id="3706085620" lat="38.1878194" lon="29.0200182"/>
  <node id="3706085625" lat="38.1835386" lon="28.9771354"/>
  <node id="3706085632" lat="38.1836639" lon="29.0556834"/>
  <node id="3706085640" lat="38.1837991" lon="28.9990461"/>
  <node id="3706085644" lat="38.1838478" lon="28.9775527"/>
  <node id="3706085652" lat="38.1840378" lon="29.0552788"/>
  <node id="3706085667" lat="38.1894734" lon="29.0210733"/>
  <node id="3706085668" lat="38.1895359" lon="29.0501797"/>
  <node id="3706085669" lat="38.1895156" lon="29.0107244"/>
  <node id="3706085671" lat="38.1896085" lon="28.9976916"/>
  <node id="3706085672" lat="38.1896413" lon="28.9975545"/>
  <node id="3706085673" lat="38.1896507" lon="28.9972385"/>
  <node id="3706085674" lat="38.1897842" lon="29.0497434"/>
  <node id="3706085675" lat="38.1896835" lon="28.9967436"/>
  <node id="3706085677" lat="38.1897304" lon="28.9965528"/>
  <node id="3706085680" lat="38.1898060" lon="29.0468204"/>
  <node id="3706085683" lat="38.1898304" lon="29.0677987"/>
  <node id="3706085687" lat="38.1899545" lon="29.0492307"/>
  <node id="3706085689" lat="38.1899393" lon="28.9797585"/>
  <node id="3706085690" lat="38.1899553" lon="28.9964098"/>
  <node id="3706085693" lat="38.1900115" lon="28.9929457"/>
  <node id="3706085694" lat="38.1900678" lon="28.9962428"/>
  <node id="3706085698" lat="38.1901417" lon="29.0487907"/>
  <node id="3706085700" lat="38.1901069" lon="29.0678345"/>
  <node id="3706085703" lat="38.1902177" lon="28.9955452"/>
  <node id="3706085704" lat="38.1902271" lon="28.9957181"/>
  <node id="3706085705" lat="38.1902411" lon="28.9960997"/>
  <node id="3706085707" lat="38.1902693" lon="28.9954498"/>
  <node id="3706085710" lat="38.1902786" lon="28.9959864"/>
  <node id="3706085711" lat="38.1902886" lon="29.0470947"/>
  <node id="3706085715" lat="38.1904388" lon="29.0483211"/>
  <node id="3706085717" lat="38.1904174" lon="28.9889862"/>
  <node id="3706085722" lat="38.1904590" lon="28.9887346"/>
  <node id="3706085723" lat="38.1904921" lon="28.9886756"/>
  <node id="3706085724" lat="38.1904942" lon="28.9952889"/>
  <node id="3706085731" lat="38.1854566" lon="29.0400387"/>
  <node id="3706085734" lat="38.1854941" lon="29.0367539"/>
  <node id="3706085738" lat="38.1855535" lon="28.9787987"/>
  <node id="3706085743" lat="38.1857304" lon="29.0668270"/>
  <node id="3706085746" lat="38.1857799" lon="29.0369268"/>
  <node id="3706085751" lat="38.1858736" lon="29.0399851"/>
  <node id="3706085754" lat="38.1859861" lon="29.0370639"/>
  <node id="3706085757" lat="38.1860845" lon="29.0399254"/>
  <node id="3706085760" lat="38.1861782" lon="29.0373501"/>
  <node id="3706085761" lat="38.1862314" lon="29.0533497"/>
  <node id="3706085763" lat="38.1862263" lon="29.0125188"/>
  <node id="3706085765" lat="38.1862732" lon="29.0129957"/>
  <node id="3706085766" lat="38.1862825" lon="29.0125426"/>
  <node id="3706085767" lat="38.1863443" lon="29.0670773"/>
  <node id="3706085769" lat="38.1863997" lon="29.0129719"/>
  <node id="3706085770" lat="38.1864172" lon="29.0376124"/>
  <node id="3706085771" lat="38.1864640" lon="29.0397168"/>
  <node id="3706085772" lat="38.1864981" lon="29.0122803"/>
  <node id="3706085774" lat="38.1865262" lon="29.0109390"/>
  <node id="3706085776" lat="38.1865590" lon="29.0129123"/>
  <node id="3706085777" lat="38.1865797" lon="28.9791027"/>
  <node id="3706085778" lat="38.1865824" lon="29.0121969"/>
  <node id="3706085781" lat="38.1865999" lon="29.0378508"/>
  <node id="3706085782" lat="38.1866233" lon="29.0396154"/>
  <node id="3706085784" lat="38.1866469" lon="28.9955631"/>
  <node id="3706085785" lat="38.1866949" lon="29.0121969"/>
  <node id="3706085786" lat="38.1866983" lon="29.0389001"/>
  <node id="3706085787" lat="38.1867030" lon="29.0381191"/>
  <node id="3706085788" lat="38.1867051" lon="29.0671191"/>
  <node id="3706085789" lat="38.1867077" lon="29.0392339"/>
  <node id="3706085793" lat="38.1867311" lon="29.0383695"/>
  <node id="3706085794" lat="38.1867408" lon="29.0394144"/>
  <node id="3706085795" lat="38.1867464" lon="29.0128348"/>
  <node id="3706085797" lat="38.1867920" lon="29.0396929"/>
  <node id="3706085798" lat="38.1867979" lon="29.0122207"/>
  <node id="3706085802" lat="38.1869249" lon="29.0527441"/>
  <node id="3706085803" lat="38.1868764" lon="29.0402533"/>
  <node id="3706085804" lat="38.1868857" lon="29.0407720"/>
  <node id="3706085805" lat="38.1869092" lon="29.0412429"/>
  <node id="3706085806" lat="38.1869151" lon="29.0120657"/>
  <node id="3706085807" lat="38.1869291" lon="29.0123459"/>
  <node id="3706085808" lat="38.1869432" lon="29.0118034"/>
  <node id="3706085809" lat="38.1869526" lon="29.0119644"/>
  <node id="3706085810" lat="38.1869807" lon="29.0128228"/>
  <node id="3706085811" lat="38.1869826" lon="28.9791862"/>
  <node id="3706085812" lat="38.1870029" lon="29.0416423"/>
  <node id="3706085813" lat="38.1870350" lon="29.0455786"/>
  <node id="3706085814" lat="38.1870229" lon="29.0124890"/>
  <node id="3706085816" lat="38.1871028" lon="29.0458928"/>
  <node id="3706085817" lat="38.1870650" lon="29.0127871"/>
  <node id="3706085820" lat="38.1871540" lon="29.0125605"/>
  <node id="3706085822" lat="38.1872021" lon="29.0454339"/>
  <node id="3706085825" lat="38.1872467" lon="28.9951517"/>
  <node id="3706085826" lat="38.1910664" lon="29.0232492"/>
  <node id="3706085827" lat="38.1910706" lon="28.9932558"/>
  <node id="3706085828" lat="38.1910753" lon="28.9886208"/>
  <node id="3706085831" lat="38.1911183" lon="28.9887135"/>
  <node id="3706085832" lat="38.1911482" lon="28.9888948"/>
  <node id="3706085833" lat="38.1911483" lon="28.9889981"/>
  <node id="3706085834" lat="38.1912432" lon="29.0470475"/>
  <node id="3706085835" lat="38.1911713" lon="28.9896578"/>
  <node id="3706085838" lat="38.1912277" lon="28.9894808"/>
  <node id="3706085839" lat="38.1912310" lon="28.9891815"/>
  <node id="3706085840" lat="38.1912442" lon="28.9893122"/>
  <node id="3706085841" lat="38.1912668" lon="28.9890687"/>
  <node id="3706085842" lat="38.1912741" lon="28.9881444"/>
  <node id="3706085846" lat="38.1913370" lon="28.9921409"/>
  <node id="3706085848" lat="38.1913452" lon="28.9891153"/>
  <node id="3706085850" lat="38.1913517" lon="28.9928384"/>
  <node id="3706085853" lat="38.1914050" lon="29.0096663"/>
  <node id="3706085854" lat="38.1914132" lon="28.9882287"/>
  <node id="3706085856" lat="38.1914331" lon="28.9888990"/>
  <node id="3706085858" lat="38.1915298" lon="28.9927549"/>
  <node id="3706085859" lat="38.1915396" lon="29.0238990"/>
  <node id="3706085860" lat="38.1915424" lon="28.9886545"/>
  <node id="3706085861" lat="38.1915623" lon="28.9882667"/>
  <node id="3706085862" lat="38.1916699" lon="29.0462972"/>
  <node id="3706085863" lat="38.1916188" lon="28.9926655"/>
  <node id="3706085864" lat="38.1916253" lon="28.9883299"/>
  <node id="3706085865" lat="38.1916319" lon="28.9885070"/>
  <node id="3706085867" lat="38.1916518" lon="28.9884058"/>
  <node id="3706085868" lat="38.1916591" lon="28.9893022"/>
  <node id="3706085871" lat="38.1917172" lon="28.9924211"/>
  <node id="3706085874" lat="38.1918016" lon="28.9922243"/>
  <node id="3706085875" lat="38.1918265" lon="29.0676735"/>
  <node id="3706085876" lat="38.1918606" lon="28.9894512"/>
  <node id="3706085877" lat="38.1918699" lon="28.9917883"/>
  <node id="3706085879" lat="38.1918840" lon="28.9918837"/>
  <node id="3706085880" lat="38.1918934" lon="28.9917167"/>
  <node id="3706085884" lat="38.1919543" lon="28.9915856"/>
  <node id="3706085886" lat="38.1919636" lon="28.9896003"/>
  <node id="3706085888" lat="38.1920638" lon="28.9917863"/>
  <node id="3706085890" lat="38.1920925" lon="29.0245369"/>
  <node id="3706085891" lat="38.1921136" lon="28.9898864"/>
  <node id="3706085892" lat="38.1921745" lon="28.9911146"/>
  <node id="3706085893" lat="38.1921952" lon="28.9917151"/>
  <node id="3706085898" lat="38.1922382" lon="28.9805309"/>
  <node id="3706085899" lat="38.1922448" lon="28.9903455"/>
  <node id="3706085900" lat="38.1922950" lon="29.0453713"/>
  <node id="3706085904" lat="38.1923104" lon="28.9906794"/>
  <node id="3706085905" lat="38.1923151" lon="28.9905243"/>
  <node id="3706085908" lat="38.1924370" lon="28.9915127"/>
  <node id="3706085912" lat="38.1925762" lon="28.9913020"/>
  <node id="3706085917" lat="38.1926491" lon="28.9910785"/>
  <node id="3706085923" lat="38.1927172" lon="29.0088990"/>
  <node id="3706085924" lat="38.1927584" lon="28.9907497"/>
  <node id="3706085925" lat="38.1879281" lon="29.0671370"/>
  <node id="3706085927" lat="38.1879506" lon="29.0123161"/>
  <node id="3706085929" lat="38.1879728" lon="29.0441223"/>
  <node id="3706085936" lat="38.1881005" lon="29.0202149"/>
  <node id="3706085938" lat="38.1881427" lon="29.0124651"/>
  <node id="3706085939" lat="38.1881427" lon="29.0445074"/>
  <node id="3706085940" lat="38.1882024" lon="29.0456007"/>
  <node id="3706085941" lat="38.1882258" lon="29.0453921"/>
  <node id="3706085943" lat="38.1883134" lon="28.9793948"/>
  <node id="3706085944" lat="38.1883348" lon="29.0124353"/>
  <node id="3706085946" lat="38.1883817" lon="29.0450142"/>
  <node id="3706085954" lat="38.1886113" lon="29.0121969"/>
  <node id="3706085955" lat="38.1886215" lon="29.0674231"/>
  <node id="3706085956" lat="38.1887383" lon="29.0457114"/>
  <node id="3706085958" lat="38.1886487" lon="29.0453122"/>
  <node id="3706085960" lat="38.1887143" lon="29.0120777"/>
  <node id="3706085963" lat="38.1888614" lon="29.0509075"/>
  <node id="3706085966" lat="38.1888549" lon="29.0456282"/>
  <node id="3706085967" lat="38.1888728" lon="28.9938460"/>
  <node id="3706085968" lat="38.1889038" lon="29.0457505"/>
  <node id="3706085970" lat="38.1890329" lon="29.0114994"/>
  <node id="3706085971" lat="38.1891313" lon="29.0463197"/>
  <node id="3706085973" lat="38.1891896" lon="28.9795439"/>
  <node id="3706085974" lat="38.1892016" lon="29.0208170"/>
  <node id="3706085976" lat="38.1892110" lon="29.0464806"/>
  <node id="3706085978" lat="38.1893797" lon="29.0109808"/>
  <node id="3706085986" lat="38.1927823" lon="29.0673993"/>
  <node id="3706085988" lat="38.1928417" lon="29.0447334"/>
  <node id="3706085992" lat="38.1928187" lon="29.0254788"/>
  <node id="3706085994" lat="38.1928346" lon="28.9901595"/>
  <node id="3706085996" lat="38.1928479" lon="28.9905769"/>
  <node id="3706085997" lat="38.1928876" lon="28.9890255"/>
  <node id="3706085999" lat="38.1928943" lon="28.9899150"/>
  <node id="3706086002" lat="38.1929406" lon="28.9904925"/>
  <node id="3706086004" lat="38.1929605" lon="28.9897548"/>
  <node id="3706086011" lat="38.1930334" lon="28.9891351"/>
  <node id="3706086015" lat="38.1930533" lon="28.9896283"/>
  <node id="3706086016" lat="38.1930533" lon="28.9896958"/>
  <node id="3706086018" lat="38.1930864" lon="28.9897885"/>
  <node id="3706086020" lat="38.1930964" lon="28.9892025"/>
  <node id="3706086021" lat="38.1930997" lon="28.9895272"/>
  <node id="3706086023" lat="38.1931161" lon="28.9894515"/>
  <node id="3706086027" lat="38.1905673" lon="28.9889981"/>
  <node id="3706086028" lat="38.1905716" lon="28.9885955"/>
  <node id="3706086029" lat="38.1905745" lon="29.0224623"/>
  <node id="3706086033" lat="38.1906348" lon="28.9951637"/>
  <node id="3706086034" lat="38.1906445" lon="28.9883889"/>
  <node id="3706086036" lat="38.1906611" lon="28.9799955"/>
  <node id="3706086037" lat="38.1906798" lon="28.9890518"/>
  <node id="3706086039" lat="38.1907378" lon="29.0479376"/>
  <node id="3706086040" lat="38.1907009" lon="28.9882751"/>
  <node id="3706086042" lat="38.1907238" lon="28.9924867"/>
  <node id="3706086043" lat="38.1907332" lon="28.9949550"/>
  <node id="3706086044" lat="38.1907384" lon="29.0472377"/>
  <node id="3706086047" lat="38.1908069" lon="28.9881992"/>
  <node id="3706086048" lat="38.1908367" lon="28.9883974"/>
  <node id="3706086049" lat="38.1908438" lon="28.9890518"/>
  <node id="3706086050" lat="38.1908503" lon="28.9944899"/>
  <node id="3706086051" lat="38.1908864" lon="28.9882161"/>
  <node id="3706086052" lat="38.1908894" lon="29.0678583"/>
  <node id="3706086054" lat="38.1909300" lon="28.9939056"/>
  <node id="3706086055" lat="38.1909328" lon="28.9881992"/>
  <node id="3706086058" lat="38.1910403" lon="29.0474607"/>
  <node id="3706086059" lat="38.1909843" lon="28.9881515"/>
  <node id="3706086060" lat="38.1909862" lon="28.9935241"/>
  <node id="3706086061" lat="38.1909924" lon="28.9885702"/>
  <node id="3706086062" lat="38.1910031" lon="28.9889743"/>
  <node id="3706086064" lat="38.1910265" lon="28.9879786"/>
  <node id="3706086065" lat="38.1910488" lon="28.9898433"/>
  <node id="3706086068" lat="38.1975004" lon="29.0401270"/>
  <node id="3706086078" lat="38.1975890" lon="29.0828137"/>
  <node id="3706086079" lat="38.1976190" lon="28.9828590"/>
  <node id="3706086087" lat="38.1977620" lon="29.0356742"/>
  <node id="3706086088" lat="38.1977620" lon="29.0358829"/>
  <node id="3706086091" lat="38.1977995" lon="29.0355073"/>
  <node id="3706086092" lat="38.1978867" lon="29.0364149"/>
  <node id="3706086093" lat="38.1978256" lon="29.0399272"/>
  <node id="3706086094" lat="38.1978910" lon="29.0361729"/>
  <node id="3706086098" lat="38.1979487" lon="29.0359821"/>
  <node id="3706086100" lat="38.1979071" lon="29.0856129"/>
  <node id="3706086101" lat="38.1979989" lon="29.0370159"/>
  <node id="3706086102" lat="38.1979260" lon="29.0344876"/>
  <node id="3706086103" lat="38.1979361" lon="29.0680312"/>
  <node id="3706086107" lat="38.1980643" lon="29.0374235"/>
  <node id="3706086108" lat="38.1980051" lon="29.0398473"/>
  <node id="3706086110" lat="38.1980934" lon="29.0358329"/>
  <node id="3706086111" lat="38.1980727" lon="29.0862031"/>
  <node id="3706086112" lat="38.1981805" lon="29.0396909"/>
  <node id="3706086113" lat="38.1981859" lon="29.0397779"/>
  <node id="3706086115" lat="38.1981689" lon="29.0393506"/>
  <node id="3706086116" lat="38.1981945" lon="29.0395611"/>
  <node id="3706086117" lat="38.1981088" lon="29.0330387"/>
  <node id="3706086118" lat="38.1982070" lon="29.0391127"/>
  <node id="3706086120" lat="38.1982125" lon="29.0384938"/>
  <node id="3706086121" lat="38.1982285" lon="29.0388335"/>
  <node id="3706086123" lat="38.1981737" lon="29.0398814"/>
  <node id="3706086125" lat="38.1927816" lon="28.9904841"/>
  <node id="3706086126" lat="38.1937345" lon="29.0099221"/>
  <node id="3706086129" lat="38.1937623" lon="28.9894513"/>
  <node id="3706086130" lat="38.1937673" lon="29.0093020"/>
  <node id="3706086131" lat="38.1937690" lon="28.9893122"/>
  <node id="3706086134" lat="38.1937813" lon="29.0089681"/>
  <node id="3706086135" lat="38.1937954" lon="29.0091053"/>
  <node id="3706086136" lat="38.1938040" lon="29.0085111"/>
  <node id="3706086137" lat="38.1938120" lon="28.9892531"/>
  <node id="3706086138" lat="38.1938235" lon="29.0087893"/>
  <node id="3706086142" lat="38.1938469" lon="29.0141434"/>
  <node id="3706086145" lat="38.1938563" lon="29.0133445"/>
  <node id="3706086147" lat="38.1938610" lon="29.0137082"/>
  <node id="3706086148" lat="38.1938704" lon="29.0103335"/>
  <node id="3706086149" lat="38.1938729" lon="29.0268380"/>
  <node id="3706086150" lat="38.1938891" lon="29.0125098"/>
  <node id="3706086157" lat="38.1939266" lon="29.0105720"/>
  <node id="3706086159" lat="38.1938971" lon="29.0449594"/>
  <node id="3706086162" lat="38.1939594" lon="29.0088131"/>
  <node id="3706086163" lat="38.1939594" lon="29.0108045"/>
  <node id="3706086164" lat="38.1939763" lon="29.0083087"/>
  <node id="3706086165" lat="38.1939782" lon="29.0120864"/>
  <node id="3706086167" lat="38.1940228" lon="29.0298783"/>
  <node id="3706086168" lat="38.1940275" lon="29.0296339"/>
  <node id="3706086171" lat="38.1940416" lon="29.0275355"/>
  <node id="3706086172" lat="38.1940438" lon="29.0111205"/>
  <node id="3706086177" lat="38.1940672" lon="29.0112934"/>
  <node id="3706086178" lat="38.1940743" lon="29.0301704"/>
  <node id="3706086185" lat="38.1941765" lon="28.9903998"/>
  <node id="3706086186" lat="38.1941843" lon="29.0087952"/>
  <node id="3706086187" lat="38.1942008" lon="29.0291629"/>
  <node id="3706086188" lat="38.1942096" lon="28.9811253"/>
  <node id="3706086189" lat="38.1942102" lon="29.0283343"/>
  <node id="3706086190" lat="38.1942160" lon="29.0672979"/>
  <node id="3706086193" lat="38.1942290" lon="29.0287635"/>
  <node id="3706086195" lat="38.1942524" lon="29.0307606"/>
  <node id="3706086198" lat="38.1942618" lon="29.0319469"/>
  <node id="3706086204" lat="38.1943015" lon="29.0088071"/>
  <node id="3706086205" lat="38.1943133" lon="29.0311242"/>
  <node id="3706086206" lat="38.1943133" lon="29.0322807"/>
  <node id="3706086207" lat="38.1943453" lon="29.0431873"/>
  <node id="3706086208" lat="38.1943180" lon="29.0452049"/>
  <node id="3706086211" lat="38.1943474" lon="29.0075245"/>
  <node id="3706086221" lat="38.1944655" lon="29.0089860"/>
  <node id="3706086225" lat="38.1931262" lon="28.9894049"/>
  <node id="3706086226" lat="38.1931295" lon="28.9892995"/>
  <node id="3706086227" lat="38.1931347" lon="29.0087303"/>
  <node id="3706086228" lat="38.1931560" lon="28.9898265"/>
  <node id="3706086232" lat="38.1932057" lon="28.9903576"/>
  <node id="3706086234" lat="38.1932421" lon="28.9895272"/>
  <node id="3706086244" lat="38.1933528" lon="29.0260034"/>
  <node id="3706086245" lat="38.1933681" lon="28.9809019"/>
  <node id="3706086246" lat="38.1934394" lon="29.0441379"/>
  <node id="3706086247" lat="38.1934078" lon="28.9898686"/>
  <node id="3706086250" lat="38.1934443" lon="28.9903450"/>
  <node id="3706086255" lat="38.1935367" lon="29.0673098"/>
  <node id="3706086256" lat="38.1935437" lon="28.9899740"/>
  <node id="3706086258" lat="38.1935721" lon="29.0086207"/>
  <node id="3706086259" lat="38.1936288" lon="29.0444627"/>
  <node id="3706086260" lat="38.1935900" lon="28.9898728"/>
  <node id="3706086264" lat="38.1936199" lon="28.9896747"/>
  <node id="3706086265" lat="38.1936265" lon="28.9901005"/>
  <node id="3706086268" lat="38.1936508" lon="28.9896337"/>
  <node id="3706086270" lat="38.1936696" lon="28.9902017"/>
  <node id="3706086271" lat="38.1937238" lon="29.0447256"/>
  <node id="3706086272" lat="38.1936876" lon="29.0096896"/>
  <node id="3706086273" lat="38.1936923" lon="29.0094868"/>
  <node id="3706086274" lat="38.1936949" lon="29.0264386"/>
  <node id="3706086275" lat="38.1936961" lon="28.9895735"/>
  <node id="3706086279" lat="38.1937093" lon="28.9903745"/>
  <node id="3706086285" lat="38.1937345" lon="29.0088310"/>
  <node id="3706086292" lat="38.1945920" lon="29.0036855"/>
  <node id="3706086294" lat="38.1946108" lon="29.0091231"/>
  <node id="3706086296" lat="38.1946366" lon="29.0452765"/>
  <node id="3706086297" lat="38.1946469" lon="28.9905305"/>
  <node id="3706086298" lat="38.1946482" lon="29.0041565"/>
  <node id="3706086300" lat="38.1946623" lon="29.0030833"/>
  <node id="3706086303" lat="38.1946810" lon="29.0092305"/>
  <node id="3706086305" lat="38.1947185" lon="29.0068753"/>
  <node id="3706086309" lat="38.1947654" lon="29.0095584"/>
  <node id="3706086311" lat="38.1947748" lon="29.0026838"/>
  <node id="3706086312" lat="38.1947771" lon="29.0335266"/>
  <node id="3706086314" lat="38.1947980" lon="29.0066476"/>
  <node id="3706086315" lat="38.1948047" lon="29.0059646"/>
  <node id="3706086317" lat="38.1948169" lon="29.0051224"/>
  <node id="3706086318" lat="38.1948193" lon="29.0453659"/>
  <node id="3706086322" lat="38.1948325" lon="28.9813319"/>
  <node id="3706086323" lat="38.1948450" lon="29.0054563"/>
  <node id="3706086425" lat="38.1948497" lon="29.0068515"/>
  <node id="3706086428" lat="38.1948855" lon="28.9850627"/>
  <node id="3706086430" lat="38.1948921" lon="28.9854169"/>
  <node id="3706086433" lat="38.1949013" lon="29.0099102"/>
  <node id="3706086434" lat="38.1949054" lon="28.9858131"/>
  <node id="3706086436" lat="38.1949224" lon="29.0454374"/>
  <node id="3706086437" lat="38.1949352" lon="28.9847424"/>
  <node id="3706086440" lat="38.1949816" lon="28.9841901"/>
  <node id="3706086441" lat="38.1949816" lon="28.9906443"/>
  <node id="3706086450" lat="38.1950876" lon="28.9834397"/>
  <node id="3706086455" lat="38.1951356" lon="29.0015569"/>
  <node id="3706086458" lat="38.1951403" lon="29.0104408"/>
  <node id="3706086459" lat="38.1951472" lon="28.9865045"/>
  <node id="3706086462" lat="38.1951539" lon="28.9870652"/>
  <node id="3706086463" lat="38.1951543" lon="29.0066368"/>
  <node id="3706086470" lat="38.1951903" lon="28.9867827"/>
  <node id="3706086477" lat="38.1952340" lon="29.0106078"/>
  <node id="3706086484" lat="38.1953195" lon="28.9877861"/>
  <node id="3706086486" lat="38.1953324" lon="29.0008176"/>
  <node id="3706086487" lat="38.1953393" lon="29.0352971"/>
  <node id="3706086491" lat="38.1953692" lon="28.9820570"/>
  <node id="3706086492" lat="38.1953699" lon="29.0064580"/>
  <node id="3706086493" lat="38.1953699" lon="29.0107032"/>
  <node id="3706086495" lat="38.1954090" lon="28.9881402"/>
  <node id="3706086497" lat="38.1954388" lon="28.9816480"/>
  <node id="3706086503" lat="38.1954776" lon="29.0004360"/>
  <node id="3706086505" lat="38.1954918" lon="28.9882498"/>
  <node id="3706086517" lat="38.1955901" lon="29.0062016"/>
  <node id="3706086518" lat="38.1955945" lon="28.9909436"/>
  <node id="3706086520" lat="38.1956042" lon="29.0107747"/>
  <node id="3706086629" lat="38.1956732" lon="29.0672502"/>
  <node id="3706086633" lat="38.1957171" lon="28.9884100"/>
  <node id="3706086639" lat="38.1957541" lon="29.0060525"/>
  <node id="3706086641" lat="38.1957728" lon="29.0107747"/>
  <node id="3706086644" lat="38.1957800" lon="28.9885323"/>
  <node id="3706086647" lat="38.1958930" lon="29.0416343"/>
  <node id="3706086650" lat="38.1958853" lon="28.9998398"/>
  <node id="3706086652" lat="38.1959015" lon="29.0372942"/>
  <node id="3706086658" lat="38.1959821" lon="28.9889580"/>
  <node id="3706086659" lat="38.1960011" lon="29.0673516"/>
  <node id="3706086662" lat="38.1960634" lon="28.9995774"/>
  <node id="3706086667" lat="38.1961243" lon="28.9992793"/>
  <node id="3706086671" lat="38.1961677" lon="28.9894218"/>
  <node id="3706086673" lat="38.1962008" lon="28.9913273"/>
  <node id="3706086674" lat="38.1962227" lon="28.9985161"/>
  <node id="3706086675" lat="38.1962248" lon="29.0380334"/>
  <node id="3706086678" lat="38.1962414" lon="29.0106555"/>
  <node id="3706086682" lat="38.1962604" lon="28.9820949"/>
  <node id="3706086683" lat="38.1963366" lon="28.9896283"/>
  <node id="3706086685" lat="38.1963398" lon="28.9978841"/>
  <node id="3706086687" lat="38.1963501" lon="28.9914345"/>
  <node id="3706086688" lat="38.1963539" lon="29.0056829"/>
  <node id="3706086693" lat="38.1964062" lon="28.9914748"/>
  <node id="3706086698" lat="38.1964360" lon="28.9912556"/>
  <node id="3706086701" lat="38.1964804" lon="28.9963220"/>
  <node id="3706086703" lat="38.1964890" lon="28.9909984"/>
  <node id="3706086707" lat="38.1965226" lon="29.0055696"/>
  <node id="3706086709" lat="38.1965354" lon="28.9898771"/>
  <node id="3706086712" lat="38.1965719" lon="28.9900162"/>
  <node id="3706086713" lat="38.1965918" lon="28.9903028"/>
  <node id="3706086716" lat="38.1966350" lon="28.9952010"/>
  <node id="3706086717" lat="38.1966350" lon="29.0053490"/>
  <node id="3706086720" lat="38.1967116" lon="29.0408458"/>
  <node id="3706086724" lat="38.1967133" lon="29.0676377"/>
  <node id="3706086829" lat="38.1967673" lon="28.9917741"/>
  <node id="3706086833" lat="38.1968412" lon="29.0051463"/>
  <node id="3706086835" lat="38.1968620" lon="29.0392316"/>
  <node id="3706086837" lat="38.1969162" lon="28.9942769"/>
  <node id="3706086840" lat="38.1969537" lon="29.0049614"/>
  <node id="3706086850" lat="38.1970708" lon="28.9918085"/>
  <node id="3706086854" lat="38.1970896" lon="28.9939191"/>
  <node id="3706086856" lat="38.1971083" lon="28.9920052"/>
  <node id="3706086863" lat="38.1972032" lon="29.0804992"/>
  <node id="3706086864" lat="38.1972067" lon="28.9921543"/>
  <node id="3706086866" lat="38.1972254" lon="28.9826264"/>
  <node id="3706086868" lat="38.1972536" lon="28.9936449"/>
  <node id="3706086869" lat="38.1973034" lon="29.0398197"/>
  <node id="3706086876" lat="38.1973238" lon="28.9923153"/>
  <node id="3706086877" lat="38.1973372" lon="29.0809926"/>
  <node id="3706086878" lat="38.1973379" lon="28.9933348"/>
  <node id="3706086880" lat="38.1973754" lon="28.9917727"/>
  <node id="3706086881" lat="38.1973754" lon="28.9925418"/>
  <node id="3706086882" lat="38.1973801" lon="28.9929234"/>
  <node id="3706086890" lat="38.2023727" lon="29.0692831"/>
  <node id="3706086892" lat="38.2024593" lon="29.0377853"/>
  <node id="3706086897" lat="38.2026239" lon="29.0328051"/>
  <node id="3706086899" lat="38.2026982" lon="28.9917787"/>
  <node id="3706086902" lat="38.2028257" lon="29.0440246"/>
  <node id="3706086905" lat="38.2030003" lon="29.0326146"/>
  <node id="3706086906" lat="38.2029793" lon="29.0372547"/>
  <node id="3706086912" lat="38.2032510" lon="28.9917131"/>
  <node id="3706086913" lat="38.2032535" lon="29.0695693"/>
  <node id="3706086914" lat="38.2033730" lon="29.0323097"/>
  <node id="3706086916" lat="38.2033353" lon="29.0370401"/>
  <node id="3706086918" lat="38.2034666" lon="28.9867166"/>
  <node id="3706086921" lat="38.2036048" lon="29.0697422"/>
  <node id="3706086922" lat="38.2037393" lon="29.0318723"/>
  <node id="3706086923" lat="38.2036821" lon="28.9916296"/>
  <node id="3706086962" lat="38.2116327" lon="28.9884815"/>
  <node id="3706086963" lat="38.2116514" lon="28.9857090"/>
  <node id="3706086970" lat="38.2117685" lon="28.9862575"/>
  <node id="3706086971" lat="38.2117711" lon="29.0248278"/>
  <node id="3706086972" lat="38.2118388" lon="28.9867226"/>
  <node id="3706086974" lat="38.2118763" lon="28.9894414"/>
  <node id="3706086975" lat="38.2118810" lon="28.9870982"/>
  <node id="3706086977" lat="38.2119606" lon="28.9874261"/>
  <node id="3706086984" lat="38.2121574" lon="28.9891493"/>
  <node id="3706086985" lat="38.2121761" lon="28.9885828"/>
  <node id="3706086987" lat="38.2122229" lon="28.9880939"/>
  <node id="3706086991" lat="38.2122698" lon="28.9883205"/>
  <node id="3706086992" lat="38.2123051" lon="28.9886287"/>
  <node id="3706086994" lat="38.2123822" lon="28.9888094"/>
  <node id="3706086998" lat="38.2124947" lon="28.9886961"/>
  <node id="3706087003" lat="38.2125712" lon="29.0244774"/>
  <node id="3706087013" lat="38.2128085" lon="28.9888273"/>
  <node id="3706087016" lat="38.2129934" lon="29.0243817"/>
  <node id="3706087025" lat="38.1981954" lon="28.9914686"/>
  <node id="3706087026" lat="38.1982019" lon="29.0399589"/>
  <node id="3706087027" lat="38.1982259" lon="29.0314347"/>
  <node id="3706087029" lat="38.1982487" lon="29.0397622"/>
  <node id="3706087031" lat="38.1982640" lon="29.0680372"/>
  <node id="3706087033" lat="38.1983290" lon="29.0306774"/>
  <node id="3706087034" lat="38.1983478" lon="29.0303196"/>
  <node id="3706087038" lat="38.1984087" lon="29.0300215"/>
  <node id="3706087039" lat="38.1984727" lon="29.0356578"/>
  <node id="3706087040" lat="38.1984783" lon="29.0396787"/>
  <node id="3706087041" lat="38.1984876" lon="29.0405193"/>
  <node id="3706087042" lat="38.1984930" lon="29.0290018"/>
  <node id="3706087047" lat="38.1985821" lon="29.0285129"/>
  <node id="3706087048" lat="38.1985907" lon="29.0396787"/>
  <node id="3706087049" lat="38.1985907" lon="29.0407816"/>
  <node id="3706087052" lat="38.1986160" lon="29.0877966"/>
  <node id="3706087053" lat="38.1986703" lon="29.0397145"/>
  <node id="3706087054" lat="38.1986852" lon="29.0274277"/>
  <node id="3706087056" lat="38.1987389" lon="28.9914328"/>
  <node id="3706087060" lat="38.1988464" lon="29.0354690"/>
  <node id="3706087063" lat="38.1988117" lon="29.0265213"/>
  <node id="3706087065" lat="38.1988661" lon="29.0394128"/>
  <node id="3706087067" lat="38.2057811" lon="28.9951414"/>
  <node id="3706087068" lat="38.2057811" lon="28.9953799"/>
  <node id="3706087069" lat="38.2057905" lon="28.9945273"/>
  <node id="3706087070" lat="38.2057951" lon="28.9927863"/>
  <node id="3706087071" lat="38.2057951" lon="28.9949506"/>
  <node id="3706087072" lat="38.2058139" lon="28.9947300"/>
  <node id="3706087081" lat="38.2061981" lon="28.9929353"/>
  <node id="3706087083" lat="38.2062329" lon="29.0701535"/>
  <node id="3706087088" lat="38.2064698" lon="28.9929652"/>
  <node id="3706087089" lat="38.2065393" lon="29.0289761"/>
  <node id="3706087094" lat="38.2066592" lon="29.0702966"/>
  <node id="3706087097" lat="38.2067529" lon="29.0704278"/>
  <node id="3706087099" lat="38.2068259" lon="28.9928519"/>
  <node id="3706087104" lat="38.2069497" lon="29.0705470"/>
  <node id="3706087109" lat="38.2071924" lon="29.0283378"/>
  <node id="3706087112" lat="38.2070882" lon="28.9927147"/>
  <node id="3706087115" lat="38.2071932" lon="29.0703383"/>
  <node id="3706087116" lat="38.2072167" lon="29.0707080"/>
  <node id="3706087123" lat="38.2075193" lon="28.9878673"/>
  <node id="3706087128" lat="38.1992713" lon="29.0680431"/>
  <node id="3706087130" lat="38.1993480" lon="28.9914269"/>
  <node id="3706087131" lat="38.1993731" lon="29.0405312"/>
  <node id="3706087132" lat="38.1994138" lon="29.0390793"/>
  <node id="3706087133" lat="38.1994298" lon="29.0227132"/>
  <node id="3706087138" lat="38.1995261" lon="28.9843853"/>
  <node id="3706087141" lat="38.1996354" lon="29.0406981"/>
  <node id="3706087142" lat="38.1996742" lon="29.0681981"/>
  <node id="3706087144" lat="38.1998007" lon="29.0347037"/>
  <node id="3706087146" lat="38.1997943" lon="29.0210013"/>
  <node id="3706087147" lat="38.1998134" lon="29.0409306"/>
  <node id="3706087150" lat="38.1999342" lon="29.0387570"/>
  <node id="3706087151" lat="38.1999853" lon="28.9915103"/>
  <node id="3706087153" lat="38.2000130" lon="29.0201834"/>
  <node id="3706087154" lat="38.2002153" lon="29.0386556"/>
  <node id="3706087157" lat="38.2002847" lon="29.0193148"/>
  <node id="3706087158" lat="38.2004146" lon="29.0339938"/>
  <node id="3706087160" lat="38.2003180" lon="28.9848921"/>
  <node id="3706087161" lat="38.2003864" lon="29.0687883"/>
  <node id="3706087163" lat="38.2004506" lon="29.0418368"/>
  <node id="3706087164" lat="38.2005429" lon="28.9916713"/>
  <node id="3706087166" lat="38.2006041" lon="29.0386556"/>
  <node id="3706087167" lat="38.2006989" lon="29.0421527"/>
  <node id="3706087169" lat="38.2007800" lon="29.0335895"/>
  <node id="3706087174" lat="38.2008408" lon="29.0690447"/>
  <node id="3706087177" lat="38.2010560" lon="29.0333545"/>
  <node id="3706087178" lat="38.2011205" lon="29.0424746"/>
  <node id="3706087180" lat="38.2011616" lon="29.0386676"/>
  <node id="3706087185" lat="38.2014016" lon="29.0426773"/>
  <node id="3706087187" lat="38.2014896" lon="29.0387331"/>
  <node id="3706087190" lat="38.2015342" lon="29.0691460"/>
  <node id="3706087191" lat="38.2015431" lon="29.0331649"/>
  <node id="3706087193" lat="38.2016207" lon="29.0386974"/>
  <node id="3706087194" lat="38.2016910" lon="29.0386139"/>
  <node id="3706087196" lat="38.2017377" lon="28.9918323"/>
  <node id="3706087199" lat="38.2017894" lon="29.0383993"/>
  <node id="3706087202" lat="38.2021640" lon="28.9859057"/>
  <node id="3706087203" lat="38.2022203" lon="28.9918323"/>
  <node id="3706087226" lat="38.2040311" lon="29.0314652"/>
  <node id="3706087230" lat="38.2039632" lon="28.9916356"/>
  <node id="3706087231" lat="38.2040171" lon="29.0699628"/>
  <node id="3706087234" lat="38.2041881" lon="28.9871399"/>
  <node id="3706087235" lat="38.2042350" lon="28.9917727"/>
  <node id="3706087237" lat="38.2043122" lon="29.0700164"/>
  <node id="3706087238" lat="38.2044141" lon="29.0308762"/>
  <node id="3706087242" lat="38.2045442" lon="28.9920708"/>
  <node id="3706087244" lat="38.2046898" lon="29.0305551"/>
  <node id="3706087245" lat="38.2046589" lon="29.0699687"/>
  <node id="3706087248" lat="38.2047363" lon="28.9874082"/>
  <node id="3706087252" lat="38.2049400" lon="29.0698793"/>
  <node id="3706087253" lat="38.2049471" lon="28.9925239"/>
  <node id="3706087257" lat="38.2051298" lon="28.9927147"/>
  <node id="3706087260" lat="38.2052048" lon="28.9963100"/>
  <node id="3706087261" lat="38.2052189" lon="28.9875275"/>
  <node id="3706087262" lat="38.2052657" lon="28.9927565"/>
  <node id="3706087266" lat="38.2053428" lon="29.0699806"/>
  <node id="3706087267" lat="38.2054550" lon="29.0298610"/>
  <node id="3706087268" lat="38.2054391" lon="28.9959940"/>
  <node id="3706087273" lat="38.2055515" lon="28.9930188"/>
  <node id="3706087274" lat="38.2055703" lon="28.9927565"/>
  <node id="3706087275" lat="38.2055703" lon="28.9957734"/>
  <node id="3706087278" lat="38.2056452" lon="28.9934421"/>
  <node id="3706087281" lat="38.2056614" lon="29.0700224"/>
  <node id="3706087282" lat="38.2056686" lon="28.9939668"/>
  <node id="3706087284" lat="38.2057061" lon="28.9955826"/>
  <node id="3706087285" lat="38.2057155" lon="28.9943067"/>
  <node id="3706087287" lat="38.2200055" lon="28.9969359"/>
  <node id="3706087289" lat="38.2200769" lon="29.0100679"/>
  <node id="3706087295" lat="38.2201461" lon="28.9974907"/>
  <node id="3706087298" lat="38.2201438" lon="28.9989949"/>
  <node id="3706087305" lat="38.2202445" lon="28.9978903"/>
  <node id="3706087307" lat="38.2202750" lon="28.9988273"/>
  <node id="3706087310" lat="38.2203743" lon="28.9986937"/>
  <node id="3706087313" lat="38.2204016" lon="29.0103378"/>
  <node id="3706087318" lat="38.2206024" lon="28.9822944"/>
  <node id="3706087320" lat="38.2206269" lon="29.0106414"/>
  <node id="3706087322" lat="38.2206882" lon="29.0208149"/>
  <node id="3706087325" lat="38.2076105" lon="29.0277540"/>
  <node id="3706087326" lat="38.2076055" lon="29.0702966"/>
  <node id="3706087330" lat="38.2076898" lon="29.0708272"/>
  <node id="3706087341" lat="38.2079409" lon="28.9922914"/>
  <node id="3706087342" lat="38.2079802" lon="29.0709464"/>
  <node id="3706087344" lat="38.2080177" lon="29.0700879"/>
  <node id="3706087349" lat="38.2082149" lon="29.0270990"/>
  <node id="3706087354" lat="38.2083532" lon="28.9920171"/>
  <node id="3706087360" lat="38.2085049" lon="29.0709941"/>
  <node id="3706087362" lat="38.2085236" lon="29.0695276"/>
  <node id="3706087373" lat="38.2087828" lon="29.0265653"/>
  <node id="3706087377" lat="38.2087983" lon="28.9916236"/>
  <node id="3706087379" lat="38.2088123" lon="28.9880999"/>
  <node id="3706087385" lat="38.2090179" lon="29.0853094"/>
  <node id="3706087387" lat="38.2090342" lon="29.0710180"/>
  <node id="3706087388" lat="38.2091315" lon="29.0263043"/>
  <node id="3706087400" lat="38.2093371" lon="28.9882251"/>
  <node id="3706087402" lat="38.2093605" lon="28.9911645"/>
  <node id="3706087415" lat="38.2098665" lon="28.9883801"/>
  <node id="3706087420" lat="38.2100564" lon="29.0260040"/>
  <node id="3706087430" lat="38.2103162" lon="28.9885351"/>
  <node id="3706087434" lat="38.2105950" lon="29.0257902"/>
  <node id="3706087436" lat="38.2104099" lon="28.9905206"/>
  <node id="3706087438" lat="38.2105083" lon="28.9885411"/>
  <node id="3706087448" lat="38.2109772" lon="29.0254812"/>
  <node id="3706087450" lat="38.2108597" lon="28.9884934"/>
  <node id="3706087451" lat="38.2109159" lon="28.9901748"/>
  <node id="3706087457" lat="38.2112251" lon="28.9884636"/>
  <node id="3706087460" lat="38.2114086" lon="29.0250975"/>
  <node id="3706087475" lat="38.2166908" lon="28.9918734"/>
  <node id="3706087510" lat="38.2170232" lon="29.0224829"/>
  <node id="3706087527" lat="38.2133239" lon="28.9890837"/>
  <node id="3706087531" lat="38.2135614" lon="29.0243046"/>
  <node id="3706087542" lat="38.2138739" lon="29.0856045"/>
  <node id="3706087545" lat="38.2139094" lon="28.9893758"/>
  <node id="3706087549" lat="38.2140499" lon="29.0241510"/>
  <node id="3706087559" lat="38.2144060" lon="28.9897038"/>
  <node id="3706087599" lat="38.2149447" lon="29.0238878"/>
  <node id="3706087736" lat="38.2154604" lon="29.0235775"/>
  <node id="3706087738" lat="38.2153272" lon="28.9903406"/>
  <node id="3706087758" lat="38.2156005" lon="28.9906003"/>
  <node id="3706087766" lat="38.2156786" lon="28.9906746"/>
  <node id="3706087811" lat="38.2160957" lon="28.9911517"/>
  <node id="3706087848" lat="38.2165141" lon="29.0227915"/>
  <node id="3706087910" lat="38.2260351" lon="29.0214895"/>
  <node id="3706087915" lat="38.2260665" lon="28.9866489"/>
  <node id="3706087922" lat="38.2260933" lon="29.0172694"/>
  <node id="3706087935" lat="38.2172242" lon="29.0065888"/>
  <node id="3706087936" lat="38.2172437" lon="28.9925652"/>
  <node id="3706087950" lat="38.2173634" lon="29.0084781"/>
  <node id="3706087952" lat="38.2173700" lon="29.0083178"/>
  <node id="3706087953" lat="38.2173733" lon="29.0066689"/>
  <node id="3706087956" lat="38.2173965" lon="29.0086467"/>
  <node id="3706087957" lat="38.2173998" lon="29.0082208"/>
  <node id="3706087959" lat="38.2174131" lon="29.0076515"/>
  <node id="3706087960" lat="38.2174659" lon="29.0222528"/>
  <node id="3706087961" lat="38.2174197" lon="29.0080058"/>
  <node id="3706087962" lat="38.2174263" lon="29.0080774"/>
  <node id="3706087964" lat="38.2174330" lon="29.0075630"/>
  <node id="3706087966" lat="38.2174462" lon="29.0077654"/>
  <node id="3706087967" lat="38.2174495" lon="29.0079551"/>
  <node id="3706087969" lat="38.2174595" lon="29.0078792"/>
  <node id="3706087970" lat="38.2174661" lon="29.0081702"/>
  <node id="3706087971" lat="38.2174694" lon="29.0067744"/>
  <node id="3706087972" lat="38.2174860" lon="29.0087522"/>
  <node id="3706087976" lat="38.2175158" lon="29.0074027"/>
  <node id="3706087977" lat="38.2175291" lon="29.0072425"/>
  <node id="3706087978" lat="38.2175357" lon="29.0068924"/>
  <node id="3706087979" lat="38.2175390" lon="29.0070274"/>
  <node id="3706087981" lat="38.2175522" lon="29.0081955"/>
  <node id="3706087990" lat="38.2176119" lon="29.0087227"/>
  <node id="3706087994" lat="38.2176881" lon="29.0082883"/>
  <node id="3706088026" lat="38.2179034" lon="29.0085455"/>
  <node id="3706088031" lat="38.2179266" lon="29.0083811"/>
  <node id="3706088038" lat="38.2180363" lon="29.0218126"/>
  <node id="3706088041" lat="38.2180611" lon="28.9794983"/>
  <node id="3706088044" lat="38.2180724" lon="29.0084781"/>
  <node id="3706088050" lat="38.2181106" lon="28.9937759"/>
  <node id="3706088054" lat="38.2181465" lon="29.0858827"/>
  <node id="3706088056" lat="38.2181983" lon="29.0084781"/>
  <node id="3706088065" lat="38.2183455" lon="29.0216690"/>
  <node id="3706088066" lat="38.2183706" lon="29.0084317"/>
  <node id="3706088072" lat="38.2184243" lon="29.0008089"/>
  <node id="3706088076" lat="38.2185098" lon="29.0083979"/>
  <node id="3706088078" lat="38.2185810" lon="28.9799038"/>
  <node id="3706088079" lat="38.2185827" lon="29.0084022"/>
  <node id="3706088084" lat="38.2186721" lon="29.0084865"/>
  <node id="3706088096" lat="38.2187682" lon="29.0087142"/>
  <node id="3706088099" lat="38.2188246" lon="28.9801720"/>
  <node id="3706088102" lat="38.2188497" lon="29.0216533"/>
  <node id="3706088103" lat="38.2189529" lon="29.0001307"/>
  <node id="3706088104" lat="38.2189206" lon="29.0089841"/>
  <node id="3706088107" lat="38.2189306" lon="28.9947600"/>
  <node id="3706088115" lat="38.2191028" lon="29.0092624"/>
  <node id="3706088116" lat="38.2191103" lon="28.9805953"/>
  <node id="3706088117" lat="38.2191274" lon="28.9950761"/>
  <node id="3706088120" lat="38.2192294" lon="28.9998086"/>
  <node id="3706088122" lat="38.2191883" lon="29.0215564"/>
  <node id="3706088130" lat="38.2193445" lon="28.9808577"/>
  <node id="3706088131" lat="38.2193546" lon="29.0094986"/>
  <node id="3706088136" lat="38.2194965" lon="28.9996237"/>
  <node id="3706088143" lat="38.2195567" lon="29.0096841"/>
  <node id="3706088151" lat="38.2197178" lon="28.9961556"/>
  <node id="3706088155" lat="38.2197895" lon="28.9813346"/>
  <node id="3706088161" lat="38.2198649" lon="28.9964766"/>
  <node id="3706088165" lat="38.2199141" lon="28.9991799"/>
  <node id="3706088175" lat="38.2253460" lon="29.0235687"/>
  <node id="3706088181" lat="38.2253861" lon="29.0200301"/>
  <node id="3706088188" lat="38.2254156" lon="29.0232650"/>
  <node id="3706088191" lat="38.2254421" lon="29.0228391"/>
  <node id="3706088192" lat="38.2254423" lon="29.0160650"/>
  <node id="3706088195" lat="38.2254505" lon="29.0227352"/>
  <node id="3706088196" lat="38.2254573" lon="28.9861001"/>
  <node id="3706088198" lat="38.2254653" lon="29.0225523"/>
  <node id="3706088205" lat="38.2254859" lon="29.0200645"/>
  <node id="3706088230" lat="38.2209018" lon="29.0111433"/>
  <node id="3706088233" lat="38.2209305" lon="28.9825748"/>
  <node id="3706088237" lat="38.2211039" lon="29.0113246"/>
  <node id="3706088246" lat="38.2213853" lon="29.0203913"/>
  <node id="3706088252" lat="38.2216108" lon="29.0117041"/>
  <node id="3706088254" lat="38.2216103" lon="29.0203013"/>
  <node id="3706088260" lat="38.2218638" lon="29.0130460"/>
  <node id="3706088261" lat="38.2218638" lon="29.0132011"/>
  <node id="3706088262" lat="38.2218732" lon="29.0119427"/>
  <node id="3706088264" lat="38.2219388" lon="29.0133740"/>
  <node id="3706088265" lat="38.2219763" lon="29.0120918"/>
  <node id="3706088266" lat="38.2220041" lon="29.0134653"/>
  <node id="3706088268" lat="38.2220138" lon="29.0122111"/>
  <node id="3706088269" lat="38.2220138" lon="29.0123840"/>
  <node id="3706088278" lat="38.2223788" lon="29.0136322"/>
  <node id="3706088280" lat="38.2224769" lon="28.9836127"/>
  <node id="3706088285" lat="38.2226130" lon="29.0137217"/>
  <node id="3706088290" lat="38.2228238" lon="29.0203222"/>
  <node id="3706088296" lat="38.2230197" lon="28.9969221"/>
  <node id="3706088299" lat="38.2230440" lon="29.0141033"/>
  <node id="3706088302" lat="38.2231002" lon="29.0202984"/>
  <node id="3706088303" lat="38.2231078" lon="29.0861609"/>
  <node id="3706088307" lat="38.2232548" lon="28.9842271"/>
  <node id="3706088320" lat="38.2234609" lon="29.0143477"/>
  <node id="3706088340" lat="38.2237372" lon="29.0145624"/>
  <node id="3706088365" lat="38.2238637" lon="29.0201135"/>
  <node id="3706088380" lat="38.2239995" lon="29.0148128"/>
  <node id="3706088397" lat="38.2241733" lon="28.9851278"/>
  <node id="3706088398" lat="38.2241856" lon="29.0200859"/>
  <node id="3706088405" lat="38.2242384" lon="29.0152183"/>
  <node id="3706088408" lat="38.2243057" lon="29.0263141"/>
  <node id="3706088413" lat="38.2243743" lon="29.0153614"/>
  <node id="3706088426" lat="38.2246419" lon="28.9855215"/>
  <node id="3706088429" lat="38.2247099" lon="29.0254875"/>
  <node id="3706088430" lat="38.2247162" lon="29.0155939"/>
  <node id="3706088452" lat="38.2249036" lon="29.0200241"/>
  <node id="3706088458" lat="38.2250020" lon="29.0157072"/>
  <node id="3706088463" lat="38.2250412" lon="29.0245387"/>
  <node id="3706088480" lat="38.2251987" lon="29.0199824"/>
  <node id="3706088485" lat="38.2252549" lon="29.0158264"/>
  <node id="3706088503" lat="38.2269943" lon="28.9870485"/>
  <node id="3706088520" lat="38.2274442" lon="28.9873408"/>
  <node id="3706088530" lat="38.2256140" lon="29.0220535"/>
  <node id="3706088533" lat="38.2256343" lon="29.0163810"/>
  <node id="3706088535" lat="38.2256375" lon="29.0219745"/>
  <node id="3706088537" lat="38.2256624" lon="29.0201255"/>
  <node id="3706088547" lat="38.2257374" lon="29.0167029"/>
  <node id="3706088549" lat="38.2257436" lon="29.0216920"/>
  <node id="3706088552" lat="38.2257842" lon="29.0201255"/>
  <node id="3706088554" lat="38.2258131" lon="29.0216329"/>
  <node id="3706088556" lat="38.2258310" lon="29.0169772"/>
  <node id="3706088562" lat="38.2258966" lon="29.0171084"/>
  <node id="3706088564" lat="38.2259090" lon="29.0200642"/>
  <node id="3706088565" lat="38.2259135" lon="29.0215681"/>
  <node id="3706088630" lat="38.2261279" lon="29.0213925"/>
  <node id="3706088646" lat="38.2262760" lon="29.0209960"/>
  <node id="3706088650" lat="38.2263289" lon="28.9867920"/>
  <node id="3706088766" lat="38.2286156" lon="28.9884205"/>
  <node id="3706088788" lat="38.2289717" lon="28.9909914"/>
  <node id="3706088797" lat="38.2291076" lon="28.9888619"/>
  <node id="3706088818" lat="38.2294216" lon="28.9891244"/>
  <node id="3706088833" lat="38.2297120" lon="28.9893525"/>
  <node id="3706089076" lat="38.2336415" lon="29.0887196"/>
  <node id="3706418856" lat="38.0741647" lon="29.0333955"/>
  <node id="3706418858" lat="38.0741788" lon="29.0332705"/>
  <node id="3706418859" lat="38.0741835" lon="29.0334848"/>
  <node id="3706418862" lat="38.0742725" lon="29.0335801"/>
  <node id="3706418863" lat="38.0742856" lon="29.0330788"/>
  <node id="3706418865" lat="38.0743643" lon="29.0475290"/>
  <node id="3706418867" lat="38.0744403" lon="29.0296205"/>
  <node id="3706418868" lat="38.0744449" lon="29.0293229"/>
  <node id="3706418871" lat="38.0744777" lon="29.0328645"/>
  <node id="3706418872" lat="38.0745152" lon="29.0300907"/>
  <node id="3706418873" lat="38.0745439" lon="29.0301674"/>
  <node id="3706418874" lat="38.0745536" lon="29.0336753"/>
  <node id="3706418877" lat="38.0745963" lon="29.0477478"/>
  <node id="3706418878" lat="38.0745992" lon="29.0190025"/>
  <node id="3706418879" lat="38.0746089" lon="29.0286562"/>
  <node id="3706418880" lat="38.0746226" lon="29.0191215"/>
  <node id="3706418881" lat="38.0746253" lon="29.0285494"/>
  <node id="3706418882" lat="38.0746277" lon="29.0327514"/>
  <node id="3706418883" lat="38.0746320" lon="29.0188537"/>
  <node id="3706418884" lat="38.0746417" lon="29.0284419"/>
  <node id="3706418885" lat="38.0746703" lon="29.0278208"/>
  <node id="3706418886" lat="38.0746745" lon="29.0277276"/>
  <node id="3706418887" lat="38.0746924" lon="29.0479541"/>
  <node id="3706418890" lat="38.0747223" lon="29.0338360"/>
  <node id="3706418893" lat="38.0747355" lon="29.0306800"/>
  <node id="3706418894" lat="38.0747495" lon="29.0275491"/>
  <node id="3706418895" lat="38.0747585" lon="29.0191572"/>
  <node id="3706418898" lat="38.0747818" lon="29.0482066"/>
  <node id="3706418904" lat="38.0748216" lon="29.0482571"/>
  <node id="3706418905" lat="38.0748292" lon="29.0308347"/>
  <node id="3706418906" lat="38.0748475" lon="29.0185977"/>
  <node id="3706418908" lat="38.0748620" lon="29.0326978"/>
  <node id="3706418911" lat="38.0748854" lon="29.0273883"/>
  <node id="3706418916" lat="38.0749408" lon="29.0273672"/>
  <node id="3706418922" lat="38.0749604" lon="29.0309538"/>
  <node id="3706421859" lat="38.0749939" lon="29.0383701"/>
  <node id="3706421861" lat="38.0750175" lon="29.0346813"/>
  <node id="3706421868" lat="38.0750535" lon="29.0381176"/>
  <node id="3706421869" lat="38.0750541" lon="29.0311145"/>
  <node id="3706421871" lat="38.0750691" lon="29.0350146"/>
  <node id="3706421873" lat="38.0750900" lon="29.0385006"/>
  <node id="3706421876" lat="38.0751056" lon="29.0324062"/>
  <node id="3706421877" lat="38.0751112" lon="29.0355563"/>
  <node id="3706421878" lat="38.0751197" lon="29.0272991"/>
  <node id="3706421880" lat="38.0751334" lon="29.0180025"/>
  <node id="3706421883" lat="38.0751496" lon="29.0484002"/>
  <node id="3706421885" lat="38.0751665" lon="29.0313883"/>
  <node id="3706421886" lat="38.0751728" lon="29.0359331"/>
  <node id="3706421887" lat="38.0751806" lon="29.0320788"/>
  <node id="3706421894" lat="38.0752087" lon="29.0316681"/>
  <node id="3706421895" lat="38.0752224" lon="29.0178358"/>
  <node id="3706421902" lat="38.0752854" lon="29.0363329"/>
  <node id="3706421905" lat="38.0753120" lon="29.0486317"/>
  <node id="3706421909" lat="38.0753399" lon="29.0273526"/>
  <node id="3706421915" lat="38.0753716" lon="29.0488296"/>
  <node id="3706421916" lat="38.0753723" lon="29.0173894"/>
  <node id="3706421917" lat="38.0753815" lon="29.0386647"/>
  <node id="3706421921" lat="38.0754080" lon="29.0379997"/>
  <node id="3706421922" lat="38.0754080" lon="29.0490737"/>
  <node id="3706422738" lat="38.1160041" lon="28.9824719"/>
  <node id="3706422746" lat="38.1161823" lon="28.9848323"/>
  <node id="3706422747" lat="38.1162273" lon="28.9848859"/>
  <node id="3706422748" lat="38.1162301" lon="28.9852359"/>
  <node id="3706422749" lat="38.1162385" lon="28.9849751"/>
  <node id="3706422753" lat="38.1163415" lon="28.9824659"/>
  <node id="3706422758" lat="38.1165759" lon="28.9823885"/>
  <node id="3706422761" lat="38.1168993" lon="28.9821442"/>
  <node id="3706422769" lat="38.1171992" lon="28.9820072"/>
  <node id="3706422778" lat="38.1176163" lon="28.9819953"/>
  <node id="3706422802" lat="38.1179678" lon="28.9820966"/>
  <node id="3706422812" lat="38.1184646" lon="28.9823170"/>
  <node id="3706422815" lat="38.1186333" lon="28.9823587"/>
  <node id="3706422820" lat="38.1192379" lon="28.9824182"/>
  <node id="3706422824" lat="38.1195285" lon="28.9824897"/>
  <node id="3706423925" lat="38.0749740" lon="29.0382859"/>
  <node id="3706423926" lat="38.0749787" lon="29.0183477"/>
  <node id="3706423927" lat="38.0749806" lon="29.0382060"/>
  <node id="3706423928" lat="38.0749838" lon="29.0326145"/>
  <node id="3706423929" lat="38.0749872" lon="29.0483245"/>
  <node id="3706424228" lat="38.0754511" lon="29.0491663"/>
  <node id="3706424237" lat="38.0755605" lon="29.0491831"/>
  <node id="3706424239" lat="38.0755638" lon="29.0379324"/>
  <node id="3706424240" lat="38.0755691" lon="29.0167644"/>
  <node id="3706424245" lat="38.0755879" lon="29.0190441"/>
  <node id="3706424249" lat="38.0756300" lon="29.0372758"/>
  <node id="3706424253" lat="38.0756632" lon="29.0377935"/>
  <node id="3706424260" lat="38.0756864" lon="29.0374862"/>
  <node id="3706424264" lat="38.0756963" lon="29.0376546"/>
  <node id="3706424266" lat="38.0757327" lon="29.0491284"/>
  <node id="3706424269" lat="38.0757566" lon="29.0165620"/>
  <node id="3706424276" lat="38.0758321" lon="29.0491326"/>
  <node id="3706424280" lat="38.0758737" lon="29.0190918"/>
  <node id="3706424288" lat="38.0759746" lon="29.0389846"/>
  <node id="3706424293" lat="38.0760008" lon="29.0219005"/>
  <node id="3706424296" lat="38.0760141" lon="29.0217490"/>
  <node id="3706424301" lat="38.0760376" lon="29.0491831"/>
  <node id="3706424303" lat="38.0760605" lon="29.0222372"/>
  <node id="3706424305" lat="38.0760740" lon="29.0389973"/>
  <node id="3706424307" lat="38.0760870" lon="29.0216017"/>
  <node id="3706424309" lat="38.0761038" lon="29.0491747"/>
  <node id="3706424317" lat="38.0762204" lon="29.0162287"/>
  <node id="3706424318" lat="38.0762361" lon="29.0215259"/>
  <node id="3706424320" lat="38.0762430" lon="29.0389299"/>
  <node id="3706424322" lat="38.0762463" lon="29.0490358"/>
  <node id="3706424323" lat="38.0762770" lon="29.0276681"/>
  <node id="3706424425" lat="38.0762911" lon="29.0229241"/>
  <node id="3706424426" lat="38.0763282" lon="29.0193537"/>
  <node id="3706424430" lat="38.0763424" lon="29.0489643"/>
  <node id="3706424440" lat="38.0764266" lon="29.0161870"/>
  <node id="3706424443" lat="38.0764319" lon="29.0489516"/>
  <node id="3706424445" lat="38.0764363" lon="29.0276741"/>
  <node id="3706424459" lat="38.0765644" lon="29.0490190"/>
  <node id="3706424460" lat="38.0765675" lon="29.0275848"/>
  <node id="3706424462" lat="38.0766093" lon="29.0161930"/>
  <node id="3706424465" lat="38.0766173" lon="29.0239696"/>
  <node id="3706424469" lat="38.0766328" lon="29.0196215"/>
  <node id="3706424474" lat="38.0766671" lon="29.0490989"/>
  <node id="3706424476" lat="38.0766800" lon="29.0274181"/>
  <node id="3706424479" lat="38.0766941" lon="29.0242158"/>
  <node id="3706424483" lat="38.0767456" lon="29.0272098"/>
  <node id="3706424484" lat="38.0767532" lon="29.0493178"/>
  <node id="3706424485" lat="38.0767549" lon="29.0271526"/>
  <node id="3706424486" lat="38.0767562" lon="29.0214838"/>
  <node id="3706424488" lat="38.0767841" lon="29.0246430"/>
  <node id="3706424490" lat="38.0768162" lon="29.0494230"/>
  <node id="3706424492" lat="38.0768389" lon="29.0199072"/>
  <node id="3706424494" lat="38.0768891" lon="29.0383869"/>
  <node id="3706424497" lat="38.0769045" lon="29.0163358"/>
  <node id="3706424498" lat="38.0769049" lon="29.0252158"/>
  <node id="3706424500" lat="38.0769096" lon="29.0261979"/>
  <node id="3706424502" lat="38.0769189" lon="29.0494735"/>
  <node id="3706424504" lat="38.0769379" lon="29.0254101"/>
  <node id="3706424505" lat="38.0769564" lon="29.0255193"/>
  <node id="3706424506" lat="38.0769654" lon="29.0200203"/>
  <node id="3706424513" lat="38.0770349" lon="29.0383533"/>
  <node id="3706424517" lat="38.0770779" lon="29.0163775"/>
  <node id="3706424523" lat="38.0771341" lon="29.0200858"/>
  <node id="3706424728" lat="38.0771475" lon="29.0495198"/>
  <node id="3706424729" lat="38.0771508" lon="29.0394729"/>
  <node id="3706424731" lat="38.0771608" lon="29.0383701"/>
  <node id="3706424733" lat="38.0771707" lon="29.0392414"/>
  <node id="3706424735" lat="38.0771840" lon="29.0396539"/>
  <node id="3706424740" lat="38.0772469" lon="29.0384795"/>
  <node id="3706424741" lat="38.0772602" lon="29.0388668"/>
  <node id="3706424744" lat="38.0772767" lon="29.0386942"/>
  <node id="3706424748" lat="38.0773033" lon="29.0495451"/>
  <node id="3706424751" lat="38.0773397" lon="29.0400748"/>
  <node id="3706424754" lat="38.0773778" lon="29.0200798"/>
  <node id="3706424760" lat="38.0774325" lon="29.0496251"/>
  <node id="3706424763" lat="38.0774855" lon="29.0211275"/>
  <node id="3706424766" lat="38.0775584" lon="29.0405420"/>
  <node id="3706424767" lat="38.0775849" lon="29.0411523"/>
  <node id="3706424769" lat="38.0775948" lon="29.0407103"/>
  <node id="3706424770" lat="38.0775981" lon="29.0408997"/>
  <node id="3706424771" lat="38.0776246" lon="29.0413501"/>
  <node id="3706424776" lat="38.0777042" lon="29.0499408"/>
  <node id="3706424782" lat="38.0777714" lon="29.0197822"/>
  <node id="3706424783" lat="38.0777837" lon="29.0500165"/>
  <node id="3706424791" lat="38.0778557" lon="29.0161930"/>
  <node id="3706424793" lat="38.0778665" lon="29.0420488"/>
  <node id="3706424794" lat="38.0778665" lon="29.0500249"/>
  <node id="3706424795" lat="38.0779026" lon="29.0209727"/>
  <node id="3706424803" lat="38.0780090" lon="29.0423603"/>
  <node id="3706424808" lat="38.0780478" lon="29.0160739"/>
  <node id="3706424814" lat="38.0781150" lon="29.0498650"/>
  <node id="3706424815" lat="38.0781837" lon="29.0197108"/>
  <node id="3706424819" lat="38.0782608" lon="29.0498019"/>
  <node id="3706424925" lat="38.0783524" lon="29.0206453"/>
  <node id="3706424928" lat="38.0783758" lon="29.0156811"/>
  <node id="3706424929" lat="38.0783758" lon="29.0197465"/>
  <node id="3706424935" lat="38.0784529" lon="29.0497976"/>
  <node id="3706424940" lat="38.0785716" lon="29.0053693"/>
  <node id="3706424941" lat="38.0785716" lon="29.0055598"/>
  <node id="3706424942" lat="38.0785726" lon="29.0198656"/>
  <node id="3706424943" lat="38.0785773" lon="29.0154847"/>
  <node id="3706424944" lat="38.0785997" lon="29.0057205"/>
  <node id="3706424947" lat="38.0786194" lon="29.0204846"/>
  <node id="3706424948" lat="38.0786231" lon="29.0051907"/>
  <node id="3706424949" lat="38.0786418" lon="29.0498103"/>
  <node id="3706424951" lat="38.0786663" lon="29.0200858"/>
  <node id="3706424952" lat="38.0786803" lon="29.0203120"/>
  <node id="3706424955" lat="38.0787279" lon="29.0500502"/>
  <node id="3706424956" lat="38.0787403" lon="29.0049585"/>
  <node id="3706424959" lat="38.0788141" lon="29.0438124"/>
  <node id="3706424960" lat="38.0788396" lon="29.0153478"/>
  <node id="3706424965" lat="38.0790195" lon="29.0499071"/>
  <node id="3706424966" lat="38.0790460" lon="29.0466535"/>
  <node id="3706424967" lat="38.0790493" lon="29.0464473"/>
  <node id="3706424969" lat="38.0790758" lon="29.0468008"/>
  <node id="3706424970" lat="38.0790965" lon="29.0088758"/>
  <node id="3706424971" lat="38.0791222" lon="29.0462326"/>
  <node id="3706424972" lat="38.0791520" lon="29.0469060"/>
  <node id="3706424973" lat="38.0791620" lon="29.0507615"/>
  <node id="3706424975" lat="38.0792481" lon="29.0469229"/>
  <node id="3706424976" lat="38.0792514" lon="29.0460600"/>
  <node id="3706424978" lat="38.0792680" lon="29.0509257"/>
  <node id="3706424979" lat="38.0792707" lon="29.0152109"/>
  <node id="3706424981" lat="38.0792980" lon="29.0089294"/>
  <node id="3706424982" lat="38.0793177" lon="29.0446752"/>
  <node id="3706424983" lat="38.0793340" lon="29.0039341"/>
  <node id="3706424984" lat="38.0793343" lon="29.0468682"/>
  <node id="3706424986" lat="38.0793776" lon="29.0070124"/>
  <node id="3706424987" lat="38.0794303" lon="29.0500376"/>
  <node id="3706424990" lat="38.0794620" lon="29.0090961"/>
  <node id="3706424991" lat="38.0794933" lon="29.0467419"/>
  <node id="3706424992" lat="38.0795132" lon="29.0451214"/>
  <node id="3706424994" lat="38.0795231" lon="29.0459127"/>
  <node id="3706424995" lat="38.0796059" lon="29.0458117"/>
  <node id="3706424996" lat="38.0796192" lon="29.0510814"/>
  <node id="3706424997" lat="38.0796225" lon="29.0455086"/>
  <node id="3706424998" lat="38.0796324" lon="29.0467166"/>
  <node id="3706424999" lat="38.0796358" lon="29.0456812"/>
  <node id="3706425000" lat="38.0796822" lon="29.0092687"/>
  <node id="3706425002" lat="38.0797351" lon="29.0511950"/>
  <node id="3706425003" lat="38.0797580" lon="29.0152466"/>
  <node id="3706425004" lat="38.0797900" lon="29.0093699"/>
  <node id="3706425005" lat="38.0798246" lon="29.0513802"/>
  <node id="3706425006" lat="38.0798544" lon="29.0501344"/>
  <node id="3706425007" lat="38.0798809" lon="29.0514350"/>
  <node id="3706425010" lat="38.0799119" lon="29.0095724"/>
  <node id="3706425011" lat="38.0799439" lon="29.0514350"/>
  <node id="3706425012" lat="38.0800201" lon="29.0513424"/>
  <node id="3706425013" lat="38.0800337" lon="29.0098462"/>
  <node id="3706425014" lat="38.0800344" lon="29.0153239"/>
  <node id="3706425015" lat="38.0800366" lon="29.0467966"/>
  <node id="3706425016" lat="38.0800525" lon="29.0082209"/>
  <node id="3706425017" lat="38.0800698" lon="29.0512834"/>
  <node id="3706425018" lat="38.0800930" lon="29.0501512"/>
  <node id="3706425019" lat="38.0800946" lon="29.0101022"/>
  <node id="3706425020" lat="38.0801228" lon="29.0512708"/>
  <node id="3706425021" lat="38.0801824" lon="29.0513213"/>
  <node id="3706425022" lat="38.0801857" lon="29.0501007"/>
  <node id="3706425023" lat="38.0801890" lon="29.0154073"/>
  <node id="3706425024" lat="38.0801977" lon="29.0102510"/>
  <node id="3706425225" lat="38.0802553" lon="29.0499913"/>
  <node id="3706425226" lat="38.0802719" lon="29.0514813"/>
  <node id="3706425227" lat="38.0802785" lon="29.0498482"/>
  <node id="3706425228" lat="38.0802918" lon="29.0492968"/>
  <node id="3706425229" lat="38.0803477" lon="29.0104713"/>
  <node id="3706425230" lat="38.0803530" lon="29.0155799"/>
  <node id="3706425231" lat="38.0803547" lon="29.0518390"/>
  <node id="3706425232" lat="38.0803613" lon="29.0489348"/>
  <node id="3706425233" lat="38.0803746" lon="29.0494315"/>
  <node id="3706425235" lat="38.0803978" lon="29.0519527"/>
  <node id="3706425236" lat="38.0804077" lon="29.0469187"/>
  <node id="3706425237" lat="38.0804541" lon="29.0487370"/>
  <node id="3706425238" lat="38.0804608" lon="29.0159013"/>
  <node id="3706425239" lat="38.0804674" lon="29.0520284"/>
  <node id="3706425240" lat="38.0804839" lon="29.0494904"/>
  <node id="3706425241" lat="38.0805117" lon="29.0092449"/>
  <node id="3706425242" lat="38.0805264" lon="29.0156156"/>
  <node id="3706425243" lat="38.0805336" lon="29.0519990"/>
  <node id="3706425245" lat="38.0805545" lon="29.0160739"/>
  <node id="3706425246" lat="38.0805914" lon="29.0108583"/>
  <node id="3706425247" lat="38.0806496" lon="29.0483413"/>
  <node id="3706425249" lat="38.0806576" lon="29.0163418"/>
  <node id="3706425250" lat="38.0806810" lon="29.0155263"/>
  <node id="3706425251" lat="38.0806993" lon="29.0517043"/>
  <node id="3706425252" lat="38.0807357" lon="29.0480677"/>
  <node id="3706425253" lat="38.0807419" lon="29.0164727"/>
  <node id="3706425254" lat="38.0807507" lon="29.0098879"/>
  <node id="3706425255" lat="38.0807556" lon="29.0496167"/>
  <node id="3706425256" lat="38.0807648" lon="29.0128229"/>
  <node id="3706425257" lat="38.0807653" lon="29.0138240"/>
  <node id="3706425258" lat="38.0807788" lon="29.0122633"/>
  <node id="3706425259" lat="38.0807920" lon="29.0479709"/>
  <node id="3706425260" lat="38.0808119" lon="29.0514644"/>
  <node id="3706425261" lat="38.0808210" lon="29.0117989"/>
  <node id="3706425263" lat="38.0808397" lon="29.0102094"/>
  <node id="3706425264" lat="38.0808403" lon="29.0143954"/>
  <node id="3706425265" lat="38.0808403" lon="29.0165085"/>
  <node id="3706425267" lat="38.0808616" lon="29.0479541"/>
  <node id="3706425268" lat="38.0808649" lon="29.0513045"/>
  <node id="3706425269" lat="38.0808815" lon="29.0470113"/>
  <node id="3706425270" lat="38.0808866" lon="29.0106023"/>
  <node id="3706425271" lat="38.0809053" lon="29.0112155"/>
  <node id="3706425272" lat="38.0809279" lon="29.0497261"/>
  <node id="3706425273" lat="38.0809387" lon="29.0151513"/>
  <node id="3706425274" lat="38.0809478" lon="29.0512119"/>
  <node id="3706425276" lat="38.0809544" lon="29.0479962"/>
  <node id="3706425277" lat="38.0809668" lon="29.0149609"/>
  <node id="3706425278" lat="38.0809908" lon="29.0482319"/>
  <node id="3706425279" lat="38.0810173" lon="29.0511866"/>
  <node id="3706425280" lat="38.0810339" lon="29.0478489"/>
  <node id="3706425283" lat="38.0810869" lon="29.0470870"/>
  <node id="3706425285" lat="38.0811200" lon="29.0483624"/>
  <node id="3706425286" lat="38.0811366" lon="29.0498439"/>
  <node id="3706425288" lat="38.0812058" lon="29.0163894"/>
  <node id="3706425291" lat="38.0812393" lon="29.0472386"/>
  <node id="3706425292" lat="38.0812393" lon="29.0476552"/>
  <node id="3706425293" lat="38.0812526" lon="29.0511530"/>
  <node id="3706425294" lat="38.0813056" lon="29.0475248"/>
  <node id="3706425296" lat="38.0813089" lon="29.0473690"/>
  <node id="3706425297" lat="38.0813619" lon="29.0484886"/>
  <node id="3706425299" lat="38.0813818" lon="29.0511151"/>
  <node id="3706425301" lat="38.0814494" lon="29.0163894"/>
  <node id="3706425302" lat="38.0814547" lon="29.0501765"/>
  <node id="3706425303" lat="38.0814812" lon="29.0510898"/>
  <node id="3706425308" lat="38.0815872" lon="29.0501933"/>
  <node id="3706425309" lat="38.0816321" lon="29.0165085"/>
  <node id="3706425313" lat="38.0816766" lon="29.0485981"/>
  <node id="3706425315" lat="38.0817305" lon="29.0166870"/>
  <node id="3706425318" lat="38.0817793" lon="29.0501722"/>
  <node id="3706425319" lat="38.0817867" lon="29.0169787"/>
  <node id="3706425357" lat="38.0862487" lon="29.0521716"/>
  <node id="3706425364" lat="38.0866611" lon="29.0522252"/>
  <node id="3706425368" lat="38.0869188" lon="29.0523740"/>
  <node id="3706425372" lat="38.0871250" lon="29.0525824"/>
  <node id="3706425374" lat="38.0871511" lon="29.0131047"/>
  <node id="3706425375" lat="38.0871605" lon="29.0129737"/>
  <node id="3706425376" lat="38.0872214" lon="29.0132833"/>
  <node id="3706425377" lat="38.0872261" lon="29.0128129"/>
  <node id="3706425378" lat="38.0872308" lon="29.0134321"/>
  <node id="3706425379" lat="38.0872308" lon="29.0135750"/>
  <node id="3706425380" lat="38.0872539" lon="29.0119811"/>
  <node id="3706425381" lat="38.0872702" lon="29.0527729"/>
  <node id="3706425382" lat="38.0872777" lon="29.0125808"/>
  <node id="3706425383" lat="38.0872823" lon="29.0136583"/>
  <node id="3706425384" lat="38.0872870" lon="29.0122652"/>
  <node id="3706425385" lat="38.0873733" lon="29.0530288"/>
  <node id="3706425386" lat="38.0873827" lon="29.0536897"/>
  <node id="3706425387" lat="38.0874014" lon="29.0532610"/>
  <node id="3706425388" lat="38.0874249" lon="29.0538802"/>
  <node id="3706425390" lat="38.0874698" lon="29.0137536"/>
  <node id="3706425395" lat="38.0876385" lon="29.0137357"/>
  <node id="3706425397" lat="38.0876638" lon="29.0544398"/>
  <node id="3706425399" lat="38.0877435" lon="29.0559995"/>
  <node id="3706425400" lat="38.0877529" lon="29.0548386"/>
  <node id="3706425401" lat="38.0877763" lon="29.0551780"/>
  <node id="3706425402" lat="38.0877810" lon="29.0555828"/>
  <node id="3706425403" lat="38.0877810" lon="29.0562615"/>
  <node id="3706425404" lat="38.0878399" lon="29.0136226"/>
  <node id="3706425407" lat="38.0879028" lon="29.0564818"/>
  <node id="3706425408" lat="38.0879102" lon="29.0136226"/>
  <node id="3706425410" lat="38.0879711" lon="29.0136821"/>
  <node id="3706425412" lat="38.0880340" lon="29.0565591"/>
  <node id="3706425413" lat="38.0880414" lon="29.0138667"/>
  <node id="3706425416" lat="38.0881136" lon="29.0644591"/>
  <node id="3706425417" lat="38.0881324" lon="29.0646794"/>
  <node id="3706425418" lat="38.0882167" lon="29.0648759"/>
  <node id="3706425419" lat="38.0882214" lon="29.0637507"/>
  <node id="3706425420" lat="38.0882308" lon="29.0566187"/>
  <node id="3706425421" lat="38.0882570" lon="29.0141286"/>
  <node id="3706425424" lat="38.0884135" lon="29.0632328"/>
  <node id="3706425527" lat="38.0819218" lon="29.0511235"/>
  <node id="3706425529" lat="38.0819554" lon="29.0172287"/>
  <node id="3706425530" lat="38.0819715" lon="29.0500628"/>
  <node id="3706425532" lat="38.0820116" lon="29.0174311"/>
  <node id="3706425533" lat="38.0820146" lon="29.0511530"/>
  <node id="3706425536" lat="38.0820510" lon="29.0486696"/>
  <node id="3706425537" lat="38.0820538" lon="29.0176453"/>
  <node id="3706425540" lat="38.0820841" lon="29.0512161"/>
  <node id="3706425546" lat="38.0821140" lon="29.0500881"/>
  <node id="3706425550" lat="38.0821616" lon="29.0178775"/>
  <node id="3706425551" lat="38.0822167" lon="29.0502648"/>
  <node id="3706425553" lat="38.0822266" lon="29.0517001"/>
  <node id="3706425554" lat="38.0822630" lon="29.0508162"/>
  <node id="3706425558" lat="38.0823028" lon="29.0487664"/>
  <node id="3706425561" lat="38.0823260" lon="29.0512792"/>
  <node id="3706425565" lat="38.0823677" lon="29.0180501"/>
  <node id="3706425566" lat="38.0823691" lon="29.0515107"/>
  <node id="3706425567" lat="38.0823724" lon="29.0523020"/>
  <node id="3706425568" lat="38.0823989" lon="29.0533880"/>
  <node id="3706425569" lat="38.0824055" lon="29.0530639"/>
  <node id="3706425570" lat="38.0824320" lon="29.0535605"/>
  <node id="3706425571" lat="38.0824419" lon="29.0487538"/>
  <node id="3706425572" lat="38.0824419" lon="29.0526219"/>
  <node id="3706425573" lat="38.0824486" lon="29.0516917"/>
  <node id="3706425575" lat="38.0824983" lon="29.0537036"/>
  <node id="3706425576" lat="38.0825115" lon="29.0518222"/>
  <node id="3706425578" lat="38.0825712" lon="29.0520242"/>
  <node id="3706425579" lat="38.0825910" lon="29.0521421"/>
  <node id="3706425580" lat="38.0826066" lon="29.0183834"/>
  <node id="3706425581" lat="38.0826641" lon="29.0485817"/>
  <node id="3706425584" lat="38.0826937" lon="29.0523778"/>
  <node id="3706425585" lat="38.0826971" lon="29.0525924"/>
  <node id="3706425587" lat="38.0827732" lon="29.0540824"/>
  <node id="3706425589" lat="38.0827898" lon="29.0528282"/>
  <node id="3706425590" lat="38.0828187" lon="29.0482960"/>
  <node id="3706425591" lat="38.0828196" lon="29.0536194"/>
  <node id="3706425592" lat="38.0828196" lon="29.0538131"/>
  <node id="3706425594" lat="38.0828379" lon="29.0483812"/>
  <node id="3706425595" lat="38.0828421" lon="29.0481710"/>
  <node id="3706425596" lat="38.0828461" lon="29.0532364"/>
  <node id="3706425600" lat="38.0828924" lon="29.0186751"/>
  <node id="3706425604" lat="38.0829406" lon="29.0477959"/>
  <node id="3706425607" lat="38.0829861" lon="29.0188894"/>
  <node id="3706425608" lat="38.0830718" lon="29.0481114"/>
  <node id="3706425611" lat="38.0831795" lon="29.0470756"/>
  <node id="3706425613" lat="38.0832404" lon="29.0546002"/>
  <node id="3706425614" lat="38.0832451" lon="29.0479924"/>
  <node id="3706425615" lat="38.0832873" lon="29.0469089"/>
  <node id="3706425618" lat="38.0833516" lon="29.0193894"/>
  <node id="3706425619" lat="38.0833763" lon="29.0480102"/>
  <node id="3706425622" lat="38.0833998" lon="29.0468910"/>
  <node id="3706425623" lat="38.0834093" lon="29.0547938"/>
  <node id="3706425725" lat="38.0834794" lon="29.0480698"/>
  <node id="3706425728" lat="38.0835075" lon="29.0469684"/>
  <node id="3706425730" lat="38.0835343" lon="29.0198477"/>
  <node id="3706425736" lat="38.0836716" lon="29.0472363"/>
  <node id="3706425737" lat="38.0836936" lon="29.0205382"/>
  <node id="3706425739" lat="38.0836983" lon="29.0207525"/>
  <node id="3706425741" lat="38.0837264" lon="29.0200322"/>
  <node id="3706425745" lat="38.0837771" lon="29.0554293"/>
  <node id="3706425747" lat="38.0837920" lon="29.0201215"/>
  <node id="3706425748" lat="38.0837920" lon="29.0203358"/>
  <node id="3706425749" lat="38.0837981" lon="29.0473970"/>
  <node id="3706425750" lat="38.0838028" lon="29.0487008"/>
  <node id="3706425752" lat="38.0838107" lon="29.0202346"/>
  <node id="3706425760" lat="38.0839340" lon="29.0464624"/>
  <node id="3706425764" lat="38.0839668" lon="29.0476530"/>
  <node id="3706425772" lat="38.0840605" lon="29.0472720"/>
  <node id="3706425773" lat="38.0840605" lon="29.0490342"/>
  <node id="3706425774" lat="38.0840652" lon="29.0470756"/>
  <node id="3706425775" lat="38.0840699" lon="29.0477781"/>
  <node id="3706425777" lat="38.0841027" lon="29.0475876"/>
  <node id="3706425779" lat="38.0841355" lon="29.0478257"/>
  <node id="3706425780" lat="38.0841448" lon="29.0477602"/>
  <node id="3706425783" lat="38.0843416" lon="29.0494509"/>
  <node id="3706425784" lat="38.0844494" lon="29.0497010"/>
  <node id="3706425787" lat="38.0845759" lon="29.0500105"/>
  <node id="3706425794" lat="38.0847212" lon="29.0503618"/>
  <node id="3706425797" lat="38.0847727" lon="29.0505285"/>
  <node id="3706425799" lat="38.0847962" lon="29.0507130"/>
  <node id="3706425803" lat="38.0849133" lon="29.0509154"/>
  <node id="3706425824" lat="38.0852319" lon="29.0514036"/>
  <node id="3706426027" lat="38.0853022" lon="29.0516834"/>
  <node id="3706426036" lat="38.0854053" lon="29.0520466"/>
  <node id="3706426040" lat="38.0855271" lon="29.0521954"/>
  <node id="3706426046" lat="38.0857005" lon="29.0522311"/>
  <node id="3706426067" lat="38.0948044" lon="29.0657867"/>
  <node id="3706426076" lat="38.0951136" lon="29.0658403"/>
  <node id="3706426081" lat="38.0952445" lon="29.0216452"/>
  <node id="3706426082" lat="38.0952509" lon="29.0215025"/>
  <node id="3706426083" lat="38.0953071" lon="29.0214370"/>
  <node id="3706426086" lat="38.0954149" lon="29.0214013"/>
  <node id="3706426088" lat="38.0954556" lon="29.0659237"/>
  <node id="3706426093" lat="38.0955976" lon="29.0214072"/>
  <node id="3706426095" lat="38.0957568" lon="29.0214013"/>
  <node id="3706426100" lat="38.0959255" lon="29.0213417"/>
  <node id="3706426103" lat="38.0960272" lon="29.0661737"/>
  <node id="3706426105" lat="38.0960613" lon="29.0212227"/>
  <node id="3706426110" lat="38.0962581" lon="29.0208775"/>
  <node id="3706426113" lat="38.0963471" lon="29.0207227"/>
  <node id="3706426114" lat="38.0964688" lon="29.0206572"/>
  <node id="3706426118" lat="38.0965004" lon="29.0662987"/>
  <node id="3706426225" lat="38.0884276" lon="29.0650842"/>
  <node id="3706426226" lat="38.0884350" lon="29.0141465"/>
  <node id="3706426228" lat="38.0885353" lon="29.0566008"/>
  <node id="3706426231" lat="38.0885709" lon="29.0141227"/>
  <node id="3706426233" lat="38.0886103" lon="29.0653105"/>
  <node id="3706426234" lat="38.0886291" lon="29.0628577"/>
  <node id="3706426236" lat="38.0887837" lon="29.0567080"/>
  <node id="3706426237" lat="38.0887911" lon="29.0140096"/>
  <node id="3706426238" lat="38.0887977" lon="29.0656200"/>
  <node id="3706426239" lat="38.0888661" lon="29.0145573"/>
  <node id="3706426241" lat="38.0888755" lon="29.0140512"/>
  <node id="3706426242" lat="38.0888774" lon="29.0626374"/>
  <node id="3706426243" lat="38.0888868" lon="29.0659475"/>
  <node id="3706426244" lat="38.0889083" lon="29.0147478"/>
  <node id="3706426245" lat="38.0889130" lon="29.0141822"/>
  <node id="3706426246" lat="38.0889664" lon="29.0661261"/>
  <node id="3706426248" lat="38.0890601" lon="29.0623755"/>
  <node id="3706426249" lat="38.0890863" lon="29.0149621"/>
  <node id="3706426251" lat="38.0891304" lon="29.0570295"/>
  <node id="3706426252" lat="38.0891492" lon="29.0662749"/>
  <node id="3706426258" lat="38.0893206" lon="29.0154562"/>
  <node id="3706426261" lat="38.0894303" lon="29.0664178"/>
  <node id="3706426266" lat="38.0894678" lon="29.0574819"/>
  <node id="3706426279" lat="38.0896083" lon="29.0614766"/>
  <node id="3706426282" lat="38.0897302" lon="29.0612265"/>
  <node id="3706426284" lat="38.0897676" lon="29.0580415"/>
  <node id="3706426285" lat="38.0897817" lon="29.0609169"/>
  <node id="3706426286" lat="38.0898032" lon="29.0162242"/>
  <node id="3706426287" lat="38.0898379" lon="29.0583511"/>
  <node id="3706426289" lat="38.0898707" lon="29.0596608"/>
  <node id="3706426290" lat="38.0898801" lon="29.0589940"/>
  <node id="3706426291" lat="38.0899176" lon="29.0664952"/>
  <node id="3706426295" lat="38.0903327" lon="29.0168970"/>
  <node id="3706426298" lat="38.0906298" lon="29.0666738"/>
  <node id="3706426303" lat="38.0912342" lon="29.0666738"/>
  <node id="3706426305" lat="38.0916465" lon="29.0666321"/>
  <node id="3706426306" lat="38.0918058" lon="29.0665726"/>
  <node id="3706426308" lat="38.0921478" lon="29.0663582"/>
  <node id="3706426311" lat="38.0925320" lon="29.0662154"/>
  <node id="3706426315" lat="38.0930053" lon="29.0659296"/>
  <node id="3706426319" lat="38.0932911" lon="29.0658701"/>
  <node id="3706426528" lat="38.0940266" lon="29.0658641"/>
  <node id="3706426532" lat="38.0943359" lon="29.0658701"/>
  <node id="3706426535" lat="38.0986414" lon="29.0689182"/>
  <node id="3706426540" lat="38.0987398" lon="29.0688943"/>
  <node id="3706426542" lat="38.0988944" lon="29.0687991"/>
  <node id="3706426546" lat="38.0990537" lon="29.0687217"/>
  <node id="3706426550" lat="38.0991474" lon="29.0686622"/>
  <node id="3706426551" lat="38.0992364" lon="29.0685014"/>
  <node id="3706426553" lat="38.0993395" lon="29.0683645"/>
  <node id="3706426556" lat="38.0994238" lon="29.0681145"/>
  <node id="3706426557" lat="38.0995128" lon="29.0678882"/>
  <node id="3706426560" lat="38.0996253" lon="29.0674179"/>
  <node id="3706426564" lat="38.0998408" lon="29.0670964"/>
  <node id="3706426566" lat="38.1002437" lon="29.0666976"/>
  <node id="3706426568" lat="38.1003280" lon="29.0666559"/>
  <node id="3706426569" lat="38.1005107" lon="29.0666261"/>
  <node id="3706426571" lat="38.1007028" lon="29.0665666"/>
  <node id="3706426572" lat="38.1008527" lon="29.0664714"/>
  <node id="3706426574" lat="38.1010120" lon="29.0663344"/>
  <node id="3706426577" lat="38.1012181" lon="29.0661796"/>
  <node id="3706426578" lat="38.1013071" lon="29.0660903"/>
  <node id="3706426579" lat="38.1013352" lon="29.0660070"/>
  <node id="3706426593" lat="38.1043539" lon="29.0635501"/>
  <node id="3706426595" lat="38.1044036" lon="29.0584354"/>
  <node id="3706426599" lat="38.1045593" lon="29.0633228"/>
  <node id="3706426602" lat="38.1045990" lon="29.0583933"/>
  <node id="3706426604" lat="38.1046288" lon="29.0585365"/>
  <node id="3706426606" lat="38.1046553" lon="29.0585996"/>
  <node id="3706426607" lat="38.1046653" lon="29.0632638"/>
  <node id="3706426615" lat="38.1048664" lon="28.9811372"/>
  <node id="3706426617" lat="38.1048851" lon="28.9812921"/>
  <node id="3706426618" lat="38.1048898" lon="28.9810241"/>
  <node id="3706426619" lat="38.1048971" lon="29.0593615"/>
  <node id="3706426620" lat="38.1049071" lon="29.0630618"/>
  <node id="3706426623" lat="38.1049601" lon="29.0630028"/>
  <node id="3706426624" lat="38.1049700" lon="29.0593194"/>
  <node id="3706426731" lat="38.0971329" lon="29.0663582"/>
  <node id="3706426744" lat="38.0980043" lon="29.0664356"/>
  <node id="3706426745" lat="38.0980511" lon="29.0691146"/>
  <node id="3706426746" lat="38.0980802" lon="29.0211334"/>
  <node id="3706426755" lat="38.0984353" lon="29.0689301"/>
  <node id="3706426926" lat="38.1049976" lon="28.9815185"/>
  <node id="3706426927" lat="38.1049998" lon="29.0629734"/>
  <node id="3706426928" lat="38.1050164" lon="28.9808930"/>
  <node id="3706426933" lat="38.1051555" lon="29.0629439"/>
  <node id="3706426935" lat="38.1052226" lon="28.9808453"/>
  <node id="3706426937" lat="38.1052742" lon="28.9818640"/>
  <node id="3706426941" lat="38.1053344" lon="29.0630113"/>
  <node id="3706426947" lat="38.1054503" lon="29.0630955"/>
  <node id="3706426950" lat="38.1055086" lon="28.9808453"/>
  <node id="3706426951" lat="38.1055530" lon="29.0631923"/>
  <node id="3706426956" lat="38.1056445" lon="28.9808215"/>
  <node id="3706426961" lat="38.1057758" lon="28.9825312"/>
  <node id="3706426964" lat="38.1058147" lon="29.0633186"/>
  <node id="3706426972" lat="38.1060598" lon="29.0633438"/>
  <node id="3706426975" lat="38.1060851" lon="28.9795110"/>
  <node id="3706426976" lat="38.1061039" lon="28.9793561"/>
  <node id="3706426978" lat="38.1061273" lon="28.9798148"/>
  <node id="3706426979" lat="38.1061320" lon="28.9804045"/>
  <node id="3706426980" lat="38.1061414" lon="28.9830673"/>
  <node id="3706426982" lat="38.1061836" lon="28.9792548"/>
  <node id="3706426983" lat="38.1061836" lon="28.9803152"/>
  <node id="3706426984" lat="38.1061956" lon="29.0587511"/>
  <node id="3706426985" lat="38.1062070" lon="28.9800948"/>
  <node id="3706426986" lat="38.1062117" lon="28.9802139"/>
  <node id="3706426988" lat="38.1063008" lon="28.9834426"/>
  <node id="3706426989" lat="38.1063016" lon="29.0633101"/>
  <node id="3706426991" lat="38.1063195" lon="28.9792071"/>
  <node id="3706426994" lat="38.1064025" lon="29.0604143"/>
  <node id="3706426996" lat="38.1064489" lon="29.0603806"/>
  <node id="3706426997" lat="38.1064739" lon="29.0633312"/>
  <node id="3706426998" lat="38.1064789" lon="29.0632209"/>
  <node id="3706426999" lat="38.1064836" lon="28.9792191"/>
  <node id="3706427000" lat="38.1065269" lon="29.0635375"/>
  <node id="3706427001" lat="38.1065450" lon="29.0603175"/>
  <node id="3706427002" lat="38.1065913" lon="29.0603848"/>
  <node id="3706427003" lat="38.1066054" lon="29.0631316"/>
  <node id="3706427004" lat="38.1066101" lon="28.9791714"/>
  <node id="3706427005" lat="38.1066196" lon="29.0635796"/>
  <node id="3706427007" lat="38.1066609" lon="29.0604395"/>
  <node id="3706427009" lat="38.1067371" lon="29.0606500"/>
  <node id="3706427010" lat="38.1067422" lon="29.0635627"/>
  <node id="3706427013" lat="38.1068283" lon="29.0636090"/>
  <node id="3706427014" lat="38.1068490" lon="29.0630958"/>
  <node id="3706427017" lat="38.1069674" lon="29.0637058"/>
  <node id="3706427020" lat="38.1070850" lon="29.0630893"/>
  <node id="3706427021" lat="38.1070976" lon="28.9787604"/>
  <node id="3706427024" lat="38.1072456" lon="29.0637858"/>
  <node id="3706427225" lat="38.1073351" lon="29.0638616"/>
  <node id="3706427228" lat="38.1074539" lon="28.9784804"/>
  <node id="3706427230" lat="38.1074941" lon="29.0640510"/>
  <node id="3706427234" lat="38.1076663" lon="29.0642026"/>
  <node id="3706427237" lat="38.1078007" lon="28.9782957"/>
  <node id="3706427238" lat="38.1078253" lon="29.0642952"/>
  <node id="3706427241" lat="38.1079644" lon="29.0644299"/>
  <node id="3706427243" lat="38.1080373" lon="29.0644552"/>
  <node id="3706427245" lat="38.1081429" lon="28.9782183"/>
  <node id="3706427246" lat="38.1081797" lon="29.0644131"/>
  <node id="3706427249" lat="38.1082990" lon="29.0643541"/>
  <node id="3706427251" lat="38.1083619" lon="29.0642826"/>
  <node id="3706427253" lat="38.1084248" lon="29.0642699"/>
  <node id="3706427254" lat="38.1085408" lon="29.0642910"/>
  <node id="3706427257" lat="38.1086567" lon="29.0643373"/>
  <node id="3706427258" lat="38.1087382" lon="28.9781706"/>
  <node id="3706427260" lat="38.1087693" lon="29.0645141"/>
  <node id="3706427261" lat="38.1087897" lon="28.9770686"/>
  <node id="3706427262" lat="38.1087944" lon="28.9769375"/>
  <node id="3706427264" lat="38.1088223" lon="29.0649056"/>
  <node id="3706427266" lat="38.1088322" lon="29.0647162"/>
  <node id="3706427267" lat="38.1088488" lon="29.0650866"/>
  <node id="3706427268" lat="38.1088582" lon="29.0607954"/>
  <node id="3706427269" lat="38.1088601" lon="28.9768362"/>
  <node id="3706427270" lat="38.1088863" lon="29.0607299"/>
  <node id="3706427271" lat="38.1088886" lon="29.0651582"/>
  <node id="3706427272" lat="38.1089257" lon="28.9782242"/>
  <node id="3706427273" lat="38.1089613" lon="29.0607775"/>
  <node id="3706427276" lat="38.1090382" lon="28.9767230"/>
  <node id="3706427277" lat="38.1090877" lon="29.0621111"/>
  <node id="3706427278" lat="38.1090971" lon="29.0610871"/>
  <node id="3706427281" lat="38.1091600" lon="28.9777655"/>
  <node id="3706427282" lat="38.1091694" lon="28.9783732"/>
  <node id="3706427283" lat="38.1091767" lon="29.0621408"/>
  <node id="3706427284" lat="38.1091835" lon="28.9767290"/>
  <node id="3706427285" lat="38.1091955" lon="29.0612181"/>
  <node id="3706427287" lat="38.1092444" lon="28.9783732"/>
  <node id="3706427288" lat="38.1092819" lon="28.9783255"/>
  <node id="3706427289" lat="38.1092866" lon="28.9781587"/>
  <node id="3706427290" lat="38.1093079" lon="29.0621051"/>
  <node id="3706427292" lat="38.1093782" lon="29.0612657"/>
  <node id="3706427297" lat="38.1096100" lon="28.9769375"/>
  <node id="3706427299" lat="38.1097201" lon="29.0612955"/>
  <node id="3706427300" lat="38.1097857" lon="29.0613371"/>
  <node id="3706427301" lat="38.1097975" lon="28.9809681"/>
  <node id="3706427302" lat="38.1098372" lon="29.0616229"/>
  <node id="3706427303" lat="38.1098419" lon="29.0614324"/>
  <node id="3706427305" lat="38.1099075" lon="29.0617003"/>
  <node id="3706427307" lat="38.1100152" lon="29.0617598"/>
  <node id="3706427309" lat="38.1100876" lon="28.9809530"/>
  <node id="3706427311" lat="38.1101631" lon="28.9770626"/>
  <node id="3706427313" lat="38.1102776" lon="29.0617300"/>
  <node id="3706427315" lat="38.1103857" lon="28.9808822"/>
  <node id="3706427317" lat="38.1106043" lon="28.9809024"/>
  <node id="3706427319" lat="38.1107672" lon="28.9808418"/>
  <node id="3706427321" lat="38.1109501" lon="28.9806347"/>
  <node id="3706427322" lat="38.1111802" lon="28.9771043"/>
  <node id="3706427425" lat="38.1113634" lon="28.9803165"/>
  <node id="3706427426" lat="38.1114333" lon="28.9771341"/>
  <node id="3706427428" lat="38.1115974" lon="28.9772592"/>
  <node id="3706427429" lat="38.1116098" lon="28.9801296"/>
  <node id="3706427431" lat="38.1116677" lon="28.9772592"/>
  <node id="3706427432" lat="38.1117489" lon="28.9800437"/>
  <node id="3706427433" lat="38.1118046" lon="28.9800286"/>
  <node id="3706427434" lat="38.1118177" lon="28.9771996"/>
  <node id="3706427435" lat="38.1118801" lon="28.9800387"/>
  <node id="3706427437" lat="38.1120788" lon="28.9802104"/>
  <node id="3706427438" lat="38.1121364" lon="28.9771996"/>
  <node id="3706427439" lat="38.1122020" lon="28.9803013"/>
  <node id="3706427440" lat="38.1123053" lon="28.9804630"/>
  <node id="3706427442" lat="38.1124206" lon="28.9806701"/>
  <node id="3706427444" lat="38.1127942" lon="28.9810590"/>
  <node id="3706427445" lat="38.1128254" lon="28.9773485"/>
  <node id="3706427447" lat="38.1130525" lon="28.9813823"/>
  <node id="3706427448" lat="38.1130597" lon="28.9774498"/>
  <node id="3706427449" lat="38.1131628" lon="28.9775570"/>
  <node id="3706427451" lat="38.1132115" lon="28.9815894"/>
  <node id="3706427452" lat="38.1132988" lon="28.9778728"/>
  <node id="3706427455" lat="38.1133863" lon="28.9817510"/>
  <node id="3706427456" lat="38.1133972" lon="28.9781766"/>
  <node id="3706427459" lat="38.1135144" lon="28.9782957"/>
  <node id="3706427462" lat="38.1136566" lon="28.9819076"/>
  <node id="3706427463" lat="38.1137837" lon="28.9819531"/>
  <node id="3706427465" lat="38.1140182" lon="28.9819329"/>
  <node id="3706427469" lat="38.1142221" lon="28.9784149"/>
  <node id="3706427470" lat="38.1142527" lon="28.9819733"/>
  <node id="3706427474" lat="38.1144156" lon="28.9819986"/>
  <node id="3706427475" lat="38.1144424" lon="28.9785340"/>
  <node id="3706427480" lat="38.1146030" lon="28.9825285"/>
  <node id="3706427481" lat="38.1146064" lon="28.9820592"/>
  <node id="3706427483" lat="38.1146283" lon="28.9827357"/>
  <node id="3706427484" lat="38.1146311" lon="28.9824428"/>
  <node id="3706427485" lat="38.1146824" lon="28.9813519"/>
  <node id="3706427486" lat="38.1146871" lon="28.9812804"/>
  <node id="3706427487" lat="38.1147463" lon="28.9822892"/>
  <node id="3706427488" lat="38.1147527" lon="28.9816557"/>
  <node id="3706427489" lat="38.1147693" lon="28.9820895"/>
  <node id="3706427490" lat="38.1147772" lon="28.9822106"/>
  <node id="3706427491" lat="38.1148053" lon="28.9820711"/>
  <node id="3706427492" lat="38.1148089" lon="28.9804524"/>
  <node id="3706427493" lat="38.1148183" lon="28.9817689"/>
  <node id="3706427494" lat="38.1148277" lon="28.9819417"/>
  <node id="3706427496" lat="38.1148361" lon="28.9789272"/>
  <node id="3706427497" lat="38.1148839" lon="28.9820310"/>
  <node id="3706427498" lat="38.1149017" lon="28.9800709"/>
  <node id="3706427500" lat="38.1149234" lon="28.9833393"/>
  <node id="3706427502" lat="38.1149767" lon="28.9791654"/>
  <node id="3706427503" lat="38.1149917" lon="28.9820668"/>
  <node id="3706427504" lat="38.1149954" lon="28.9798148"/>
  <node id="3706427506" lat="38.1150329" lon="28.9795884"/>
  <node id="3706427507" lat="38.1150498" lon="28.9837250"/>
  <node id="3706427516" lat="38.1153084" lon="28.9841679"/>
  <node id="3706427517" lat="38.1153104" lon="28.9822336"/>
  <node id="3706427522" lat="38.1153646" lon="28.9843537"/>
  <node id="3706427726" lat="38.1154236" lon="28.9845322"/>
  <node id="3706427729" lat="38.1155753" lon="28.9846823"/>
  <node id="3706427731" lat="38.1156573" lon="28.9823944"/>
  <node id="3706427733" lat="38.1157299" lon="28.9847501"/>
  <node id="3706427734" lat="38.1266945" lon="28.9838724"/>
  <node id="3706427735" lat="38.1267210" lon="28.9835439"/>
  <node id="3706427737" lat="38.1267444" lon="28.9630349"/>
  <node id="3706427739" lat="38.1268405" lon="28.9631360"/>
  <node id="3706427740" lat="38.1268570" lon="28.9623950"/>
  <node id="3706427742" lat="38.1269021" lon="28.9839562"/>
  <node id="3706427743" lat="38.1269465" lon="28.9632202"/>
  <node id="3706427745" lat="38.1270326" lon="28.9623319"/>
  <node id="3706427746" lat="38.1270624" lon="28.9633170"/>
  <node id="3706427747" lat="38.1271120" lon="28.9840409"/>
  <node id="3706427749" lat="38.1271750" lon="28.9621677"/>
  <node id="3706427750" lat="38.1272595" lon="28.9635995"/>
  <node id="3706427752" lat="38.1273705" lon="28.9842262"/>
  <node id="3706427754" lat="38.1274127" lon="28.9638973"/>
  <node id="3706427755" lat="38.1274900" lon="28.9615887"/>
  <node id="3706427756" lat="38.1274962" lon="28.9618772"/>
  <node id="3706427757" lat="38.1275095" lon="28.9617004"/>
  <node id="3706427759" lat="38.1275227" lon="28.9618182"/>
  <node id="3706427762" lat="38.1275582" lon="28.9648158"/>
  <node id="3706427763" lat="38.1276289" lon="28.9848581"/>
  <node id="3706427768" lat="38.1280133" lon="28.9859449"/>
  <node id="3706427776" lat="38.1282585" lon="28.9863408"/>
  <node id="3706427783" lat="38.1287886" lon="28.9869305"/>
  <node id="3706427801" lat="38.1301869" lon="28.9891378"/>
  <node id="3706427822" lat="38.1310550" lon="28.9904183"/>
  <node id="3706427929" lat="38.1207329" lon="28.9831390"/>
  <node id="3706427937" lat="38.1215624" lon="28.9834488"/>
  <node id="3706427952" lat="38.1223966" lon="28.9837109"/>
  <node id="3706427961" lat="38.1229871" lon="28.9838599"/>
  <node id="3706427971" lat="38.1234979" lon="28.9838956"/>
  <node id="3706427975" lat="38.1238541" lon="28.9838182"/>
  <node id="3706427980" lat="38.1241397" lon="28.9837684"/>
  <node id="3706428004" lat="38.1252365" lon="28.9836028"/>
  <node id="3706428011" lat="38.1255016" lon="28.9836113"/>
  <node id="3706428019" lat="38.1257468" lon="28.9816062"/>
  <node id="3706428022" lat="38.1259986" lon="28.9819685"/>
  <node id="3706428024" lat="38.1263300" lon="28.9825413"/>
  <node id="3706428227" lat="38.1265421" lon="28.9829794"/>
  <node id="3706428228" lat="38.1265557" lon="28.9627276"/>
  <node id="3706428229" lat="38.1265590" lon="28.9626603"/>
  <node id="3706428230" lat="38.1266153" lon="28.9625761"/>
  <node id="3706428242" lat="38.1337471" lon="28.9949065"/>
  <node id="3706428246" lat="38.1339708" lon="28.9950097"/>
  <node id="3706428247" lat="38.1342557" lon="28.9953635"/>
  <node id="3706428249" lat="38.1344280" lon="28.9955489"/>
  <node id="3706428251" lat="38.1345738" lon="28.9956921"/>
  <node id="3706428254" lat="38.1347262" lon="28.9960291"/>
  <node id="3706428255" lat="38.1348189" lon="28.9962229"/>
  <node id="3706428257" lat="38.1348985" lon="28.9962987"/>
  <node id="3706428261" lat="38.1352629" lon="28.9962902"/>
  <node id="3706428264" lat="38.1358593" lon="28.9965261"/>
  <node id="3706428268" lat="38.1363496" lon="28.9969726"/>
  <node id="3706428272" lat="38.1367605" lon="28.9971327"/>
  <node id="3706428279" lat="38.1370520" lon="28.9971580"/>
  <node id="3706428283" lat="38.1372839" lon="28.9973096"/>
  <node id="3706428288" lat="38.1375556" lon="28.9975118"/>
  <node id="3706428290" lat="38.1378405" lon="28.9976803"/>
  <node id="3706428757" lat="38.1578134" lon="29.0687821"/>
  <node id="3706428759" lat="38.1580278" lon="29.0729699"/>
  <node id="3706428760" lat="38.1581012" lon="29.0730760"/>
  <node id="3706428762" lat="38.1580557" lon="29.0686974"/>
  <node id="3706428763" lat="38.1581735" lon="29.0735168"/>
  <node id="3706428764" lat="38.1581608" lon="29.0688496"/>
  <node id="3706428765" lat="38.1582430" lon="29.0738029"/>
  <node id="3706428768" lat="38.1583935" lon="29.0742943"/>
  <node id="3706428770" lat="38.1584821" lon="29.0746049"/>
  <node id="3706428774" lat="38.1586478" lon="29.0750472"/>
  <node id="3706428777" lat="38.1588350" lon="29.0736900"/>
  <node id="3706428779" lat="38.1588941" lon="29.0754993"/>
  <node id="3706428781" lat="38.1590350" lon="29.0741989"/>
  <node id="3706428784" lat="38.1590491" lon="29.0757926"/>
  <node id="3706428785" lat="38.1591314" lon="29.0761043"/>
  <node id="3706428786" lat="38.1591781" lon="29.0759735"/>
  <node id="3706428790" lat="38.1590943" lon="29.0758213"/>
  <node id="3706428791" lat="38.1591458" lon="29.0756305"/>
  <node id="3706428792" lat="38.1591505" lon="29.0754159"/>
  <node id="3706428793" lat="38.1592136" lon="29.0765535"/>
  <node id="3706428794" lat="38.1591880" lon="29.0751714"/>
  <node id="3706428797" lat="38.1592630" lon="29.0750640"/>
  <node id="3706428798" lat="38.1593466" lon="29.0768809"/>
  <node id="3706428799" lat="38.1595069" lon="29.0772703"/>
  <node id="3706428800" lat="38.1595491" lon="29.0747599"/>
  <node id="3706428801" lat="38.1596381" lon="29.0745155"/>
  <node id="3706428802" lat="38.1597507" lon="29.0775685"/>
  <node id="3706428803" lat="38.1599054" lon="29.0738357"/>
  <node id="3706428804" lat="38.1601185" lon="29.0674616"/>
  <node id="3706428805" lat="38.1600742" lon="29.0734839"/>
  <node id="3706428811" lat="38.1601445" lon="29.0717546"/>
  <node id="3706428812" lat="38.1601539" lon="29.0715578"/>
  <node id="3706428817" lat="38.1602102" lon="29.0714624"/>
  <node id="3706428818" lat="38.1602148" lon="29.0726789"/>
  <node id="3706428819" lat="38.1602148" lon="29.0728518"/>
  <node id="3706428821" lat="38.1602195" lon="29.0722674"/>
  <node id="3706428823" lat="38.1602945" lon="29.0714207"/>
  <node id="3706428824" lat="38.1603086" lon="29.0782304"/>
  <node id="3706429235" lat="38.1742746" lon="29.0963339"/>
  <node id="3706429236" lat="38.1742839" lon="29.0956124"/>
  <node id="3706429237" lat="38.1743449" lon="29.0952546"/>
  <node id="3706429238" lat="38.1743589" lon="29.0930722"/>
  <node id="3706429239" lat="38.1744855" lon="29.0950221"/>
  <node id="3706429240" lat="38.1745465" lon="29.0947955"/>
  <node id="3706429241" lat="38.1745511" lon="29.0944258"/>
  <node id="3706429242" lat="38.1746261" lon="29.0942946"/>
  <node id="3706429243" lat="38.1748183" lon="29.0934836"/>
  <node id="3706429244" lat="38.1748652" lon="29.0940620"/>
  <node id="3706429245" lat="38.1750387" lon="29.0937937"/>
  <node id="3706429246" lat="38.1753387" lon="29.0942230"/>
  <node id="3706429247" lat="38.1759621" lon="29.0949565"/>
  <node id="3706429248" lat="38.1761684" lon="29.0951354"/>
  <node id="3706429249" lat="38.1764449" lon="29.0953083"/>
  <node id="3706429250" lat="38.1768996" lon="29.0955468"/>
  <node id="3706429251" lat="38.1771340" lon="29.0956840"/>
  <node id="3706429252" lat="38.1772934" lon="29.0958688"/>
  <node id="3706429253" lat="38.1778887" lon="29.0968885"/>
  <node id="3706429254" lat="38.1780762" lon="29.0974013"/>
  <node id="3706429255" lat="38.1781981" lon="29.0979320"/>
  <node id="3706429256" lat="38.1783246" lon="29.0987430"/>
  <node id="3706429257" lat="38.1784277" lon="29.0992260"/>
  <node id="3706429258" lat="38.1786152" lon="29.0996612"/>
  <node id="3706429259" lat="38.1788027" lon="29.0999713"/>
  <node id="3706429260" lat="38.1791215" lon="29.1003470"/>
  <node id="3706429261" lat="38.1794824" lon="29.1007167"/>
  <node id="3706429262" lat="38.1797215" lon="29.1010387"/>
  <node id="3706429263" lat="38.1798574" lon="29.1013249"/>
  <node id="3706429264" lat="38.1801433" lon="29.1022253"/>
  <node id="3706429265" lat="38.1802746" lon="29.1024996"/>
  <node id="3706429266" lat="38.1805839" lon="29.1028634"/>
  <node id="3706429267" lat="38.1808042" lon="29.1032032"/>
  <node id="3706429268" lat="38.1810480" lon="29.1034775"/>
  <node id="3706429269" lat="38.1812964" lon="29.1037817"/>
  <node id="3706429270" lat="38.1816714" lon="29.1043064"/>
  <node id="3706429271" lat="38.1821166" lon="29.1050697"/>
  <node id="3706429272" lat="38.1825057" lon="29.1056421"/>
  <node id="3706429273" lat="38.1829556" lon="29.1062086"/>
  <node id="3706429274" lat="38.1833447" lon="29.1065425"/>
  <node id="3706429275" lat="38.1834994" lon="29.1066916"/>
  <node id="3706429276" lat="38.1846242" lon="29.1080750"/>
  <node id="3706429277" lat="38.1850133" lon="29.1085162"/>
  <node id="3706429278" lat="38.1855616" lon="29.1130004"/>
  <node id="3706429279" lat="38.1856226" lon="29.1093153"/>
  <node id="3706429280" lat="38.1857960" lon="29.1128275"/>
  <node id="3706429281" lat="38.1859142" lon="29.1126953"/>
  <node id="3706429282" lat="38.1860678" lon="29.1125233"/>
  <node id="3706429283" lat="38.1861522" lon="29.1127082"/>
  <node id="3706429284" lat="38.1862741" lon="29.1126665"/>
  <node id="3706429285" lat="38.1863162" lon="29.1101382"/>
  <node id="3706429286" lat="38.1866162" lon="29.1120821"/>
  <node id="3706429287" lat="38.1867615" lon="29.1126486"/>
  <node id="3706429288" lat="38.1867709" lon="29.1187666"/>
  <node id="3706429289" lat="38.1868271" lon="29.1106033"/>
  <node id="3706429290" lat="38.1868693" lon="29.1118913"/>
  <node id="3706429291" lat="38.1869724" lon="29.1126724"/>
  <node id="3706429292" lat="38.1870333" lon="29.1116885"/>
  <node id="3706429293" lat="38.1871458" lon="29.1114977"/>
  <node id="3706429294" lat="38.1871505" lon="29.1156181"/>
  <node id="3706429295" lat="38.1871739" lon="29.1154213"/>
  <node id="3706429296" lat="38.1872114" lon="29.1160892"/>
  <node id="3706429297" lat="38.1872396" lon="29.1170850"/>
  <node id="3706429298" lat="38.1872396" lon="29.1181405"/>
  <node id="3706429299" lat="38.1872442" lon="29.1167034"/>
  <node id="3706429300" lat="38.1873005" lon="29.1179318"/>
  <node id="3706429301" lat="38.1873239" lon="29.1176813"/>
  <node id="3706429302" lat="38.1873321" lon="29.1110863"/>
  <node id="3706429303" lat="38.1873895" lon="29.1126486"/>
  <node id="3706429304" lat="38.1874645" lon="29.1148787"/>
  <node id="3706429305" lat="38.1874692" lon="29.1112175"/>
  <node id="3706429306" lat="38.1875583" lon="29.1146581"/>
  <node id="3706429307" lat="38.1876426" lon="29.1143957"/>
  <node id="3706429308" lat="38.1876661" lon="29.1139783"/>
  <node id="3706429309" lat="38.1876989" lon="29.1136802"/>
  <node id="3706429310" lat="38.1877785" lon="29.1134655"/>
  <node id="3706429311" lat="38.1878488" lon="29.1114977"/>
  <node id="3706429312" lat="38.1878488" lon="29.1125949"/>
  <node id="3706429313" lat="38.1878676" lon="29.1132151"/>
  <node id="3706429314" lat="38.1879098" lon="29.1129646"/>
  <node id="3706429315" lat="38.1880551" lon="29.1126545"/>
  <node id="3706429316" lat="38.1880804" lon="29.1125901"/>
  <node id="3706429317" lat="38.1881066" lon="29.1125233"/>
  <node id="3706429318" lat="38.1881160" lon="29.1121894"/>
  <node id="3706429319" lat="38.1881816" lon="29.1120344"/>
  <node id="3706429320" lat="38.1883503" lon="29.1119271"/>
  <node id="3706429321" lat="38.1884253" lon="29.1118376"/>
  <node id="3706429322" lat="38.1890862" lon="29.1122729"/>
  <node id="3706429323" lat="38.1895314" lon="29.1126605"/>
  <node id="3706429324" lat="38.1898360" lon="29.1128752"/>
  <node id="3706429743" lat="38.1559154" lon="29.1626652"/>
  <node id="3706429749" lat="38.1609744" lon="29.0841933"/>
  <node id="3706429753" lat="38.1610076" lon="29.0709084"/>
  <node id="3706429757" lat="38.1611479" lon="29.0831796"/>
  <node id="3706429760" lat="38.1611984" lon="29.0701633"/>
  <node id="3706429762" lat="38.1612698" lon="29.0827742"/>
  <node id="3706429763" lat="38.1612161" lon="29.0710094"/>
  <node id="3706429766" lat="38.1614245" lon="29.0823329"/>
  <node id="3706429768" lat="38.1613773" lon="29.0702313"/>
  <node id="3706429769" lat="38.1613941" lon="29.0711075"/>
  <node id="3706429770" lat="38.1614620" lon="29.0821182"/>
  <node id="3706429771" lat="38.1614995" lon="29.0799358"/>
  <node id="3706429772" lat="38.1615042" lon="29.0795601"/>
  <node id="3706429773" lat="38.1615417" lon="29.0802816"/>
  <node id="3706429774" lat="38.1615605" lon="29.0805202"/>
  <node id="3706429775" lat="38.1615745" lon="29.0808123"/>
  <node id="3706429776" lat="38.1616167" lon="29.0814862"/>
  <node id="3706429777" lat="38.1614462" lon="29.0709597"/>
  <node id="3706429778" lat="38.1616308" lon="29.0812715"/>
  <node id="3706429780" lat="38.1617567" lon="29.0713660"/>
  <node id="3706429781" lat="38.1615744" lon="29.0703038"/>
  <node id="3706429783" lat="38.1618605" lon="29.0798285"/>
  <node id="3706429785" lat="38.1619355" lon="29.0714386"/>
  <node id="3706429786" lat="38.1620199" lon="29.0799954"/>
  <node id="3706429788" lat="38.1620739" lon="29.0714853"/>
  <node id="3706429789" lat="38.1621793" lon="29.0802220"/>
  <node id="3706429790" lat="38.1628507" lon="29.0711555"/>
  <node id="3706429795" lat="38.1625357" lon="29.0808600"/>
  <node id="3706429797" lat="38.1630326" lon="29.0817724"/>
  <node id="3706429798" lat="38.1632202" lon="29.0820109"/>
  <node id="3706429799" lat="38.1634921" lon="29.0822733"/>
  <node id="3706429800" lat="38.1637986" lon="29.0825076"/>
  <node id="3706429801" lat="38.1641214" lon="29.0829117"/>
  <node id="3706429802" lat="38.1647005" lon="29.0836026"/>
  <node id="3706429803" lat="38.1648235" lon="29.0867542"/>
  <node id="3706429804" lat="38.1648415" lon="29.0863012"/>
  <node id="3706429805" lat="38.1648210" lon="29.0875070"/>
  <node id="3706429806" lat="38.1648799" lon="29.0847694"/>
  <node id="3706429807" lat="38.1648722" lon="29.0858319"/>
  <node id="3706429808" lat="38.1648594" lon="29.0851768"/>
  <node id="3706429809" lat="38.1648773" lon="29.0855190"/>
  <node id="3706429810" lat="38.1649138" lon="29.0840261"/>
  <node id="3706429811" lat="38.1648876" lon="29.0843522"/>
  <node id="3706429812" lat="38.1648671" lon="29.0881295"/>
  <node id="3706429813" lat="38.1649619" lon="29.0888726"/>
  <node id="3706429815" lat="38.1650567" lon="29.0892637"/>
  <node id="3706429816" lat="38.1651362" lon="29.0843881"/>
  <node id="3706429817" lat="38.1652028" lon="29.0896646"/>
  <node id="3706429818" lat="38.1653514" lon="29.0846358"/>
  <node id="3706429819" lat="38.1653873" lon="29.0904207"/>
  <node id="3706429820" lat="38.1654436" lon="29.0848835"/>
  <node id="3706429821" lat="38.1654693" lon="29.0909976"/>
  <node id="3706429822" lat="38.1655999" lon="29.0854212"/>
  <node id="3706429823" lat="38.1656333" lon="29.0916429"/>
  <node id="3706429824" lat="38.1657204" lon="29.0921252"/>
  <node id="3706429890" lat="38.2135575" lon="29.0506050"/>
  <node id="3706429892" lat="38.2135666" lon="29.1074986"/>
  <node id="3706429896" lat="38.2137212" lon="29.1076596"/>
  <node id="3706429898" lat="38.2138055" lon="29.1085896"/>
  <node id="3706429900" lat="38.2139085" lon="29.1084823"/>
  <node id="3706429901" lat="38.2139507" lon="29.1083750"/>
  <node id="3706429902" lat="38.2139576" lon="29.0688101"/>
  <node id="3706429904" lat="38.2139741" lon="29.1080888"/>
  <node id="3706429905" lat="38.2139792" lon="29.0560326"/>
  <node id="3706429907" lat="38.2140397" lon="29.1081604"/>
  <node id="3706429908" lat="38.2141245" lon="29.0512730"/>
  <node id="3706429909" lat="38.2141334" lon="29.1082796"/>
  <node id="3706429910" lat="38.2142154" lon="29.0689950"/>
  <node id="3706429911" lat="38.2142885" lon="29.0561996"/>
  <node id="3706429912" lat="38.2143114" lon="29.1085777"/>
  <node id="3706429913" lat="38.2144144" lon="29.1096210"/>
  <node id="3706429914" lat="38.2144144" lon="29.1098833"/>
  <node id="3706429916" lat="38.2144356" lon="29.0690964"/>
  <node id="3706429917" lat="38.2144660" lon="29.1094541"/>
  <node id="3706429918" lat="38.2144800" lon="29.1088639"/>
  <node id="3706429920" lat="38.2145269" lon="29.1101755"/>
  <node id="3706429921" lat="38.2145315" lon="29.1091798"/>
  <node id="3706429922" lat="38.2145362" lon="29.1090189"/>
  <node id="3706429924" lat="38.2147197" lon="29.0520484"/>
  <node id="3706430027" lat="38.1603321" lon="29.0701088"/>
  <node id="3706430029" lat="38.1603903" lon="29.0713223"/>
  <node id="3706430032" lat="38.1604502" lon="29.0701609"/>
  <node id="3706430033" lat="38.1604211" lon="29.0863639"/>
  <node id="3706430035" lat="38.1604868" lon="29.0858987"/>
  <node id="3706430036" lat="38.1604868" lon="29.0867336"/>
  <node id="3706430037" lat="38.1605941" lon="29.0704241"/>
  <node id="3706430039" lat="38.1605618" lon="29.0872225"/>
  <node id="3706430041" lat="38.1606462" lon="29.0785524"/>
  <node id="3706430043" lat="38.1606837" lon="29.0852667"/>
  <node id="3706430044" lat="38.1606981" lon="29.0706507"/>
  <node id="3706430046" lat="38.1608384" lon="29.0707946"/>
  <node id="3706430085" lat="38.1908402" lon="29.1057575"/>
  <node id="3706430086" lat="38.1908811" lon="29.1162263"/>
  <node id="3706430087" lat="38.1910171" lon="29.1167034"/>
  <node id="3706430088" lat="38.1911530" lon="29.1169359"/>
  <node id="3706430089" lat="38.1926045" lon="29.1071910"/>
  <node id="3706430090" lat="38.1913089" lon="29.1061749"/>
  <node id="3706430093" lat="38.1916685" lon="29.1175620"/>
  <node id="3706430094" lat="38.1916744" lon="29.1065506"/>
  <node id="3706430100" lat="38.1919544" lon="29.1179377"/>
  <node id="3706430103" lat="38.1920400" lon="29.1067712"/>
  <node id="3706430104" lat="38.1921325" lon="29.1181166"/>
  <node id="3706430107" lat="38.1922322" lon="29.1068965"/>
  <node id="3706430109" lat="38.1924384" lon="29.1070932"/>
  <node id="3706430114" lat="38.1926680" lon="29.1075166"/>
  <node id="3706430115" lat="38.1926808" lon="29.1185936"/>
  <node id="3706430119" lat="38.1927852" lon="29.1077134"/>
  <node id="3706430121" lat="38.1928636" lon="29.1187964"/>
  <node id="3706430122" lat="38.1929057" lon="29.1214976"/>
  <node id="3706430124" lat="38.1930276" lon="29.1190289"/>
  <node id="3706430225" lat="38.1657332" lon="29.0858416"/>
  <node id="3706430226" lat="38.1657614" lon="29.0932333"/>
  <node id="3706430227" lat="38.1657947" lon="29.0927770"/>
  <node id="3706430228" lat="38.1658331" lon="29.0937417"/>
  <node id="3706430229" lat="38.1658741" lon="29.0942697"/>
  <node id="3706430230" lat="38.1659612" lon="29.0862784"/>
  <node id="3706430231" lat="38.1662739" lon="29.0867086"/>
  <node id="3706430232" lat="38.1667833" lon="29.0873656"/>
  <node id="3706430233" lat="38.1669942" lon="29.0875326"/>
  <node id="3706430234" lat="38.1674443" lon="29.0877830"/>
  <node id="3706430235" lat="38.1676318" lon="29.0879142"/>
  <node id="3706430236" lat="38.1678709" lon="29.0881349"/>
  <node id="3706430237" lat="38.1681147" lon="29.0883018"/>
  <node id="3706430238" lat="38.1687663" lon="29.0886119"/>
  <node id="3706430239" lat="38.1691367" lon="29.0888444"/>
  <node id="3706430240" lat="38.1701024" lon="29.0896196"/>
  <node id="3706430241" lat="38.1706462" lon="29.0899237"/>
  <node id="3706430242" lat="38.1709369" lon="29.0900251"/>
  <node id="3706430243" lat="38.1711572" lon="29.0901563"/>
  <node id="3706430244" lat="38.1713916" lon="29.0903650"/>
  <node id="3706430245" lat="38.1715603" lon="29.0906095"/>
  <node id="3706430246" lat="38.1718744" lon="29.0910746"/>
  <node id="3706430247" lat="38.1721557" lon="29.0913429"/>
  <node id="3706430248" lat="38.1730042" lon="29.0920287"/>
  <node id="3706430525" lat="38.1902297" lon="29.1130421"/>
  <node id="3706430526" lat="38.1904219" lon="29.1131435"/>
  <node id="3706430527" lat="38.1905484" lon="29.1133164"/>
  <node id="3706430528" lat="38.1906234" lon="29.1135251"/>
  <node id="3706430529" lat="38.1906328" lon="29.1139127"/>
  <node id="3706430530" lat="38.1906421" lon="29.1141155"/>
  <node id="3706430531" lat="38.1907546" lon="29.1145806"/>
  <node id="3706430532" lat="38.1907827" lon="29.1154989"/>
  <node id="3706430533" lat="38.1908062" lon="29.1149682"/>
  <node id="3706430534" lat="38.1908108" lon="29.1157791"/>
  <node id="3706430535" lat="38.2045006" lon="29.1168488"/>
  <node id="3706430536" lat="38.2045100" lon="29.1167056"/>
  <node id="3706430538" lat="38.2045263" lon="29.0455292"/>
  <node id="3706430539" lat="38.2045546" lon="29.1166905"/>
  <node id="3706430541" lat="38.2046318" lon="29.1164790"/>
  <node id="3706430542" lat="38.2046505" lon="29.1166579"/>
  <node id="3706430544" lat="38.2047158" lon="29.1166614"/>
  <node id="3706430545" lat="38.2047269" lon="29.1160478"/>
  <node id="3706430546" lat="38.2047630" lon="29.1166639"/>
  <node id="3706430547" lat="38.2047958" lon="29.1173198"/>
  <node id="3706430548" lat="38.2048005" lon="29.1171469"/>
  <node id="3706430549" lat="38.2048329" lon="29.1166787"/>
  <node id="3706430550" lat="38.2048567" lon="29.1169501"/>
  <node id="3706430551" lat="38.2048661" lon="29.1168130"/>
  <node id="3706430553" lat="38.2049013" lon="29.0458692"/>
  <node id="3706430554" lat="38.2049364" lon="29.1177492"/>
  <node id="3706430555" lat="38.2049598" lon="29.1167056"/>
  <node id="3706430558" lat="38.2050080" lon="29.0973219"/>
  <node id="3706430560" lat="38.2052059" lon="29.0460780"/>
  <node id="3706430561" lat="38.2052141" lon="29.1158511"/>
  <node id="3706430564" lat="38.2052316" lon="29.1166758"/>
  <node id="3706430567" lat="38.2054096" lon="29.1166997"/>
  <node id="3706430570" lat="38.2054671" lon="29.0977034"/>
  <node id="3706430572" lat="38.2057482" lon="29.1156722"/>
  <node id="3706430573" lat="38.2058902" lon="29.0464657"/>
  <node id="3706430574" lat="38.2060246" lon="29.1154814"/>
  <node id="3706430575" lat="38.2062776" lon="29.0984248"/>
  <node id="3706430576" lat="38.2063291" lon="29.1152251"/>
  <node id="3706430577" lat="38.2069522" lon="29.0990448"/>
  <node id="3706430578" lat="38.2072660" lon="29.1143487"/>
  <node id="3706430579" lat="38.2074837" lon="29.0472410"/>
  <node id="3706430580" lat="38.2076970" lon="29.0999212"/>
  <node id="3706430581" lat="38.2076970" lon="29.1139850"/>
  <node id="3706430582" lat="38.2085777" lon="29.1132994"/>
  <node id="3706430583" lat="38.2089460" lon="29.0480164"/>
  <node id="3706430584" lat="38.2090275" lon="29.0691680"/>
  <node id="3706430585" lat="38.2093460" lon="29.1017753"/>
  <node id="3706430586" lat="38.2093555" lon="29.0689175"/>
  <node id="3706430587" lat="38.2095193" lon="29.1127032"/>
  <node id="3706430588" lat="38.2096508" lon="29.0687028"/>
  <node id="3706430589" lat="38.2098552" lon="29.0484399"/>
  <node id="3706430590" lat="38.2098988" lon="29.1025027"/>
  <node id="3706430591" lat="38.2099507" lon="29.0685477"/>
  <node id="3706430592" lat="38.2102595" lon="29.1030810"/>
  <node id="3706430593" lat="38.2102694" lon="29.0683867"/>
  <node id="3706430594" lat="38.2106717" lon="29.1120892"/>
  <node id="3706430595" lat="38.2108581" lon="29.0487858"/>
  <node id="3706430596" lat="38.2109200" lon="29.1119223"/>
  <node id="3706430597" lat="38.2110558" lon="29.1045654"/>
  <node id="3706430598" lat="38.2111308" lon="29.1117196"/>
  <node id="3706430599" lat="38.2112198" lon="29.1114990"/>
  <node id="3706430600" lat="38.2112705" lon="29.0489469"/>
  <node id="3706430601" lat="38.2113135" lon="29.1050901"/>
  <node id="3706430602" lat="38.2113473" lon="29.0680288"/>
  <node id="3706430603" lat="38.2114587" lon="29.1109505"/>
  <node id="3706430604" lat="38.2115910" lon="29.0679334"/>
  <node id="3706430605" lat="38.2116226" lon="29.1105928"/>
  <node id="3706430606" lat="38.2116829" lon="29.0492272"/>
  <node id="3706430607" lat="38.2117444" lon="29.1057757"/>
  <node id="3706430608" lat="38.2118816" lon="29.0677902"/>
  <node id="3706430609" lat="38.2118943" lon="29.1102232"/>
  <node id="3706430610" lat="38.2119969" lon="29.0494061"/>
  <node id="3706430611" lat="38.2120550" lon="29.0677067"/>
  <node id="3706430612" lat="38.2120864" lon="29.1062228"/>
  <node id="3706430613" lat="38.2122705" lon="29.0676888"/>
  <node id="3706430614" lat="38.2124093" lon="29.0495433"/>
  <node id="3706430615" lat="38.2124143" lon="29.1065507"/>
  <node id="3706430616" lat="38.2124517" lon="29.1094660"/>
  <node id="3706430617" lat="38.2124533" lon="29.0677306"/>
  <node id="3706430620" lat="38.2126860" lon="29.1091858"/>
  <node id="3706430621" lat="38.2127046" lon="29.0497103"/>
  <node id="3706430622" lat="38.2127111" lon="29.0678797"/>
  <node id="3706430623" lat="38.2129342" lon="29.1070098"/>
  <node id="3706430624" lat="38.2129576" lon="29.0499131"/>
  <node id="3706430726" lat="38.1930791" lon="29.1210921"/>
  <node id="3706430727" lat="38.1931179" lon="29.1082203"/>
  <node id="3706430728" lat="38.1931401" lon="29.1209132"/>
  <node id="3706430729" lat="38.1932338" lon="29.1205316"/>
  <node id="3706430730" lat="38.1932760" lon="29.1195835"/>
  <node id="3706430731" lat="38.1932994" lon="29.1202931"/>
  <node id="3706430732" lat="38.1933228" lon="29.1204541"/>
  <node id="3706430733" lat="38.1933603" lon="29.1200128"/>
  <node id="3706430734" lat="38.1934119" lon="29.1202096"/>
  <node id="3706430735" lat="38.1934541" lon="29.1204362"/>
  <node id="3706430737" lat="38.1934835" lon="29.1086198"/>
  <node id="3706430739" lat="38.1935572" lon="29.1204541"/>
  <node id="3706430744" lat="38.1936696" lon="29.1206568"/>
  <node id="3706430746" lat="38.1939006" lon="29.1090312"/>
  <node id="3706430747" lat="38.1939602" lon="29.1210802"/>
  <node id="3706430750" lat="38.1942367" lon="29.1214857"/>
  <node id="3706430751" lat="38.1945332" lon="29.1096573"/>
  <node id="3706430752" lat="38.1948178" lon="29.1223384"/>
  <node id="3706430753" lat="38.1948613" lon="29.1100867"/>
  <node id="3706430754" lat="38.1952081" lon="29.1106412"/>
  <node id="3706430755" lat="38.1953205" lon="29.1109155"/>
  <node id="3706430756" lat="38.1954270" lon="29.1230659"/>
  <node id="3706430757" lat="38.1954658" lon="29.1111183"/>
  <node id="3706430758" lat="38.1958220" lon="29.1115118"/>
  <node id="3706430759" lat="38.1962110" lon="29.1240163"/>
  <node id="3706430760" lat="38.1966374" lon="29.1244456"/>
  <node id="3706430761" lat="38.1966421" lon="29.1122870"/>
  <node id="3706430762" lat="38.1968952" lon="29.1246484"/>
  <node id="3706430763" lat="38.1970123" lon="29.1246901"/>
  <node id="3706430764" lat="38.1971482" lon="29.1248988"/>
  <node id="3706430765" lat="38.1971763" lon="29.1247021"/>
  <node id="3706430766" lat="38.1973732" lon="29.1128893"/>
  <node id="3706430767" lat="38.1974997" lon="29.1253938"/>
  <node id="3706430768" lat="38.1975137" lon="29.1129668"/>
  <node id="3706430769" lat="38.1977012" lon="29.1129907"/>
  <node id="3706430770" lat="38.1978605" lon="29.1261213"/>
  <node id="3706430771" lat="38.1979308" lon="29.1130920"/>
  <node id="3706430772" lat="38.1979355" lon="29.1332292"/>
  <node id="3706430773" lat="38.1981370" lon="29.1266102"/>
  <node id="3706430774" lat="38.1984041" lon="29.1322095"/>
  <node id="3706430775" lat="38.1985213" lon="29.1239030"/>
  <node id="3706430776" lat="38.1985353" lon="29.1134260"/>
  <node id="3706430777" lat="38.1986197" lon="29.1318219"/>
  <node id="3706430778" lat="38.1986291" lon="29.1273019"/>
  <node id="3706430779" lat="38.1987275" lon="29.1317325"/>
  <node id="3706430780" lat="38.1987509" lon="29.1276180"/>
  <node id="3706430781" lat="38.1988962" lon="29.1137480"/>
  <node id="3706430782" lat="38.1989196" lon="29.1316907"/>
  <node id="3706430783" lat="38.1989571" lon="29.1281666"/>
  <node id="3706430784" lat="38.1989712" lon="29.1316192"/>
  <node id="3706430785" lat="38.1989785" lon="29.0888562"/>
  <node id="3706430786" lat="38.1990180" lon="29.1284349"/>
  <node id="3706430787" lat="38.1990321" lon="29.1315059"/>
  <node id="3706430788" lat="38.1990508" lon="29.1317921"/>
  <node id="3706430789" lat="38.1991024" lon="29.1289895"/>
  <node id="3706430790" lat="38.1991164" lon="29.1312196"/>
  <node id="3706430791" lat="38.1991820" lon="29.1291266"/>
  <node id="3706430792" lat="38.1991914" lon="29.1307068"/>
  <node id="3706430793" lat="38.1992757" lon="29.1302000"/>
  <node id="3706430794" lat="38.1992945" lon="29.1321260"/>
  <node id="3706430795" lat="38.1993226" lon="29.1292578"/>
  <node id="3706430796" lat="38.1993252" lon="29.0896551"/>
  <node id="3706430797" lat="38.1993554" lon="29.1328237"/>
  <node id="3706430798" lat="38.1993742" lon="29.1293413"/>
  <node id="3706430799" lat="38.1993742" lon="29.1322751"/>
  <node id="3706430800" lat="38.1993788" lon="29.1295142"/>
  <node id="3706430801" lat="38.1994351" lon="29.1142727"/>
  <node id="3706430802" lat="38.1994632" lon="29.1331755"/>
  <node id="3706430803" lat="38.1995241" lon="29.1334916"/>
  <node id="3706430804" lat="38.1996766" lon="29.0903407"/>
  <node id="3706430805" lat="38.1997678" lon="29.1231815"/>
  <node id="3706430806" lat="38.1999505" lon="29.1148452"/>
  <node id="3706430807" lat="38.2000021" lon="29.1229966"/>
  <node id="3706430808" lat="38.2001404" lon="29.0911276"/>
  <node id="3706430809" lat="38.2002786" lon="29.1152149"/>
  <node id="3706430810" lat="38.2003067" lon="29.1227581"/>
  <node id="3706430811" lat="38.2004613" lon="29.1155250"/>
  <node id="3706430812" lat="38.2005269" lon="29.1226388"/>
  <node id="3706430813" lat="38.2005972" lon="29.1157277"/>
  <node id="3706430814" lat="38.2008034" lon="29.1158708"/>
  <node id="3706430815" lat="38.2008034" lon="29.1225017"/>
  <node id="3706430816" lat="38.2010352" lon="29.0924571"/>
  <node id="3706430817" lat="38.2012345" lon="29.1221857"/>
  <node id="3706430818" lat="38.2014923" lon="29.1219471"/>
  <node id="3706430819" lat="38.2016797" lon="29.1163777"/>
  <node id="3706430820" lat="38.2017172" lon="29.1215894"/>
  <node id="3706430822" lat="38.2020405" lon="29.1208678"/>
  <node id="3706430823" lat="38.2021014" lon="29.1165267"/>
  <node id="3706430863" lat="38.2276507" lon="29.0890548"/>
  <node id="3706430866" lat="38.2279131" lon="29.0886134"/>
  <node id="3706430872" lat="38.2281005" lon="29.0883987"/>
  <node id="3706430891" lat="38.2285972" lon="29.0881005"/>
  <node id="3706430895" lat="38.2287143" lon="29.0878619"/>
  <node id="3706430897" lat="38.2287518" lon="29.0866868"/>
  <node id="3706430901" lat="38.2287893" lon="29.0875696"/>
  <node id="3706430902" lat="38.2287939" lon="29.0872833"/>
  <node id="3706430904" lat="38.2288021" lon="29.0865546"/>
  <node id="3706431025" lat="38.2022608" lon="29.1165804"/>
  <node id="3706431026" lat="38.2024529" lon="29.1166043"/>
  <node id="3706431028" lat="38.2025157" lon="29.1194758"/>
  <node id="3706431030" lat="38.2026562" lon="29.0948418"/>
  <node id="3706431034" lat="38.2030404" lon="29.1180986"/>
  <node id="3706431035" lat="38.2030433" lon="29.1165029"/>
  <node id="3706431037" lat="38.2031464" lon="29.1165745"/>
  <node id="3706431038" lat="38.2031952" lon="29.0443900"/>
  <node id="3706431039" lat="38.2032418" lon="29.0956407"/>
  <node id="3706431040" lat="38.2032981" lon="29.1167096"/>
  <node id="3706431041" lat="38.2033147" lon="29.1168155"/>
  <node id="3706431042" lat="38.2033215" lon="29.1166380"/>
  <node id="3706431043" lat="38.2033262" lon="29.1168884"/>
  <node id="3706431045" lat="38.2033964" lon="29.1165545"/>
  <node id="3706431046" lat="38.2034011" lon="29.1174130"/>
  <node id="3706431047" lat="38.2034152" lon="29.1171030"/>
  <node id="3706431048" lat="38.2034322" lon="29.1169024"/>
  <node id="3706431049" lat="38.2034339" lon="29.1172402"/>
  <node id="3706431050" lat="38.2035186" lon="29.0446047"/>
  <node id="3706431051" lat="38.2035822" lon="29.1169322"/>
  <node id="3706431052" lat="38.2035932" lon="29.1164115"/>
  <node id="3706431053" lat="38.2036525" lon="29.1170217"/>
  <node id="3706431057" lat="38.2037244" lon="29.0961951"/>
  <node id="3706431058" lat="38.2037535" lon="29.1169339"/>
  <node id="3706431059" lat="38.2037759" lon="29.1163042"/>
  <node id="3706431060" lat="38.2038233" lon="29.0447598"/>
  <node id="3706431063" lat="38.2038446" lon="29.1168547"/>
  <node id="3706431066" lat="38.2039961" lon="29.1161968"/>
  <node id="3706431067" lat="38.2040086" lon="29.1167891"/>
  <node id="3706431070" lat="38.2040576" lon="29.0449388"/>
  <node id="3706431071" lat="38.2041320" lon="29.0966661"/>
  <node id="3706431073" lat="38.2042194" lon="29.1176955"/>
  <node id="3706431076" lat="38.2043225" lon="29.1167235"/>
  <node id="3706431077" lat="38.2043381" lon="29.1161313"/>
  <node id="3706431078" lat="38.2043521" lon="29.0968569"/>
  <node id="3706431079" lat="38.2043835" lon="29.1173437"/>
  <node id="3706431081" lat="38.2044491" lon="29.1171946"/>
  <node id="3706431082" lat="38.2044519" lon="29.1161068"/>
  <node id="3706431083" lat="38.2044912" lon="29.1162405"/>
  <node id="3706431084" lat="38.2044912" lon="29.1170276"/>
  <node id="3706431225" lat="38.2129717" lon="29.1089056"/>
  <node id="3706431228" lat="38.2131310" lon="29.1088102"/>
  <node id="3706431229" lat="38.2133015" lon="29.0682912"/>
  <node id="3706431233" lat="38.2133605" lon="29.1073436"/>
  <node id="3706431234" lat="38.2134682" lon="29.1086910"/>
  <node id="3706431425" lat="38.2147262" lon="29.0691322"/>
  <node id="3706431427" lat="38.2147939" lon="29.1108432"/>
  <node id="3706431428" lat="38.2148087" lon="29.0567007"/>
  <node id="3706431430" lat="38.2148875" lon="29.1109743"/>
  <node id="3706431431" lat="38.2149625" lon="29.1109445"/>
  <node id="3706431433" lat="38.2151358" lon="29.1108415"/>
  <node id="3706431436" lat="38.2152267" lon="29.1101275"/>
  <node id="3706431437" lat="38.2152533" lon="29.1099169"/>
  <node id="3706431438" lat="38.2152458" lon="29.1105917"/>
  <node id="3706431440" lat="38.2152686" lon="29.1104158"/>
  <node id="3706431441" lat="38.2152904" lon="29.1096319"/>
  <node id="3706431442" lat="38.2152182" lon="29.0691740"/>
  <node id="3706431443" lat="38.2152586" lon="29.0526568"/>
  <node id="3706431445" lat="38.2153888" lon="29.1092655"/>
  <node id="3706431446" lat="38.2153519" lon="29.1090831"/>
  <node id="3706431447" lat="38.2153802" lon="29.1089032"/>
  <node id="3706431448" lat="38.2153570" lon="29.0571301"/>
  <node id="3706431449" lat="38.2154411" lon="29.1087262"/>
  <node id="3706431451" lat="38.2154684" lon="29.1085121"/>
  <node id="3706431452" lat="38.2155773" lon="29.0529490"/>
  <node id="3706431453" lat="38.2155855" lon="29.1084048"/>
  <node id="3706431454" lat="38.2155913" lon="29.0501755"/>
  <node id="3706431455" lat="38.2156007" lon="29.0505513"/>
  <node id="3706431456" lat="38.2156175" lon="29.0460454"/>
  <node id="3706431457" lat="38.2156316" lon="29.0462303"/>
  <node id="3706431459" lat="38.2156522" lon="29.0574343"/>
  <node id="3706431461" lat="38.2157018" lon="29.0464748"/>
  <node id="3706431462" lat="38.2157206" lon="29.0456994"/>
  <node id="3706431464" lat="38.2157260" lon="29.1083631"/>
  <node id="3706431465" lat="38.2157272" lon="29.0487023"/>
  <node id="3706431466" lat="38.2157909" lon="29.0468267"/>
  <node id="3706431467" lat="38.2158143" lon="29.0479957"/>
  <node id="3706431468" lat="38.2158284" lon="29.0473337"/>
  <node id="3706431469" lat="38.2158321" lon="29.0691382"/>
  <node id="3706431470" lat="38.2158565" lon="29.0452998"/>
  <node id="3706431471" lat="38.2158912" lon="29.0514400"/>
  <node id="3706431474" lat="38.2160346" lon="29.0449658"/>
  <node id="3706431475" lat="38.2160351" lon="29.1083452"/>
  <node id="3706431477" lat="38.2161724" lon="29.0531339"/>
  <node id="3706431478" lat="38.2161818" lon="29.0578578"/>
  <node id="3706431480" lat="38.2162454" lon="29.0447094"/>
  <node id="3706431481" lat="38.2162989" lon="29.0526925"/>
  <node id="3706431483" lat="38.2163101" lon="29.0690189"/>
  <node id="3706431486" lat="38.2164052" lon="29.1082856"/>
  <node id="3706431487" lat="38.2164208" lon="29.0532293"/>
  <node id="3706431488" lat="38.2164348" lon="29.0551201"/>
  <node id="3706431489" lat="38.2164442" lon="29.0554064"/>
  <node id="3706431491" lat="38.2164657" lon="29.0445245"/>
  <node id="3706431492" lat="38.2164676" lon="29.0548815"/>
  <node id="3706431494" lat="38.2165332" lon="29.0539689"/>
  <node id="3706431495" lat="38.2165426" lon="29.0543030"/>
  <node id="3706431496" lat="38.2165895" lon="29.0559790"/>
  <node id="3706431497" lat="38.2165988" lon="29.0582097"/>
  <node id="3706431498" lat="38.2166475" lon="29.0688519"/>
  <node id="3706431500" lat="38.2168033" lon="29.1081425"/>
  <node id="3706431501" lat="38.2169015" lon="29.0442859"/>
  <node id="3706431503" lat="38.2169690" lon="29.0572076"/>
  <node id="3706431504" lat="38.2169755" lon="29.0685775"/>
  <node id="3706431505" lat="38.2170656" lon="29.1080471"/>
  <node id="3706431506" lat="38.2171030" lon="29.0441428"/>
  <node id="3706431507" lat="38.2171143" lon="29.0585974"/>
  <node id="3706431508" lat="38.2171583" lon="29.0684881"/>
  <node id="3706431510" lat="38.2173223" lon="29.0684582"/>
  <node id="3706431512" lat="38.2173607" lon="29.0438326"/>
  <node id="3706431513" lat="38.2173721" lon="29.0588419"/>
  <node id="3706431515" lat="38.2174564" lon="29.0586272"/>
  <node id="3706431516" lat="38.2174751" lon="29.0589254"/>
  <node id="3706431518" lat="38.2175247" lon="29.0409340"/>
  <node id="3706431519" lat="38.2175528" lon="29.0414767"/>
  <node id="3706431520" lat="38.2175669" lon="29.0403435"/>
  <node id="3706431521" lat="38.2175800" lon="29.0589037"/>
  <node id="3706431523" lat="38.2176110" lon="29.0589731"/>
  <node id="3706431524" lat="38.2176278" lon="29.0420075"/>
  <node id="3706431628" lat="38.2229603" lon="29.1035668"/>
  <node id="3706431634" lat="38.2231711" lon="29.1031970"/>
  <node id="3706431638" lat="38.2234429" lon="29.0663057"/>
  <node id="3706431639" lat="38.2234476" lon="29.0687154"/>
  <node id="3706431640" lat="38.2235131" lon="29.0277946"/>
  <node id="3706431642" lat="38.2237006" lon="29.1022367"/>
  <node id="3706431643" lat="38.2237569" lon="29.0666576"/>
  <node id="3706431647" lat="38.2239161" lon="29.0271743"/>
  <node id="3706431649" lat="38.2239493" lon="29.0685085"/>
  <node id="3706431658" lat="38.2240989" lon="29.0668962"/>
  <node id="3706431661" lat="38.2242723" lon="29.0683754"/>
  <node id="3706431662" lat="38.2243051" lon="29.1012823"/>
  <node id="3706431663" lat="38.2243285" lon="29.0671228"/>
  <node id="3706431669" lat="38.2245862" lon="29.0673018"/>
  <node id="3706431670" lat="38.2246097" lon="29.0682561"/>
  <node id="3706431672" lat="38.2246612" lon="29.0674210"/>
  <node id="3706431674" lat="38.2247690" lon="29.0679280"/>
  <node id="3706431675" lat="38.2248158" lon="29.0680831"/>
  <node id="3706431679" lat="38.2248533" lon="29.1005189"/>
  <node id="3706431683" lat="38.2248814" lon="29.0681010"/>
  <node id="3706431712" lat="38.2254765" lon="29.0997196"/>
  <node id="3706431721" lat="38.2257717" lon="29.0992544"/>
  <node id="3706431725" lat="38.2176887" lon="29.0433972"/>
  <node id="3706431726" lat="38.2176933" lon="29.1076894"/>
  <node id="3706431727" lat="38.2177262" lon="29.0424370"/>
  <node id="3706431728" lat="38.2178105" lon="29.0430990"/>
  <node id="3706431729" lat="38.2178340" lon="29.0428903"/>
  <node id="3706431730" lat="38.2178706" lon="29.0684523"/>
  <node id="3706431731" lat="38.2178969" lon="29.0593906"/>
  <node id="3706431732" lat="38.2180074" lon="29.0377371"/>
  <node id="3706431733" lat="38.2181011" lon="29.0371586"/>
  <node id="3706431734" lat="38.2181292" lon="29.0366516"/>
  <node id="3706431735" lat="38.2181476" lon="29.1073854"/>
  <node id="3706431736" lat="38.2181611" lon="29.0684165"/>
  <node id="3706431737" lat="38.2181714" lon="29.0353931"/>
  <node id="3706431738" lat="38.2181948" lon="29.0350293"/>
  <node id="3706431739" lat="38.2182651" lon="29.0345164"/>
  <node id="3706431740" lat="38.2184103" lon="29.0340452"/>
  <node id="3706431741" lat="38.2186259" lon="29.0336635"/>
  <node id="3706431742" lat="38.2186438" lon="29.0683568"/>
  <node id="3706431743" lat="38.2188359" lon="29.0683449"/>
  <node id="3706431744" lat="38.2188455" lon="29.1068190"/>
  <node id="3706431745" lat="38.2189258" lon="29.0332639"/>
  <node id="3706431746" lat="38.2190637" lon="29.0613112"/>
  <node id="3706431747" lat="38.2190990" lon="29.0683933"/>
  <node id="3706431748" lat="38.2192699" lon="29.0616750"/>
  <node id="3706431749" lat="38.2192819" lon="29.0329239"/>
  <node id="3706431750" lat="38.2194995" lon="29.0622059"/>
  <node id="3706431751" lat="38.2196963" lon="29.0625220"/>
  <node id="3706431752" lat="38.2197214" lon="29.1059843"/>
  <node id="3706431753" lat="38.2198978" lon="29.0627427"/>
  <node id="3706431754" lat="38.2201207" lon="29.0321963"/>
  <node id="3706431755" lat="38.2201252" lon="29.0687691"/>
  <node id="3706431756" lat="38.2201883" lon="29.0629455"/>
  <node id="3706431757" lat="38.2205751" lon="29.0689897"/>
  <node id="3706431758" lat="38.2206174" lon="29.0317310"/>
  <node id="3706431759" lat="38.2207016" lon="29.1050341"/>
  <node id="3706431760" lat="38.2207319" lon="29.0631781"/>
  <node id="3706431761" lat="38.2208235" lon="29.0690196"/>
  <node id="3706431762" lat="38.2208517" lon="29.0314448"/>
  <node id="3706431763" lat="38.2210833" lon="29.0633630"/>
  <node id="3706431764" lat="38.2211937" lon="29.1046464"/>
  <node id="3706431765" lat="38.2213270" lon="29.0635300"/>
  <node id="3706431766" lat="38.2213296" lon="29.0691389"/>
  <node id="3706431767" lat="38.2214655" lon="29.0304607"/>
  <node id="3706431769" lat="38.2217982" lon="29.0299835"/>
  <node id="3706431770" lat="38.2218028" lon="29.1042885"/>
  <node id="3706431772" lat="38.2218237" lon="29.0640429"/>
  <node id="3706431773" lat="38.2218497" lon="29.0691687"/>
  <node id="3706431776" lat="38.2219950" lon="29.0297628"/>
  <node id="3706431777" lat="38.2221637" lon="29.0691150"/>
  <node id="3706431778" lat="38.2222267" lon="29.0645439"/>
  <node id="3706431779" lat="38.2223183" lon="29.1040380"/>
  <node id="3706431780" lat="38.2223933" lon="29.0293990"/>
  <node id="3706431781" lat="38.2225969" lon="29.0651463"/>
  <node id="3706431782" lat="38.2226510" lon="29.0291604"/>
  <node id="3706431783" lat="38.2227025" lon="29.0688943"/>
  <node id="3706431784" lat="38.2227447" lon="29.1037815"/>
  <node id="3706431786" lat="38.2228921" lon="29.0655877"/>
  <node id="3706431789" lat="38.2229508" lon="29.0287489"/>
  <node id="3706432259" lat="38.2264652" lon="29.0980912"/>
  <node id="3706432271" lat="38.2266058" lon="29.0905758"/>
  <node id="3706432272" lat="38.2266058" lon="29.0913035"/>
  <node id="3706432276" lat="38.2266901" lon="29.0904207"/>
  <node id="3706432281" lat="38.2267135" lon="29.0921743"/>
  <node id="3706432289" lat="38.2268260" lon="29.0925501"/>
  <node id="3706432293" lat="38.2268729" lon="29.0973397"/>
  <node id="3706432295" lat="38.2268963" lon="29.0901583"/>
  <node id="3706432301" lat="38.2269947" lon="29.0969639"/>
  <node id="3706432302" lat="38.2270134" lon="29.0899197"/>
  <node id="3706432305" lat="38.2270697" lon="29.0931108"/>
  <node id="3706432314" lat="38.2273367" lon="29.0959857"/>
  <node id="3706432315" lat="38.2273555" lon="29.0937848"/>
  <node id="3706432318" lat="38.2274351" lon="29.0940591"/>
  <node id="3706432324" lat="38.2275101" lon="29.0893292"/>
  <node id="3706432525" lat="38.2275148" lon="29.0945840"/>
  <node id="3706432526" lat="38.2275195" lon="29.0953893"/>
  <node id="3706432527" lat="38.2275429" lon="29.0950075"/>
  <node id="4441746816" lat="38.1534353" lon="29.0662404"/>
  <node id="4441746817" lat="38.1533738" lon="29.0662501"/>
  <node id="4441746818" lat="38.1533063" lon="29.0661643"/>
  <node id="4441746819" lat="38.1532178" lon="29.0660677"/>
  <node id="4441746820" lat="38.1531629" lon="29.0659712"/>
  <node id="4441746821" lat="38.1530954" lon="29.0659658"/>
  <node id="4441746822" lat="38.1530617" lon="29.0658478"/>
  <node id="4441746823" lat="38.1530068" lon="29.0658049"/>
  <node id="4441746824" lat="38.1529225" lon="29.0658478"/>
  <node id="4441746825" lat="38.1528212" lon="29.0658693"/>
  <node id="4441746826" lat="38.1527369" lon="29.0658532"/>
  <node id="4441746827" lat="38.1526778" lon="29.0658800"/>
  <node id="4441746828" lat="38.1525812" lon="29.0659599"/>
  <node id="4441749532" lat="38.1529562" lon="29.0656493"/>
  <node id="4441749533" lat="38.1529056" lon="29.0655313"/>
  <node id="4441749534" lat="38.1528634" lon="29.0654347"/>
  <node id="4441749535" lat="38.1528508" lon="29.0653114"/>
  <node id="4441749536" lat="38.1528719" lon="29.0651826"/>
  <node id="4441749537" lat="38.1528845" lon="29.0650485"/>
  <node id="4441749538" lat="38.1528929" lon="29.0648768"/>
  <node id="4441749539" lat="38.1528803" lon="29.0647159"/>
  <node id="4441749540" lat="38.1528803" lon="29.0646140"/>
  <node id="4441749541" lat="38.1528550" lon="29.0644960"/>
  <node id="4441749542" lat="38.1527791" lon="29.0644209"/>
  <node id="4441749543" lat="38.1525424" lon="29.0659140"/>
  <node id="4441749544" lat="38.1525428" lon="29.0658049"/>
  <node id="4441749545" lat="38.1525386" lon="29.0656815"/>
  <node id="4441749546" lat="38.1525555" lon="29.0655313"/>
  <node id="4441749547" lat="38.1525808" lon="29.0654187"/>
  <node id="4441749548" lat="38.1526103" lon="29.0653167"/>
  <node id="4441749549" lat="38.1526272" lon="29.0651933"/>
  <node id="4441749550" lat="38.1526483" lon="29.0651022"/>
  <node id="4441749551" lat="38.1526778" lon="29.0649949"/>
  <node id="4441749552" lat="38.1526862" lon="29.0648768"/>
  <node id="4441749553" lat="38.1527200" lon="29.0647320"/>
  <node id="4441749554" lat="38.1527453" lon="29.0645657"/>
  <node id="4441749555" lat="38.1527833" lon="29.0643136"/>
  <node id="4441749556" lat="38.1528128" lon="29.0642170"/>
  <node id="4441749557" lat="38.1528339" lon="29.0641205"/>
  <node id="4441749558" lat="38.1528868" lon="29.0639908"/>
  <node id="4441758617" lat="38.1531197" lon="29.0660517"/>
  <node id="4441758618" lat="38.1531323" lon="29.0661402"/>
  <node id="4441758619" lat="38.1531703" lon="29.0662072"/>
  <node id="4441758620" lat="38.1532315" lon="29.0663145"/>
  <node id="4441758621" lat="38.1532357" lon="29.0663440"/>
  <node id="4441758622" lat="38.1532051" lon="29.0662682"/>
  <node id="4441758623" lat="38.1531810" lon="29.0663290"/>
  <node id="4441758624" lat="38.1531642" lon="29.0663961"/>
  <node id="4441758625" lat="38.1531684" lon="29.0664873"/>
  <node id="4441758626" lat="38.1531642" lon="29.0665490"/>
  <node id="4441758627" lat="38.1531640" lon="29.0666787"/>
  <node id="4441758628" lat="38.1532907" lon="29.0664337"/>
  <node id="4441758629" lat="38.1533371" lon="29.0664953"/>
  <node id="4441758630" lat="38.1533814" lon="29.0664873"/>
  <node id="4441758631" lat="38.1534341" lon="29.0665383"/>
  <node id="4441758632" lat="38.1534531" lon="29.0665651"/>
  <node id="4441758633" lat="38.1539488" lon="29.0666093"/>
  <node id="4441758634" lat="38.1539467" lon="29.0665101"/>
  <node id="4441758635" lat="38.1539467" lon="29.0664538"/>
  <node id="4441758636" lat="38.1539382" lon="29.0663331"/>
  <node id="4441758637" lat="38.1533051" lon="29.0651089"/>
  <node id="4441758638" lat="38.1533709" lon="29.0651314"/>
  <node id="4441758639" lat="38.1534299" lon="29.0651395"/>
  <node id="4441758640" lat="38.1535079" lon="29.0651234"/>
  <node id="4441758641" lat="38.1535839" lon="29.0651127"/>
  <node id="4441758642" lat="38.1536429" lon="29.0650215"/>
  <node id="4441758643" lat="38.1537294" lon="29.0648284"/>
  <node id="4441758644" lat="38.1537758" lon="29.0647532"/>
  <node id="4441758645" lat="38.1538074" lon="29.0646835"/>
  <node id="4441758646" lat="38.1538391" lon="29.0646111"/>
  <node id="4441758647" lat="38.1538792" lon="29.0645279"/>
  <node id="4441758648" lat="38.1539066" lon="29.0644743"/>
  <node id="4441758649" lat="38.1539593" lon="29.0644153"/>
  <node id="4441758650" lat="38.1540263" lon="29.0642877"/>
  <node id="4441758651" lat="38.1545033" lon="29.0642990"/>
  <node id="4441758652" lat="38.1544824" lon="29.0643590"/>
  <node id="4441758653" lat="38.1544613" lon="29.0644207"/>
  <node id="4441758654" lat="38.1544423" lon="29.0644984"/>
  <node id="4441758655" lat="38.1544128" lon="29.0645414"/>
  <node id="4441758656" lat="38.1543833" lon="29.0646191"/>
  <node id="4441758657" lat="38.1542904" lon="29.0647720"/>
  <node id="4441758658" lat="38.1542672" lon="29.0648257"/>
  <node id="4441758659" lat="38.1542230" lon="29.0648900"/>
  <node id="4441763471" lat="38.1526738" lon="29.0627180"/>
  <node id="4441763472" lat="38.1526214" lon="29.0627881"/>
  <node id="4441763473" lat="38.1525624" lon="29.0628579"/>
  <node id="4441763474" lat="38.1524822" lon="29.0629464"/>
  <node id="4441763475" lat="38.1523978" lon="29.0630429"/>
  <node id="4441763476" lat="38.1523303" lon="29.0631556"/>
  <node id="4441763477" lat="38.1522987" lon="29.0632575"/>
  <node id="4441763478" lat="38.1522734" lon="29.0633353"/>
  <node id="4441763479" lat="38.1522375" lon="29.0634506"/>
  <node id="4441763480" lat="38.1522017" lon="29.0635687"/>
  <node id="4441763481" lat="38.1521764" lon="29.0636733"/>
  <node id="4441763482" lat="38.1521468" lon="29.0637671"/>
  <node id="4441763483" lat="38.1521258" lon="29.0638583"/>
  <node id="4441763484" lat="38.1521595" lon="29.0639737"/>
  <node id="4441763485" lat="38.1521869" lon="29.0640515"/>
  <node id="4441763486" lat="38.1522375" lon="29.0641292"/>
  <node id="4441763487" lat="38.1522692" lon="29.0641882"/>
  <node id="4441763488" lat="38.1522839" lon="29.0642446"/>
  <node id="4441763689" lat="38.1522650" lon="29.0643197"/>
  <node id="4441763690" lat="38.1522270" lon="29.0644001"/>
  <node id="4441763691" lat="38.1521954" lon="29.0644672"/>
  <node id="4441763692" lat="38.1521658" lon="29.0645396"/>
  <node id="4441763693" lat="38.1521637" lon="29.0646442"/>
  <node id="4441763694" lat="38.1518026" lon="29.0646161"/>
  <node id="4441763695" lat="38.1518516" lon="29.0646147"/>
  <node id="4441763696" lat="38.1519169" lon="29.0646254"/>
  <node id="4441763697" lat="38.1519401" lon="29.0646281"/>
  <node id="4441763698" lat="38.1519718" lon="29.0645691"/>
  <node id="4441763699" lat="38.1520308" lon="29.0645584"/>
  <node id="4441763700" lat="38.1520941" lon="29.0645316"/>
  <node id="4441763701" lat="38.1521736" lon="29.0645205"/>
  <node id="4441763702" lat="38.1521219" lon="29.0645277"/>
  <node id="4441763703" lat="38.1520751" lon="29.0645959"/>
  <node id="4441763704" lat="38.1520393" lon="29.0646684"/>
  <node id="4441763705" lat="38.1520076" lon="29.0647622"/>
  <node id="4441763706" lat="38.1519739" lon="29.0648856"/>
  <node id="4441763707" lat="38.1519444" lon="29.0650010"/>
  <node id="4441763708" lat="38.1519169" lon="29.0651673"/>
  <node id="4441763709" lat="38.1519064" lon="29.0653040"/>
  <node id="4441763710" lat="38.1518937" lon="29.0654221"/>
  <node id="4441763711" lat="38.1518811" lon="29.0655240"/>
  <node id="4441763712" lat="38.1518621" lon="29.0656393"/>
  <node id="4441763713" lat="38.1518537" lon="29.0657439"/>
  <node id="4441763714" lat="38.1518389" lon="29.0658163"/>
  <node id="4441763715" lat="38.1518452" lon="29.0658995"/>
  <node id="4441763716" lat="38.1518537" lon="29.0659558"/>
  <node id="4441763717" lat="38.1518748" lon="29.0659987"/>
  <node id="4441763718" lat="38.1519317" lon="29.0660443"/>
  <node id="4441763719" lat="38.1519865" lon="29.0661060"/>
  <node id="4441763720" lat="38.1520751" lon="29.0661865"/>
  <node id="4441763721" lat="38.1521279" lon="29.0662857"/>
  <node id="4441763722" lat="38.1521574" lon="29.0663260"/>
  <node id="4441763723" lat="38.1519297" lon="29.0666447"/>
  <node id="4441763724" lat="38.1519697" lon="29.0666103"/>
  <node id="4441763725" lat="38.1520224" lon="29.0665700"/>
  <node id="4441763726" lat="38.1520709" lon="29.0665566"/>
  <node id="4441763727" lat="38.1521215" lon="29.0665700"/>
  <node id="4441763728" lat="38.1521679" lon="29.0666317"/>
  <node id="4441763729" lat="38.1522270" lon="29.0666827"/>
  <node id="4441763730" lat="38.1522818" lon="29.0667390"/>
  <node id="4441763731" lat="38.1523050" lon="29.0667551"/>
  <node id="4441765371" lat="38.1521300" lon="29.0663742"/>
  <node id="4441765372" lat="38.1521025" lon="29.0664198"/>
  <node id="4441765373" lat="38.1520815" lon="29.0664628"/>
  <node id="4441765374" lat="38.1521004" lon="29.0665164"/>
  <node id="4441765375" lat="38.1523064" lon="29.0657841"/>
  <node id="4441765376" lat="38.1522966" lon="29.0658298"/>
  <node id="4441765377" lat="38.1522987" lon="29.0658914"/>
  <node id="4441765378" lat="38.1523346" lon="29.0659987"/>
  <node id="4441765379" lat="38.1523599" lon="29.0661114"/>
  <node id="4441765380" lat="38.1519401" lon="29.0654274"/>
  <node id="4441765381" lat="38.1519865" lon="29.0654086"/>
  <node id="4441765382" lat="38.1520182" lon="29.0653604"/>
  <node id="4441765383" lat="38.1520329" lon="29.0652960"/>
  <node id="4441765384" lat="38.1520435" lon="29.0652021"/>
  <node id="4441765385" lat="38.1520604" lon="29.0651351"/>
  <node id="4441765386" lat="38.1520857" lon="29.0650761"/>
  <node id="4441765387" lat="38.1521025" lon="29.0649929"/>
  <node id="4441765388" lat="38.1521279" lon="29.0649178"/>
  <node id="4441765689" lat="38.1521532" lon="29.0648722"/>
  <node id="4441785165" lat="38.1536148" lon="29.0651538"/>
  <node id="4441785166" lat="38.1536549" lon="29.0652155"/>
  <node id="4441785167" lat="38.1536718" lon="29.0652611"/>
  <node id="4441785168" lat="38.1536676" lon="29.0653389"/>
  <node id="4441785169" lat="38.1536591" lon="29.0654328"/>
  <node id="4441785170" lat="38.1536549" lon="29.0655267"/>
  <node id="4441785171" lat="38.1536338" lon="29.0655910"/>
  <node id="4441785172" lat="38.1536191" lon="29.0656688"/>
  <node id="4441785173" lat="38.1536275" lon="29.0657573"/>
  <node id="4441785174" lat="38.1536170" lon="29.0658244"/>
  <node id="4441785175" lat="38.1552199" lon="29.0644645"/>
  <node id="4441785176" lat="38.1552663" lon="29.0644028"/>
  <node id="4441785177" lat="38.1553359" lon="29.0643492"/>
  <node id="4441785178" lat="38.1553907" lon="29.0643170"/>
  <node id="4441785179" lat="38.1554751" lon="29.0642875"/>
  <node id="4441785180" lat="38.1555531" lon="29.0642607"/>
  <node id="4441785181" lat="38.1556312" lon="29.0642446"/>
  <node id="4441785182" lat="38.1557345" lon="29.0642365"/>
  <node id="4441785183" lat="38.1559096" lon="29.0641400"/>
  <node id="4441785184" lat="38.1556445" lon="29.0642989"/>
  <node id="4441785185" lat="38.1555832" lon="29.0643485"/>
  <node id="4441785186" lat="38.1555526" lon="29.0644370"/>
  <node id="4441785187" lat="38.1555554" lon="29.0644936"/>
  <node id="4441785188" lat="38.1555304" lon="29.0645608"/>
  <node id="4441786689" lat="38.1554830" lon="29.0646635"/>
  <node id="4441786690" lat="38.1554496" lon="29.0647236"/>
  <node id="4441786691" lat="38.1554051" lon="29.0648404"/>
  <node id="4441786692" lat="38.1554051" lon="29.0649324"/>
  <node id="4441786693" lat="38.1554357" lon="29.0650245"/>
  <node id="4441786694" lat="38.1555085" lon="29.0642760"/>
  <node id="4441786695" lat="38.1555081" lon="29.0641857"/>
  <node id="4441786696" lat="38.1554858" lon="29.0641220"/>
  <node id="4441786697" lat="38.1554135" lon="29.0640441"/>
  <node id="4441786698" lat="38.1553578" lon="29.0639698"/>
  <node id="4441786699" lat="38.1552994" lon="29.0638601"/>
  <node id="4441786700" lat="38.1552493" lon="29.0637610"/>
  <node id="4441786701" lat="38.1551686" lon="29.0636229"/>
  <node id="4441786702" lat="38.1551073" lon="29.0635309"/>
  <node id="4441786703" lat="38.1549821" lon="29.0633150"/>
  <node id="4441786704" lat="38.1549181" lon="29.0631912"/>
  <node id="4441786705" lat="38.1548513" lon="29.0630814"/>
  <node id="4441786706" lat="38.1548096" lon="29.0630107"/>
  <node id="4441786707" lat="38.1547901" lon="29.0629222"/>
  <node id="4441786708" lat="38.1547650" lon="29.0628160"/>
  <node id="4441786709" lat="38.1547622" lon="29.0627098"/>
  <node id="4441786710" lat="38.1547400" lon="29.0626001"/>
  <node id="4441786711" lat="38.1547372" lon="29.0625152"/>
  <node id="4441786712" lat="38.1547121" lon="29.0624302"/>
  <node id="4441786713" lat="38.1546787" lon="29.0623347"/>
  <node id="4441786714" lat="38.1546537" lon="29.0622568"/>
  <node id="4441786715" lat="38.1546092" lon="29.0621754"/>
  <node id="4441786716" lat="38.1545368" lon="29.0621152"/>
  <node id="4441786717" lat="38.1544645" lon="29.0620692"/>
  <node id="4441786718" lat="38.1544060" lon="29.0620692"/>
  <node id="4441786719" lat="38.1543337" lon="29.0620338"/>
  <node id="4441786720" lat="38.1542279" lon="29.0618640"/>
  <node id="4441786721" lat="38.1541333" lon="29.0617401"/>
  <node id="4441786722" lat="38.1540832" lon="29.0616481"/>
  <node id="4441786723" lat="38.1540386" lon="29.0615065"/>
  <node id="4441786724" lat="38.1540247" lon="29.0613897"/>
  <node id="4441786725" lat="38.1539763" lon="29.0611942"/>
  <node id="4441786726" lat="38.1541027" lon="29.0613579"/>
  <node id="4441786727" lat="38.1541555" lon="29.0613048"/>
  <node id="4441786728" lat="38.1541834" lon="29.0612517"/>
  <node id="4441786729" lat="38.1542140" lon="29.0612163"/>
  <node id="4441786730" lat="38.1542696" lon="29.0611915"/>
  <node id="4441786731" lat="38.1543337" lon="29.0611703"/>
  <node id="4441786732" lat="38.1543865" lon="29.0611349"/>
  <node id="4441786733" lat="38.1544394" lon="29.0610924"/>
  <node id="4441786734" lat="38.1544867" lon="29.0610712"/>
  <node id="4441786735" lat="38.1545368" lon="29.0610924"/>
  <node id="4441786736" lat="38.1545563" lon="29.0611561"/>
  <node id="4441786737" lat="38.1546481" lon="29.0612198"/>
  <node id="4441786738" lat="38.1545340" lon="29.0612871"/>
  <node id="4441786739" lat="38.1545173" lon="29.0613543"/>
  <node id="4441786740" lat="38.1545145" lon="29.0614676"/>
  <node id="4441786741" lat="38.1545257" lon="29.0615808"/>
  <node id="4441786742" lat="38.1545702" lon="29.0616799"/>
  <node id="4441786743" lat="38.1546231" lon="29.0617542"/>
  <node id="4441786744" lat="38.1546676" lon="29.0617896"/>
  <node id="4441786745" lat="38.1547121" lon="29.0618746"/>
  <node id="4441786746" lat="38.1547483" lon="29.0619454"/>
  <node id="4441786747" lat="38.1547901" lon="29.0620303"/>
  <node id="4441786748" lat="38.1548179" lon="29.0621011"/>
  <node id="4441786749" lat="38.1548346" lon="29.0621754"/>
  <node id="4441786750" lat="38.1548235" lon="29.0622497"/>
  <node id="4441786751" lat="38.1547845" lon="29.0622780"/>
  <node id="4441786752" lat="38.1547483" lon="29.0623064"/>
  <node id="4441786753" lat="38.1546893" lon="29.0623649"/>
  <node id="4441795767" lat="38.1544258" lon="29.0629430"/>
  <node id="4441795768" lat="38.1543782" lon="29.0628691"/>
  <node id="4441795769" lat="38.1543253" lon="29.0628302"/>
  <node id="4441795770" lat="38.1542669" lon="29.0627806"/>
  <node id="4441795771" lat="38.1541945" lon="29.0626957"/>
  <node id="4441795772" lat="38.1541249" lon="29.0626355"/>
  <node id="4441795773" lat="38.1539329" lon="29.0624869"/>
  <node id="4441795774" lat="38.1538550" lon="29.0624302"/>
  <node id="4441795775" lat="38.1537659" lon="29.0623701"/>
  <node id="4441795776" lat="38.1537075" lon="29.0623347"/>
  <node id="4441795777" lat="38.1536629" lon="29.0622426"/>
  <node id="4441795778" lat="38.1536295" lon="29.0621542"/>
  <node id="4441795779" lat="38.1535906" lon="29.0620551"/>
  <node id="4441795780" lat="38.1535516" lon="29.0619418"/>
  <node id="4441795781" lat="38.1534319" lon="29.0616091"/>
  <node id="4441795782" lat="38.1533679" lon="29.0614676"/>
  <node id="4441795783" lat="38.1533290" lon="29.0613472"/>
  <node id="4441795784" lat="38.1533011" lon="29.0612588"/>
  <node id="4441795785" lat="38.1532622" lon="29.0611597"/>
  <node id="4441795786" lat="38.1532037" lon="29.0610676"/>
  <node id="4441795787" lat="38.1530918" lon="29.0609185"/>
  <node id="4441795788" lat="38.1536089" lon="29.0621018"/>
  <node id="4441795889" lat="38.1536462" lon="29.0619737"/>
  <node id="4441795890" lat="38.1536435" lon="29.0618463"/>
  <node id="4441795891" lat="38.1536435" lon="29.0616870"/>
  <node id="4441795892" lat="38.1536741" lon="29.0615737"/>
  <node id="4441795893" lat="38.1536935" lon="29.0614888"/>
  <node id="4441795894" lat="38.1537102" lon="29.0613720"/>
  <node id="4441795895" lat="38.1537047" lon="29.0612198"/>
  <node id="4441795896" lat="38.1537102" lon="29.0610783"/>
  <node id="4441795897" lat="38.1539431" lon="29.0615656"/>
  <node id="4441795898" lat="38.1538550" lon="29.0615030"/>
  <node id="4441795899" lat="38.1538049" lon="29.0614074"/>
  <node id="4441795900" lat="38.1537464" lon="29.0612127"/>
  <node id="4441795901" lat="38.1536741" lon="29.0609933"/>
  <node id="4441795902" lat="38.1535961" lon="29.0609579"/>
  <node id="4441795903" lat="38.1535488" lon="29.0609261"/>
  <node id="4441795904" lat="38.1534987" lon="29.0608694"/>
  <node id="4441795905" lat="38.1534765" lon="29.0607491"/>
  <node id="4441795906" lat="38.1534626" lon="29.0605934"/>
  <node id="4441795907" lat="38.1534347" lon="29.0604907"/>
  <node id="4441795908" lat="38.1534347" lon="29.0603881"/>
  <node id="4441795909" lat="38.1534208" lon="29.0602784"/>
  <node id="4441795910" lat="38.1534069" lon="29.0601651"/>
  <node id="4441795911" lat="38.1533874" lon="29.0600519"/>
  <node id="4441795912" lat="38.1533763" lon="29.0599386"/>
  <node id="4441795913" lat="38.1533540" lon="29.0598218"/>
  <node id="4441795914" lat="38.1533150" lon="29.0597192"/>
  <node id="4441795915" lat="38.1532538" lon="29.0596343"/>
  <node id="4441795916" lat="38.1531954" lon="29.0595281"/>
  <node id="4441795917" lat="38.1531314" lon="29.0594467"/>
  <node id="4441795918" lat="38.1539036" lon="29.0595675"/>
  <node id="4441795919" lat="38.1537800" lon="29.0594763"/>
  <node id="4441795920" lat="38.1537214" lon="29.0594078"/>
  <node id="4441795921" lat="38.1536940" lon="29.0593737"/>
  <node id="4441795922" lat="38.1536624" lon="29.0593314"/>
  <node id="4441795923" lat="38.1535961" lon="29.0592202"/>
  <node id="4441795924" lat="38.1535488" lon="29.0590857"/>
  <node id="4441795925" lat="38.1534987" lon="29.0589654"/>
  <node id="4441795926" lat="38.1534570" lon="29.0588486"/>
  <node id="4441795927" lat="38.1533985" lon="29.0587388"/>
  <node id="4441795928" lat="38.1533512" lon="29.0586574"/>
  <node id="4441795929" lat="38.1533178" lon="29.0586044"/>
  <node id="4441795930" lat="38.1532677" lon="29.0585123"/>
  <node id="4441795931" lat="38.1532037" lon="29.0584557"/>
  <node id="4441795932" lat="38.1531035" lon="29.0584805"/>
  <node id="4441795933" lat="38.1530200" lon="29.0585513"/>
  <node id="4441795934" lat="38.1528809" lon="29.0586610"/>
  <node id="4441795935" lat="38.1528057" lon="29.0586610"/>
  <node id="4441795936" lat="38.1527250" lon="29.0586397"/>
  <node id="4441795937" lat="38.1526610" lon="29.0585548"/>
  <node id="4441795938" lat="38.1526304" lon="29.0584663"/>
  <node id="4441795939" lat="38.1525664" lon="29.0583354"/>
  <node id="4441795940" lat="38.1525358" lon="29.0582363"/>
  <node id="4441795941" lat="38.1525358" lon="29.0581478"/>
  <node id="4441795942" lat="38.1525413" lon="29.0580947"/>
  <node id="4441795943" lat="38.1525525" lon="29.0579992"/>
  <node id="4441795944" lat="38.1525720" lon="29.0578965"/>
  <node id="4441795945" lat="38.1525803" lon="29.0578045"/>
  <node id="4441795946" lat="38.1525998" lon="29.0576983"/>
  <node id="4441795947" lat="38.1526081" lon="29.0576134"/>
  <node id="4441795948" lat="38.1526610" lon="29.0574930"/>
  <node id="4441795949" lat="38.1527139" lon="29.0573940"/>
  <node id="4441795950" lat="38.1527696" lon="29.0572701"/>
  <node id="4441795951" lat="38.1528427" lon="29.0571759"/>
  <node id="4441801196" lat="38.1530813" lon="29.0591529"/>
  <node id="4441801197" lat="38.1531175" lon="29.0590645"/>
  <node id="4441801198" lat="38.1531870" lon="29.0589087"/>
  <node id="4441801199" lat="38.1532538" lon="29.0587919"/>
  <node id="4441801200" lat="38.1533178" lon="29.0587176"/>
  <node id="4441801201" lat="38.1532204" lon="29.0589689"/>
  <node id="4441801202" lat="38.1532817" lon="29.0590680"/>
  <node id="4441801203" lat="38.1533373" lon="29.0591812"/>
  <node id="4441801204" lat="38.1533735" lon="29.0592803"/>
  <node id="4441801205" lat="38.1534069" lon="29.0592945"/>
  <node id="4441801206" lat="38.1534542" lon="29.0593440"/>
  <node id="4441801207" lat="38.1534737" lon="29.0594042"/>
  <node id="4441801208" lat="38.1534987" lon="29.0594644"/>
  <node id="4441801209" lat="38.1535154" lon="29.0595069"/>
  <node id="4441801210" lat="38.1535627" lon="29.0594856"/>
  <node id="4441801211" lat="38.1536073" lon="29.0594927"/>
  <node id="4441801212" lat="38.1530033" lon="29.0596944"/>
  <node id="4441801213" lat="38.1530674" lon="29.0597581"/>
  <node id="4441801214" lat="38.1531147" lon="29.0598325"/>
  <node id="4441801215" lat="38.1531286" lon="29.0599386"/>
  <node id="4441801216" lat="38.1531425" lon="29.0600023"/>
  <node id="4441801217" lat="38.1531592" lon="29.0600979"/>
  <node id="4441801218" lat="38.1531703" lon="29.0601581"/>
  <node id="4441801219" lat="38.1531648" lon="29.0601970"/>
  <node id="4441801220" lat="38.1531703" lon="29.0602607"/>
  <node id="4441801221" lat="38.1531870" lon="29.0603350"/>
  <node id="4441801222" lat="38.1532176" lon="29.0604341"/>
  <node id="4441801223" lat="38.1532455" lon="29.0605049"/>
  <node id="4441801224" lat="38.1532594" lon="29.0605651"/>
  <node id="4441801225" lat="38.1532761" lon="29.0606394"/>
  <node id="4441801226" lat="38.1532928" lon="29.0607456"/>
  <node id="4441801227" lat="38.1529037" lon="29.0602136"/>
  <node id="4441801228" lat="38.1529699" lon="29.0602005"/>
  <node id="4441801229" lat="38.1530256" lon="29.0602147"/>
  <node id="4441801230" lat="38.1530952" lon="29.0602324"/>
  <node id="4441801231" lat="38.1530595" lon="29.0607640"/>
  <node id="4441801232" lat="38.1531091" lon="29.0607385"/>
  <node id="4441801233" lat="38.1531592" lon="29.0607102"/>
  <node id="4441801234" lat="38.1531982" lon="29.0606500"/>
  <node id="4441801235" lat="38.1531982" lon="29.0605686"/>
  <node id="4441801236" lat="38.1532310" lon="29.0604681"/>
  <node id="4441801237" lat="38.1528558" lon="29.0602430"/>
  <node id="4441801238" lat="38.1528224" lon="29.0601864"/>
  <node id="4441801239" lat="38.1527723" lon="29.0601404"/>
  <node id="4441801240" lat="38.1527083" lon="29.0601545"/>
  <node id="4441801241" lat="38.1526499" lon="29.0602112"/>
  <node id="4441801242" lat="38.1525914" lon="29.0601935"/>
  <node id="4441801243" lat="38.1525274" lon="29.0601227"/>
  <node id="4441801244" lat="38.1524495" lon="29.0601156"/>
  <node id="4441801245" lat="38.1523632" lon="29.0601227"/>
  <node id="4441801246" lat="38.1522575" lon="29.0601297"/>
  <node id="4441801247" lat="38.1521907" lon="29.0601651"/>
  <node id="4441801248" lat="38.1521239" lon="29.0601758"/>
  <node id="4441803069" lat="38.1518177" lon="29.0589264"/>
  <node id="4441803070" lat="38.1518901" lon="29.0589052"/>
  <node id="4441803071" lat="38.1519569" lon="29.0588840"/>
  <node id="4441803072" lat="38.1520293" lon="29.0588450"/>
  <node id="4441803073" lat="38.1521016" lon="29.0587884"/>
  <node id="4441803074" lat="38.1521795" lon="29.0587495"/>
  <node id="4441803075" lat="38.1522547" lon="29.0587282"/>
  <node id="4441803076" lat="38.1523270" lon="29.0587105"/>
  <node id="4441803077" lat="38.1524300" lon="29.0586681"/>
  <node id="4441803078" lat="38.1524829" lon="29.0586433"/>
  <node id="4441803079" lat="38.1525330" lon="29.0586008"/>
  <node id="4441803080" lat="38.1525720" lon="29.0585867"/>
  <node id="4441803081" lat="38.1526485" lon="29.0585186"/>
  <node id="4441803082" lat="38.1522770" lon="29.0588309"/>
  <node id="4441803083" lat="38.1523103" lon="29.0589335"/>
  <node id="4441803084" lat="38.1523688" lon="29.0590432"/>
  <node id="4441803085" lat="38.1524105" lon="29.0591742"/>
  <node id="4441803086" lat="38.1524551" lon="29.0592556"/>
  <node id="4441803087" lat="38.1524078" lon="29.0593511"/>
  <node id="4441803088" lat="38.1523270" lon="29.0594502"/>
  <node id="4441803397" lat="38.1530701" lon="29.0590892"/>
  <node id="4441803398" lat="38.1530173" lon="29.0591565"/>
  <node id="4441803399" lat="38.1529894" lon="29.0591742"/>
  <node id="4441803400" lat="38.1529393" lon="29.0592308"/>
  <node id="4441803401" lat="38.1528670" lon="29.0592697"/>
  <node id="4441803402" lat="38.1528197" lon="29.0592343"/>
  <node id="4441803403" lat="38.1527584" lon="29.0592060"/>
  <node id="4441803404" lat="38.1526916" lon="29.0592060"/>
  <node id="4441803405" lat="38.1526555" lon="29.0592450"/>
  <node id="4441803406" lat="38.1526193" lon="29.0593051"/>
  <node id="4441803407" lat="38.1525553" lon="29.0594219"/>
  <node id="4441803408" lat="38.1525219" lon="29.0595139"/>
  <node id="4441803409" lat="38.1524885" lon="29.0595635"/>
  <node id="4441803410" lat="38.1524579" lon="29.0596343"/>
  <node id="4441803411" lat="38.1524105" lon="29.0596980"/>
  <node id="4441803412" lat="38.1523604" lon="29.0598006"/>
  <node id="4441803413" lat="38.1522853" lon="29.0599174"/>
  <node id="4441803414" lat="38.1522185" lon="29.0599882"/>
  <node id="4441803415" lat="38.1521489" lon="29.0600519"/>
  <node id="4441803416" lat="38.1521239" lon="29.0601121"/>
  <node id="4441803417" lat="38.1520738" lon="29.0602607"/>
  <node id="4441803418" lat="38.1520014" lon="29.0603527"/>
  <node id="4441803419" lat="38.1519541" lon="29.0604412"/>
  <node id="4441803420" lat="38.1518817" lon="29.0605191"/>
  <node id="4441803421" lat="38.1518150" lon="29.0605226"/>
  <node id="4441803422" lat="38.1517676" lon="29.0605014"/>
  <node id="4441803423" lat="38.1516841" lon="29.0604907"/>
  <node id="4441803424" lat="38.1516535" lon="29.0604306"/>
  <node id="4441803425" lat="38.1516229" lon="29.0603456"/>
  <node id="4441803426" lat="38.1516229" lon="29.0602501"/>
  <node id="4441803427" lat="38.1516217" lon="29.0601651"/>
  <node id="4441803428" lat="38.1515888" lon="29.0600601"/>
  <node id="4441803429" lat="38.1515626" lon="29.0599764"/>
  <node id="4441803430" lat="38.1515310" lon="29.0598757"/>
  <node id="4441803431" lat="38.1514949" lon="29.0597086"/>
  <node id="4441803432" lat="38.1514782" lon="29.0595812"/>
  <node id="4441803433" lat="38.1515060" lon="29.0594750"/>
  <node id="4441803434" lat="38.1515422" lon="29.0593901"/>
  <node id="4441803435" lat="38.1515840" lon="29.0593193"/>
  <node id="4441803436" lat="38.1516285" lon="29.0592025"/>
  <node id="4441803437" lat="38.1516480" lon="29.0590786"/>
  <node id="4441803438" lat="38.1517315" lon="29.0589866"/>
  <node id="4441804489" lat="38.1522853" lon="29.0595175"/>
  <node id="4441804490" lat="38.1522269" lon="29.0595883"/>
  <node id="4441804491" lat="38.1521768" lon="29.0596236"/>
  <node id="4441804492" lat="38.1521072" lon="29.0596803"/>
  <node id="4441804493" lat="38.1520376" lon="29.0597086"/>
  <node id="4441804494" lat="38.1519959" lon="29.0597864"/>
  <node id="4441804495" lat="38.1519179" lon="29.0599103"/>
  <node id="4441804496" lat="38.1518400" lon="29.0600023"/>
  <node id="4441804497" lat="38.1517927" lon="29.0600944"/>
  <node id="4441804498" lat="38.1517454" lon="29.0601156"/>
  <node id="4441812606" lat="38.1527167" lon="29.0609650"/>
  <node id="4441812607" lat="38.1526833" lon="29.0610499"/>
  <node id="4441812608" lat="38.1526666" lon="29.0611349"/>
  <node id="4441812609" lat="38.1526304" lon="29.0612198"/>
  <node id="4441812610" lat="38.1526221" lon="29.0612941"/>
  <node id="4441812611" lat="38.1526471" lon="29.0613437"/>
  <node id="4441812612" lat="38.1526415" lon="29.0613791"/>
  <node id="4441812613" lat="38.1526388" lon="29.0614180"/>
  <node id="4441812614" lat="38.1526610" lon="29.0614959"/>
  <node id="4441812615" lat="38.1526986" lon="29.0615620"/>
  <node id="4441812616" lat="38.1522992" lon="29.0617047"/>
  <node id="4441812617" lat="38.1523938" lon="29.0616481"/>
  <node id="4441812618" lat="38.1524773" lon="29.0615985"/>
  <node id="4441812619" lat="38.1525441" lon="29.0615525"/>
  <node id="4441812620" lat="38.1527835" lon="29.0628089"/>
  <node id="4441812621" lat="38.1528531" lon="29.0628620"/>
  <node id="4441812622" lat="38.1528948" lon="29.0629293"/>
  <node id="4441812623" lat="38.1529310" lon="29.0630319"/>
  <node id="4441812624" lat="38.1529839" lon="29.0630354"/>
  <node id="4441812625" lat="38.1530423" lon="29.0630708"/>
  <node id="4441812626" lat="38.1530841" lon="29.0631027"/>
  <node id="4441812627" lat="38.1531341" lon="29.0631133"/>
  <node id="4441812628" lat="38.1531954" lon="29.0631098"/>
  <node id="4441812629" lat="38.1531842" lon="29.0630177"/>
  <node id="4441812630" lat="38.1531759" lon="29.0629045"/>
  <node id="4441812631" lat="38.1531481" lon="29.0627877"/>
  <node id="4441812632" lat="38.1531397" lon="29.0627169"/>
  <node id="4441812633" lat="38.1531286" lon="29.0625966"/>
  <node id="4441813267" lat="38.1525831" lon="29.0602430"/>
  <node id="4441813268" lat="38.1525219" lon="29.0602926"/>
  <node id="4441813269" lat="38.1524885" lon="29.0603067"/>
  <node id="4441813270" lat="38.1524328" lon="29.0603209"/>
  <node id="4441813271" lat="38.1523744" lon="29.0603492"/>
  <node id="4441813272" lat="38.1523437" lon="29.0604270"/>
  <node id="4441813273" lat="38.1523298" lon="29.0605261"/>
  <node id="4441813274" lat="38.1523172" lon="29.0606615"/>
  <node id="4441813275" lat="38.1523521" lon="29.0611844"/>
  <node id="4441813276" lat="38.1522825" lon="29.0612163"/>
  <node id="4441813277" lat="38.1521879" lon="29.0612729"/>
  <node id="4441813278" lat="38.1521294" lon="29.0613437"/>
  <node id="4441813279" lat="38.1520933" lon="29.0613897"/>
  <node id="4441813280" lat="38.1520543" lon="29.0614746"/>
  <node id="4441813281" lat="38.1520070" lon="29.0615702"/>
  <node id="4441813282" lat="38.1519764" lon="29.0616268"/>
  <node id="4441813283" lat="38.1519151" lon="29.0617153"/>
  <node id="4441813284" lat="38.1518595" lon="29.0617790"/>
  <node id="4441813285" lat="38.1518122" lon="29.0618604"/>
  <node id="4441813286" lat="38.1517565" lon="29.0618993"/>
  <node id="4441813287" lat="38.1516925" lon="29.0619418"/>
  <node id="4441813288" lat="38.1516758" lon="29.0620020"/>
  <node id="4441813289" lat="38.1517036" lon="29.0620445"/>
  <node id="4441813290" lat="38.1517454" lon="29.0621259"/>
  <node id="4441813291" lat="38.1521955" lon="29.0617994"/>
  <node id="4441813292" lat="38.1522124" lon="29.0617624"/>
  <node id="4441813293" lat="38.1521489" lon="29.0618215"/>
  <node id="4441813294" lat="38.1520793" lon="29.0618781"/>
  <node id="4441813295" lat="38.1520153" lon="29.0619524"/>
  <node id="4441813296" lat="38.1518984" lon="29.0620197"/>
  <node id="4441813297" lat="38.1518317" lon="29.0620869"/>
  <node id="4441813298" lat="38.1516925" lon="29.0621896"/>
  <node id="4441813299" lat="38.1516229" lon="29.0621719"/>
  <node id="4441813300" lat="38.1515283" lon="29.0621648"/>
  <node id="4441813301" lat="38.1514782" lon="29.0621365"/>
  <node id="4441813302" lat="38.1513808" lon="29.0620622"/>
  <node id="4441813303" lat="38.1512722" lon="29.0619595"/>
  <node id="4441813304" lat="38.1512027" lon="29.0618887"/>
  <node id="4441813305" lat="38.1510858" lon="29.0617578"/>
  <node id="4441813306" lat="38.1508937" lon="29.0616091"/>
  <node id="4441813307" lat="38.1507740" lon="29.0614853"/>
  <node id="4441813308" lat="38.1506766" lon="29.0614003"/>
  <node id="4441813309" lat="38.1506015" lon="29.0613402"/>
  <node id="4441813310" lat="38.1505208" lon="29.0612658"/>
  <node id="4441813311" lat="38.1504568" lon="29.0613083"/>
  <node id="4441813312" lat="38.1504178" lon="29.0613685"/>
  <node id="4441813313" lat="38.1503788" lon="29.0614711"/>
  <node id="4441813314" lat="38.1503594" lon="29.0616127"/>
  <node id="4441813315" lat="38.1503621" lon="29.0617649"/>
  <node id="4441813316" lat="38.1503510" lon="29.0618817"/>
  <node id="4441813317" lat="38.1503900" lon="29.0619984"/>
  <node id="4441813318" lat="38.1504234" lon="29.0620975"/>
  <node id="4441813319" lat="38.1504902" lon="29.0622426"/>
  <node id="4441813320" lat="38.1505876" lon="29.0623524"/>
  <node id="4441813321" lat="38.1506739" lon="29.0624338"/>
  <node id="4441813322" lat="38.1507212" lon="29.0624798"/>
  <node id="4441813323" lat="38.1507935" lon="29.0625470"/>
  <node id="4441813324" lat="38.1508820" lon="29.0626630"/>
  <node id="4441819695" lat="38.1529282" lon="29.0630814"/>
  <node id="4441819696" lat="38.1529004" lon="29.0631381"/>
  <node id="4441819697" lat="38.1528725" lon="29.0632124"/>
  <node id="4441819698" lat="38.1528642" lon="29.0632761"/>
  <node id="4441819699" lat="38.1528586" lon="29.0633363"/>
  <node id="4441819700" lat="38.1528447" lon="29.0634141"/>
  <node id="4441819701" lat="38.1528447" lon="29.0634743"/>
  <node id="4441819702" lat="38.1528498" lon="29.0635306"/>
  <node id="4441819703" lat="38.1526422" lon="29.0634663"/>
  <node id="4441819704" lat="38.1527028" lon="29.0635203"/>
  <node id="4441819705" lat="38.1527668" lon="29.0635309"/>
  <node id="4441819707" lat="38.1525952" lon="29.0620594"/>
  <node id="4441819708" lat="38.1526499" lon="29.0620480"/>
  <node id="4441819709" lat="38.1527167" lon="29.0620338"/>
  <node id="4441819710" lat="38.1527584" lon="29.0619984"/>
  <node id="4441819711" lat="38.1528336" lon="29.0619666"/>
  <node id="4441819712" lat="38.1528753" lon="29.0620197"/>
  <node id="4441819713" lat="38.1529115" lon="29.0621046"/>
  <node id="4441819714" lat="38.1526774" lon="29.0620422"/>
  <node id="4441819715" lat="38.1527028" lon="29.0620940"/>
  <node id="4441819716" lat="38.1527473" lon="29.0621966"/>
  <node id="4441819717" lat="38.1527779" lon="29.0622993"/>
  <node id="4441819718" lat="38.1528085" lon="29.0623913"/>
  <node id="4441819719" lat="38.1528002" lon="29.0624975"/>
  <node id="4441819720" lat="38.1528391" lon="29.0625046"/>
  <node id="4441819721" lat="38.1529004" lon="29.0624833"/>
  <node id="4441819722" lat="38.1529672" lon="29.0624585"/>
  <node id="4441819723" lat="38.1530117" lon="29.0624444"/>
  <node id="4441819724" lat="38.1530822" lon="29.0624173"/>
  <node id="4441822954" lat="38.1518756" lon="29.0641213"/>
  <node id="4441822955" lat="38.1517927" lon="29.0641609"/>
  <node id="4441822956" lat="38.1517315" lon="29.0642069"/>
  <node id="4441822957" lat="38.1516591" lon="29.0642741"/>
  <node id="4441822958" lat="38.1515979" lon="29.0643414"/>
  <node id="4441822959" lat="38.1515255" lon="29.0643909"/>
  <node id="4441822960" lat="38.1514698" lon="29.0644334"/>
  <node id="4441822961" lat="38.1514030" lon="29.0644971"/>
  <node id="4441822962" lat="38.1513891" lon="29.0645502"/>
  <node id="4441822963" lat="38.1516613" lon="29.0659066"/>
  <node id="4441822964" lat="38.1517315" lon="29.0658809"/>
  <node id="4441822965" lat="38.1517955" lon="29.0658739"/>
  <node id="4441822966" lat="38.1517338" lon="29.0662482"/>
  <node id="4441822967" lat="38.1518010" lon="29.0662136"/>
  <node id="4441822968" lat="38.1518483" lon="29.0661464"/>
  <node id="4441822969" lat="38.1518734" lon="29.0660827"/>
  <node id="4441823372" lat="38.1516193" lon="29.0668515"/>
  <node id="4441823373" lat="38.1515533" lon="29.0669356"/>
  <node id="4441823374" lat="38.1515032" lon="29.0670064"/>
  <node id="4441823375" lat="38.1514726" lon="29.0671055"/>
  <node id="4441823376" lat="38.1514615" lon="29.0672046"/>
  <node id="4441823377" lat="38.1515005" lon="29.0673179"/>
  <node id="4441823378" lat="38.1514671" lon="29.0673957"/>
  <node id="4441823379" lat="38.1514420" lon="29.0674453"/>
  <node id="4441823380" lat="38.1514197" lon="29.0674984"/>
  <node id="4441823381" lat="38.1514587" lon="29.0675727"/>
  <node id="4441823382" lat="38.1515255" lon="29.0676718"/>
  <node id="4441827990" lat="38.1519012" lon="29.0673639"/>
  <node id="4441827991" lat="38.1518400" lon="29.0673674"/>
  <node id="4441827992" lat="38.1517927" lon="29.0673568"/>
  <node id="4441827993" lat="38.1517426" lon="29.0673426"/>
  <node id="4441827994" lat="38.1516925" lon="29.0673320"/>
  <node id="4441827995" lat="38.1516396" lon="29.0673214"/>
  <node id="4441827996" lat="38.1515840" lon="29.0673108"/>
  <node id="4441827997" lat="38.1517269" lon="29.0651472"/>
  <node id="4441828000" lat="38.1516433" lon="29.0651733"/>
  <node id="4441828001" lat="38.1514683" lon="29.0652480"/>
  <node id="4441828003" lat="38.1513914" lon="29.0651904"/>
  <node id="4441828004" lat="38.1513669" lon="29.0652050"/>
  <node id="4441828005" lat="38.1513140" lon="29.0652333"/>
  <node id="4441828006" lat="38.1512722" lon="29.0652722"/>
  <node id="4441828007" lat="38.1512194" lon="29.0653324"/>
  <node id="4441828008" lat="38.1511609" lon="29.0653784"/>
  <node id="4441828009" lat="38.1511192" lon="29.0654846"/>
  <node id="4441828010" lat="38.1510774" lon="29.0656013"/>
  <node id="4441828011" lat="38.1510941" lon="29.0657323"/>
  <node id="4441828012" lat="38.1511108" lon="29.0658420"/>
  <node id="4441828013" lat="38.1511136" lon="29.0659588"/>
  <node id="4441828014" lat="38.1511108" lon="29.0660898"/>
  <node id="4441828015" lat="38.1510969" lon="29.0661428"/>
  <node id="4441828016" lat="38.1510746" lon="29.0661959"/>
  <node id="4441828018" lat="38.1513669" lon="29.0652793"/>
  <node id="4441828019" lat="38.1513557" lon="29.0653713"/>
  <node id="4441828020" lat="38.1513196" lon="29.0654633"/>
  <node id="4441828021" lat="38.1513084" lon="29.0655660"/>
  <node id="4441828022" lat="38.1512889" lon="29.0656190"/>
  <node id="4441828023" lat="38.1512695" lon="29.0657004"/>
  <node id="4441828024" lat="38.1512917" lon="29.0658066"/>
  <node id="4441828025" lat="38.1513112" lon="29.0658809"/>
  <node id="4441828026" lat="38.1513223" lon="29.0659977"/>
  <node id="4441828027" lat="38.1513362" lon="29.0660968"/>
  <node id="4441828028" lat="38.1513641" lon="29.0661889"/>
  <node id="4441828029" lat="38.1513919" lon="29.0663410"/>
  <node id="4441828030" lat="38.1514170" lon="29.0664755"/>
  <node id="4441828031" lat="38.1514726" lon="29.0665923"/>
  <node id="4441828032" lat="38.1515339" lon="29.0666596"/>
  <node id="4441828033" lat="38.1515533" lon="29.0667233"/>
  <node id="4441828034" lat="38.1515924" lon="29.0668431"/>
  <node id="4441828035" lat="38.1511748" lon="29.0663941"/>
  <node id="4441828036" lat="38.1512138" lon="29.0663517"/>
  <node id="4441828037" lat="38.1512695" lon="29.0663021"/>
  <node id="4441828038" lat="38.1513738" lon="29.0662418"/>
  <node id="4441830434" lat="38.1515478" lon="29.0651908"/>
  <node id="4441830436" lat="38.1515784" lon="29.0652828"/>
  <node id="4441830437" lat="38.1515645" lon="29.0653961"/>
  <node id="4441830438" lat="38.1515450" lon="29.0655235"/>
  <node id="4441830439" lat="38.1515394" lon="29.0656721"/>
  <node id="4441830440" lat="38.1515450" lon="29.0657995"/>
  <node id="4441830441" lat="38.1515506" lon="29.0659057"/>
  <node id="4441830442" lat="38.1515533" lon="29.0660190"/>
  <node id="4441830443" lat="38.1515617" lon="29.0661464"/>
  <node id="4441830444" lat="38.1515756" lon="29.0662703"/>
  <node id="4441830445" lat="38.1515784" lon="29.0663517"/>
  <node id="4441830446" lat="38.1516006" lon="29.0664508"/>
  <node id="4441830447" lat="38.1516424" lon="29.0665357"/>
  <node id="4441830448" lat="38.1516368" lon="29.0666171"/>
  <node id="4441830449" lat="38.1516396" lon="29.0667162"/>
  <node id="4441830450" lat="38.1512472" lon="29.0667445"/>
  <node id="4441830451" lat="38.1511665" lon="29.0667020"/>
  <node id="4441830453" lat="38.1511040" lon="29.0665668"/>
  <node id="4441830454" lat="38.1510162" lon="29.0665074"/>
  <node id="4441830455" lat="38.1509355" lon="29.0664614"/>
  <node id="4441830456" lat="38.1508909" lon="29.0664224"/>
  <node id="4441830457" lat="38.1508186" lon="29.0663870"/>
  <node id="4441830458" lat="38.1507880" lon="29.0663870"/>
  <node id="4441830459" lat="38.1507434" lon="29.0663552"/>
  <node id="4441830460" lat="38.1507156" lon="29.0663021"/>
  <node id="4441830461" lat="38.1506544" lon="29.0662773"/>
  <node id="4441830462" lat="38.1505820" lon="29.0662667"/>
  <node id="4441830463" lat="38.1505180" lon="29.0662880"/>
  <node id="4441830464" lat="38.1505263" lon="29.0663658"/>
  <node id="4441830465" lat="38.1505208" lon="29.0664720"/>
  <node id="4441830466" lat="38.1504540" lon="29.0665109"/>
  <node id="4441830467" lat="38.1504262" lon="29.0665675"/>
  <node id="4441830468" lat="38.1503872" lon="29.0666242"/>
  <node id="4441830469" lat="38.1503287" lon="29.0666631"/>
  <node id="4441830470" lat="38.1502703" lon="29.0666596"/>
  <node id="4441830471" lat="38.1502313" lon="29.0666100"/>
  <node id="4441830472" lat="38.1502035" lon="29.0665038"/>
  <node id="4441830473" lat="38.1502341" lon="29.0664260"/>
  <node id="4441830474" lat="38.1503120" lon="29.0663694"/>
  <node id="4441830475" lat="38.1503788" lon="29.0663446"/>
  <node id="4441830476" lat="38.1504373" lon="29.0663163"/>
  <node id="4441831720" lat="38.1513529" lon="29.0674700"/>
  <node id="4441831721" lat="38.1512889" lon="29.0674488"/>
  <node id="4441831722" lat="38.1512082" lon="29.0674559"/>
  <node id="4441831723" lat="38.1511470" lon="29.0674736"/>
  <node id="4441831724" lat="38.1510913" lon="29.0674736"/>
  <node id="4441831725" lat="38.1510468" lon="29.0674700"/>
  <node id="4441831726" lat="38.1509967" lon="29.0674700"/>
  <node id="4441831727" lat="38.1509383" lon="29.0674523"/>
  <node id="4441831728" lat="38.1508603" lon="29.0674594"/>
  <node id="4441831729" lat="38.1508214" lon="29.0674453"/>
  <node id="4441831730" lat="38.1507852" lon="29.0674170"/>
  <node id="4441831731" lat="38.1506794" lon="29.0673816"/>
  <node id="4441831732" lat="38.1506321" lon="29.0673426"/>
  <node id="4441831733" lat="38.1506043" lon="29.0673179"/>
  <node id="4441831734" lat="38.1506627" lon="29.0671904"/>
  <node id="4441831735" lat="38.1507212" lon="29.0670949"/>
  <node id="4441831736" lat="38.1507907" lon="29.0670170"/>
  <node id="4441831737" lat="38.1508493" lon="29.0669896"/>
  <node id="4441831739" lat="38.1509431" lon="29.0669324"/>
  <node id="4441831741" lat="38.1510733" lon="29.0667839"/>
  <node id="4441836672" lat="38.1515298" lon="29.0679473"/>
  <node id="4441836673" lat="38.1515283" lon="29.0680807"/>
  <node id="4441836674" lat="38.1514977" lon="29.0682133"/>
  <node id="4441836675" lat="38.1514921" lon="29.0683619"/>
  <node id="4441836676" lat="38.1514698" lon="29.0684893"/>
  <node id="4441836677" lat="38.1514726" lon="29.0686911"/>
  <node id="4441836678" lat="38.1514782" lon="29.0689211"/>
  <node id="4441836679" lat="38.1514838" lon="29.0690910"/>
  <node id="4441836680" lat="38.1515060" lon="29.0692467"/>
  <node id="4441836681" lat="38.1515339" lon="29.0692998"/>
  <node id="4441836682" lat="38.1520854" lon="29.0691841"/>
  <node id="4441836683" lat="38.1520348" lon="29.0691830"/>
  <node id="4441836684" lat="38.1519903" lon="29.0691689"/>
  <node id="4441836685" lat="38.1519040" lon="29.0691582"/>
  <node id="4441836686" lat="38.1518456" lon="29.0691795"/>
  <node id="4441836687" lat="38.1517593" lon="29.0691972"/>
  <node id="4441836688" lat="38.1516841" lon="29.0692503"/>
  <node id="4441837889" lat="38.1515895" lon="29.0692856"/>
  <node id="4441837890" lat="38.1514587" lon="29.0693635"/>
  <node id="4441837891" lat="38.1513891" lon="29.0694414"/>
  <node id="4441837892" lat="38.1513029" lon="29.0695369"/>
  <node id="4441837893" lat="38.1512221" lon="29.0695900"/>
  <node id="4441837894" lat="38.1511442" lon="29.0696360"/>
  <node id="4441837895" lat="38.1510802" lon="29.0696502"/>
  <node id="4441837896" lat="38.1510357" lon="29.0696891"/>
  <node id="4441837897" lat="38.1509355" lon="29.0697245"/>
  <node id="4441837898" lat="38.1508297" lon="29.0697599"/>
  <node id="4441837899" lat="38.1507156" lon="29.0697882"/>
  <node id="4441837900" lat="38.1503916" lon="29.0698425"/>
  <node id="4441837902" lat="38.1503148" lon="29.0698555"/>
  <node id="4441837903" lat="38.1502230" lon="29.0698696"/>
  <node id="4441837904" lat="38.1501673" lon="29.0698767"/>
  <node id="4441837905" lat="38.1500950" lon="29.0698732"/>
  <node id="4441837906" lat="38.1500170" lon="29.0698767"/>
  <node id="4441837907" lat="38.1499447" lon="29.0698661"/>
  <node id="4441837908" lat="38.1498890" lon="29.0698448"/>
  <node id="4441837909" lat="38.1498055" lon="29.0698201"/>
  <node id="4441837910" lat="38.1497331" lon="29.0698095"/>
  <node id="4441837911" lat="38.1496580" lon="29.0697882"/>
  <node id="4441837912" lat="38.1494771" lon="29.0697564"/>
  <node id="4441837913" lat="38.1493908" lon="29.0697564"/>
  <node id="4441837914" lat="38.1492934" lon="29.0697599"/>
  <node id="4441837915" lat="38.1492266" lon="29.0697599"/>
  <node id="4441837916" lat="38.1491375" lon="29.0697634"/>
  <node id="4441837917" lat="38.1489928" lon="29.0697493"/>
  <node id="4441837918" lat="38.1488870" lon="29.0697457"/>
  <node id="4441837919" lat="38.1488119" lon="29.0697670"/>
  <node id="4441841497" lat="38.1486207" lon="29.0697702"/>
  <node id="4441841498" lat="38.1484182" lon="29.0698346"/>
  <node id="4441841499" lat="38.1482664" lon="29.0698990"/>
  <node id="4441841500" lat="38.1479795" lon="29.0699741"/>
  <node id="4441841501" lat="38.1478107" lon="29.0699311"/>
  <node id="4441841502" lat="38.1476504" lon="29.0699311"/>
  <node id="4441841503" lat="38.1475154" lon="29.0699848"/>
  <node id="4441841504" lat="38.1473889" lon="29.0700921"/>
  <node id="4441841505" lat="38.1473045" lon="29.0702530"/>
  <node id="4441841506" lat="38.1471948" lon="29.0704354"/>
  <node id="4441841507" lat="38.1470092" lon="29.0705749"/>
  <node id="4441841508" lat="38.1468911" lon="29.0706822"/>
  <node id="4441841509" lat="38.1467307" lon="29.0707143"/>
  <node id="4441841510" lat="38.1466295" lon="29.0707787"/>
  <node id="4441841511" lat="38.1464861" lon="29.0709504"/>
  <node id="4441841512" lat="38.1464017" lon="29.0711542"/>
  <node id="4441841513" lat="38.1464017" lon="29.0713688"/>
  <node id="4441841514" lat="38.1463004" lon="29.0715512"/>
  <node id="4441841515" lat="38.1461486" lon="29.0717336"/>
  <node id="4441841516" lat="38.1460136" lon="29.0718087"/>
  <node id="4441841517" lat="38.1458786" lon="29.0717765"/>
  <node id="4441841518" lat="38.1457351" lon="29.0717550"/>
  <node id="4441841519" lat="38.1456086" lon="29.0718087"/>
  <node id="4441841520" lat="38.1454145" lon="29.0719482"/>
  <node id="4441841521" lat="38.1452626" lon="29.0720125"/>
  <node id="4441841522" lat="38.1451107" lon="29.0721306"/>
  <node id="4441841523" lat="38.1449420" lon="29.0721627"/>
  <node id="4441841524" lat="38.1446635" lon="29.0722271"/>
  <node id="4441841525" lat="38.1445538" lon="29.0724846"/>
  <node id="4441841526" lat="38.1443851" lon="29.0726241"/>
  <node id="4441841527" lat="38.1442332" lon="29.0727636"/>
  <node id="4441841528" lat="38.1440729" lon="29.0728816"/>
  <node id="4441841529" lat="38.1438619" lon="29.0729567"/>
  <node id="4441841530" lat="38.1436510" lon="29.0731176"/>
  <node id="4441841531" lat="38.1434991" lon="29.0733107"/>
  <node id="4441841532" lat="38.1432713" lon="29.0735360"/>
  <node id="4441841533" lat="38.1430519" lon="29.0736970"/>
  <node id="4441841534" lat="38.1428578" lon="29.0737506"/>
  <node id="4441841535" lat="38.1426469" lon="29.0737399"/>
  <node id="4441841536" lat="38.1424106" lon="29.0737506"/>
  <node id="4441841537" lat="38.1422165" lon="29.0736648"/>
  <node id="4441841538" lat="38.1420225" lon="29.0736111"/>
  <node id="4441841539" lat="38.1418706" lon="29.0736970"/>
  <node id="4441841540" lat="38.1416850" lon="29.0737506"/>
  <node id="4441841541" lat="38.1414318" lon="29.0738257"/>
  <node id="4441844013" lat="38.1584326" lon="29.0627000"/>
  <node id="4441844014" lat="38.1582068" lon="29.0627940"/>
  <node id="4441844015" lat="38.1580721" lon="29.0628353"/>
  <node id="4441844016" lat="38.1579623" lon="29.0628356"/>
  <node id="4441844017" lat="38.1578568" lon="29.0628536"/>
  <node id="4441844018" lat="38.1577470" lon="29.0628552"/>
  <node id="4441844019" lat="38.1576235" lon="29.0628922"/>
  <node id="4441844020" lat="38.1575277" lon="29.0629171"/>
  <node id="4441844021" lat="38.1574225" lon="29.0629640"/>
  <node id="4441844022" lat="38.1573099" lon="29.0629893"/>
  <node id="4441844023" lat="38.1571958" lon="29.0629823"/>
  <node id="4441844024" lat="38.1570990" lon="29.0629396"/>
  <node id="4441844025" lat="38.1570144" lon="29.0628418"/>
  <node id="4441844026" lat="38.1567879" lon="29.0626217"/>
  <node id="4441844027" lat="38.1566068" lon="29.0624713"/>
  <node id="4441844028" lat="38.1564468" lon="29.0623800"/>
  <node id="4441844029" lat="38.1563144" lon="29.0623031"/>
  <node id="4441844030" lat="38.1562312" lon="29.0622317"/>
  <node id="4441844031" lat="38.1561274" lon="29.0621742"/>
  <node id="4441844032" lat="38.1559966" lon="29.0621366"/>
  <node id="4441844033" lat="38.1558079" lon="29.0620153"/>
  <node id="4441844034" lat="38.1557289" lon="29.0619312"/>
  <node id="4441844035" lat="38.1556485" lon="29.0617988"/>
  <node id="4441844036" lat="38.1555879" lon="29.0616237"/>
  <node id="4441844037" lat="38.1554924" lon="29.0614824"/>
  <node id="4441844038" lat="38.1553354" lon="29.0613626"/>
  <node id="4441844039" lat="38.1552483" lon="29.0612716"/>
  <node id="4441844040" lat="38.1551459" lon="29.0611857"/>
  <node id="4441844041" lat="38.1550544" lon="29.0610980"/>
  <node id="4441844042" lat="38.1549764" lon="29.0610241"/>
  <node id="4441844043" lat="38.1548795" lon="29.0610860"/>
  <node id="4441844044" lat="38.1547169" lon="29.0611900"/>
  <node id="4441844508" lat="38.1554524" lon="29.0640860"/>
  <node id="4441844509" lat="38.1553259" lon="29.0641322"/>
  <node id="4441844510" lat="38.1552627" lon="29.0641698"/>
  <node id="4441844511" lat="38.1551741" lon="29.0642234"/>
  <node id="4441844512" lat="38.1551024" lon="29.0642556"/>
  <node id="4441845055" lat="38.1545371" lon="29.0641644"/>
  <node id="4441845056" lat="38.1545751" lon="29.0640303"/>
  <node id="4441845057" lat="38.1545835" lon="29.0638962"/>
  <node id="4441847441" lat="38.1539434" lon="29.0639949"/>
  <node id="4441847442" lat="38.1540309" lon="29.0639015"/>
  <node id="4441847443" lat="38.1540815" lon="29.0637942"/>
  <node id="4441847444" lat="38.1541364" lon="29.0637299"/>
  <node id="4441847445" lat="38.1540647" lon="29.0636065"/>
  <node id="4441847446" lat="38.1540056" lon="29.0634617"/>
  <node id="4441847447" lat="38.1539634" lon="29.0633705"/>
  <node id="4441847448" lat="38.1539255" lon="29.0632793"/>
  <node id="4441847449" lat="38.1539086" lon="29.0631773"/>
  <node id="4441847450" lat="38.1538748" lon="29.0630540"/>
  <node id="4441847451" lat="38.1538327" lon="29.0629467"/>
  <node id="4441847452" lat="38.1537989" lon="29.0628823"/>
  <node id="4441847453" lat="38.1537905" lon="29.0627589"/>
  <node id="4441847454" lat="38.1537483" lon="29.0627053"/>
  <node id="4441847455" lat="38.1536808" lon="29.0626087"/>
  <node id="4441847456" lat="38.1536513" lon="29.0625175"/>
  <node id="4441847457" lat="38.1536344" lon="29.0624049"/>
  <node id="4441847458" lat="38.1536217" lon="29.0623029"/>
  <node id="4441847785" lat="38.1545220" lon="29.0693593"/>
  <node id="4441847786" lat="38.1544088" lon="29.0693920"/>
  <node id="4441847787" lat="38.1542021" lon="29.0694081"/>
  <node id="4441847788" lat="38.1541346" lon="29.0694618"/>
  <node id="4441849861" lat="38.1516222" lon="29.0681180"/>
  <node id="4441849862" lat="38.1517192" lon="29.0681770"/>
  <node id="4441849863" lat="38.1517742" lon="29.0681838"/>
  <node id="4441849864" lat="38.1518627" lon="29.0682360"/>
  <node id="4441849865" lat="38.1519470" lon="29.0682628"/>
  <node id="4441849866" lat="38.1520652" lon="29.0683272"/>
  <node id="4441849867" lat="38.1522299" lon="29.0686941"/>
  <node id="4441849868" lat="38.1521453" lon="29.0686437"/>
  <node id="4441849869" lat="38.1520905" lon="29.0685686"/>
  <node id="4441849870" lat="38.1520441" lon="29.0684935"/>
  <node id="4441849871" lat="38.1520905" lon="29.0681931"/>
  <node id="4441849872" lat="38.1521411" lon="29.0680268"/>
  <node id="4441849873" lat="38.1521959" lon="29.0678873"/>
  <node id="4441849874" lat="38.1522634" lon="29.0677800"/>
  <node id="4441849875" lat="38.1523520" lon="29.0676727"/>
  <node id="4441849876" lat="38.1524279" lon="29.0676083"/>
  <node id="4441849877" lat="38.1524954" lon="29.0675225"/>
  <node id="4441849878" lat="38.1525925" lon="29.0674152"/>
  <node id="4441849879" lat="38.1526346" lon="29.0673669"/>
  <node id="4441852328" lat="38.1521881" lon="29.0688371"/>
  <node id="4441852329" lat="38.1522592" lon="29.0688583"/>
  <node id="4441852330" lat="38.1523470" lon="29.0688788"/>
  <node id="4441852331" lat="38.1524647" lon="29.0688895"/>
  <node id="4441852332" lat="38.1525894" lon="29.0688773"/>
  <node id="4441852333" lat="38.1526853" lon="29.0687885"/>
  <node id="4441852334" lat="38.1527696" lon="29.0687563"/>
  <node id="4441852335" lat="38.1527317" lon="29.0691050"/>
  <node id="4441852336" lat="38.1526853" lon="29.0689065"/>
  <node id="4441852337" lat="38.1526346" lon="29.0686812"/>
  <node id="4441852338" lat="38.1526262" lon="29.0685418"/>
  <node id="4441852339" lat="38.1526178" lon="29.0684237"/>
  <node id="4441852340" lat="38.1526178" lon="29.0682306"/>
  <node id="4441852341" lat="38.1526684" lon="29.0681180"/>
  <node id="4441852342" lat="38.1527359" lon="29.0680429"/>
  <node id="4441852343" lat="38.1527907" lon="29.0679678"/>
  <node id="4441852344" lat="38.1528793" lon="29.0679785"/>
  <node id="4441852345" lat="38.1529848" lon="29.0679946"/>
  <node id="4441852346" lat="38.1531324" lon="29.0680107"/>
  <node id="4441852347" lat="38.1531873" lon="29.0680160"/>
  <node id="4441854895" lat="38.1540411" lon="29.0675466"/>
  <node id="4441854896" lat="38.1539508" lon="29.0676244"/>
  <node id="4441854897" lat="38.1538116" lon="29.0676513"/>
  <node id="4441854898" lat="38.1536850" lon="29.0676888"/>
  <node id="4441854899" lat="38.1535711" lon="29.0677693"/>
  <node id="4441854900" lat="38.1534741" lon="29.0678551"/>
  <node id="4441854901" lat="38.1534066" lon="29.0679141"/>
  <node id="4441854902" lat="38.1533686" lon="29.0679248"/>
  <node id="4441854903" lat="38.1532927" lon="29.0679624"/>
  <node id="4441854904" lat="38.1531535" lon="29.0680965"/>
  <node id="4441854905" lat="38.1531282" lon="29.0682628"/>
  <node id="4441854906" lat="38.1531240" lon="29.0684345"/>
  <node id="4441854907" lat="38.1538831" lon="29.0679837"/>
  <node id="4441854908" lat="38.1538200" lon="29.0679302"/>
  <node id="4441854909" lat="38.1537567" lon="29.0678980"/>
  <node id="4441854910" lat="38.1536892" lon="29.0679248"/>
  <node id="4441854911" lat="38.1536007" lon="29.0679731"/>
  <node id="4441854912" lat="38.1535458" lon="29.0680214"/>
  <node id="4441854913" lat="38.1534952" lon="29.0680482"/>
  <node id="4441854914" lat="38.1536260" lon="29.0683004"/>
  <node id="4441854915" lat="38.1535964" lon="29.0681877"/>
  <node id="4441854916" lat="38.1536513" lon="29.0676352"/>
  <node id="4441854917" lat="38.1535332" lon="29.0676191"/>
  <node id="4441854918" lat="38.1533940" lon="29.0676244"/>
  <node id="4441854919" lat="38.1533012" lon="29.0676513"/>
  <node id="4441854920" lat="38.1531999" lon="29.0676834"/>
  <node id="4441854921" lat="38.1531240" lon="29.0677264"/>
  <node id="4441854922" lat="38.1530649" lon="29.0677639"/>
  <node id="4441854923" lat="38.1529552" lon="29.0677693"/>
  <node id="4441854924" lat="38.1528245" lon="29.0677639"/>
  <node id="4441854925" lat="38.1527401" lon="29.0677746"/>
  <node id="4441854926" lat="38.1526684" lon="29.0678444"/>
  <node id="4441854927" lat="38.1525840" lon="29.0679517"/>
  <node id="4441854928" lat="38.1525154" lon="29.0681717"/>
  <node id="4441854929" lat="38.1530227" lon="29.0676298"/>
  <node id="4441854930" lat="38.1529848" lon="29.0674099"/>
  <node id="4441854931" lat="38.1529548" lon="29.0672504"/>
  <node id="4441854932" lat="38.1529510" lon="29.0671577"/>
  <node id="4441854933" lat="38.1528709" lon="29.0670451"/>
  <node id="4441854934" lat="38.1528498" lon="29.0669485"/>
  <node id="4441854935" lat="38.1528076" lon="29.0668466"/>
  <node id="4441854936" lat="38.1527949" lon="29.0666964"/>
  <node id="4441854937" lat="38.1527907" lon="29.0665140"/>
  <node id="4441854938" lat="38.1527401" lon="29.0664818"/>
  <node id="4441854939" lat="38.1526473" lon="29.0664604"/>
  <node id="4441854940" lat="38.1525714" lon="29.0664604"/>
  <node id="4441854941" lat="38.1524750" lon="29.0664738"/>
  <node id="4441861689" lat="38.1540207" lon="29.0695100"/>
  <node id="4441861690" lat="38.1539279" lon="29.0695744"/>
  <node id="4441861691" lat="38.1538520" lon="29.0696012"/>
  <node id="4441861692" lat="38.1537676" lon="29.0696012"/>
  <node id="4441861693" lat="38.1537212" lon="29.0696280"/>
  <node id="4441861694" lat="38.1536706" lon="29.0696656"/>
  <node id="4441861695" lat="38.1535281" lon="29.0697545"/>
  <node id="4441861696" lat="38.1538987" lon="29.0695847"/>
  <node id="4441861701" lat="38.1541889" lon="29.0691378"/>
  <node id="4441861702" lat="38.1542358" lon="29.0690648"/>
  <node id="4441861703" lat="38.1543286" lon="29.0689575"/>
  <node id="4441861704" lat="38.1543503" lon="29.0688180"/>
  <node id="4441865337" lat="38.1534428" lon="29.0698426"/>
  <node id="4441865338" lat="38.1533584" lon="29.0700036"/>
  <node id="4441865339" lat="38.1532994" lon="29.0701859"/>
  <node id="4441865340" lat="38.1532487" lon="29.0702986"/>
  <node id="4441865341" lat="38.1531855" lon="29.0704703"/>
  <node id="4441865344" lat="38.1534259" lon="29.0689468"/>
  <node id="4441865345" lat="38.1533753" lon="29.0690862"/>
  <node id="4441865346" lat="38.1533120" lon="29.0692525"/>
  <node id="4441865347" lat="38.1532192" lon="29.0693759"/>
  <node id="4441865348" lat="38.1531095" lon="29.0695261"/>
  <node id="4441865349" lat="38.1530041" lon="29.0696334"/>
  <node id="4441865350" lat="38.1529113" lon="29.0697675"/>
  <node id="4441865351" lat="38.1528016" lon="29.0698212"/>
  <node id="4441865855" lat="38.1530589" lon="29.0696817"/>
  <node id="4441865856" lat="38.1531264" lon="29.0697622"/>
  <node id="4441865857" lat="38.1531180" lon="29.0698909"/>
  <node id="4441865858" lat="38.1531728" lon="29.0699821"/>
  <node id="4441865859" lat="38.1531349" lon="29.0701055"/>
  <node id="4441865860" lat="38.1530969" lon="29.0701859"/>
  <node id="4441865861" lat="38.1530631" lon="29.0702771"/>
  <node id="4441865862" lat="38.1530252" lon="29.0703522"/>
  <node id="4441865863" lat="38.1529394" lon="29.0705099"/>
  <node id="4441865864" lat="38.1527696" lon="29.0703328"/>
  <node id="4441865865" lat="38.1528353" lon="29.0702128"/>
  <node id="4441865866" lat="38.1529324" lon="29.0701108"/>
  <node id="4441865867" lat="38.1530336" lon="29.0699660"/>
  <node id="4441865868" lat="38.1531219" lon="29.0698310"/>
  <node id="4441865869" lat="38.1532066" lon="29.0697622"/>
  <node id="4441865870" lat="38.1532783" lon="29.0696549"/>
  <node id="4441865871" lat="38.1533416" lon="29.0695529"/>
  <node id="4441865872" lat="38.1533880" lon="29.0694725"/>
  <node id="4441865873" lat="38.1534090" lon="29.0693974"/>
  <node id="4441865874" lat="38.1534386" lon="29.0693115"/>
  <node id="4441871951" lat="38.1523029" lon="29.0691729"/>
  <node id="4441871952" lat="38.1522827" lon="29.0693223"/>
  <node id="4441871953" lat="38.1522616" lon="29.0694510"/>
  <node id="4441871954" lat="38.1522195" lon="29.0696066"/>
  <node id="4441871955" lat="38.1521646" lon="29.0697514"/>
  <node id="4441871956" lat="38.1521098" lon="29.0699124"/>
  <node id="4441871957" lat="38.1520676" lon="29.0700411"/>
  <node id="4441871958" lat="38.1520070" lon="29.0702281"/>
  <node id="4441871959" lat="38.1520212" lon="29.0705400"/>
  <node id="4441871960" lat="38.1519706" lon="29.0706687"/>
  <node id="4441871961" lat="38.1519157" lon="29.0708619"/>
  <node id="4441871962" lat="38.1518271" lon="29.0710496"/>
  <node id="4441871963" lat="38.1517259" lon="29.0712696"/>
  <node id="4441871964" lat="38.1516331" lon="29.0714520"/>
  <node id="4441871965" lat="38.1515614" lon="29.0715914"/>
  <node id="4441871966" lat="38.1514475" lon="29.0717416"/>
  <node id="4441871967" lat="38.1512872" lon="29.0718811"/>
  <node id="4441871968" lat="38.1511100" lon="29.0720313"/>
  <node id="4441871969" lat="38.1509581" lon="29.0721708"/>
  <node id="4441871970" lat="38.1508231" lon="29.0723210"/>
  <node id="4441871971" lat="38.1507346" lon="29.0724712"/>
  <node id="4441871972" lat="38.1506080" lon="29.0726643"/>
  <node id="4441871973" lat="38.1505574" lon="29.0727126"/>
  <node id="4441882382" lat="38.1552932" lon="29.0649003"/>
  <node id="4441882383" lat="38.1552343" lon="29.0650603"/>
  <node id="4441882384" lat="38.1552174" lon="29.0652373"/>
  <node id="4441882385" lat="38.1552217" lon="29.0653875"/>
  <node id="4441882386" lat="38.1553202" lon="29.0655732"/>
  <node id="4441882387" lat="38.1552943" lon="29.0657229"/>
  <node id="4441883289" lat="38.1552903" lon="29.0659360"/>
  <node id="4441883290" lat="38.1552473" lon="29.0662507"/>
  <node id="4441883291" lat="38.1552364" lon="29.0663771"/>
  <node id="4441883295" lat="38.1549306" lon="29.0662566"/>
  <node id="4441883297" lat="38.1547377" lon="29.0661799"/>
  <node id="4441883298" lat="38.1550867" lon="29.0647277"/>
  <node id="4441883299" lat="38.1550698" lon="29.0648726"/>
  <node id="4441883300" lat="38.1550445" lon="29.0649691"/>
  <node id="4441883301" lat="38.1550403" lon="29.0651247"/>
  <node id="4441883302" lat="38.1550276" lon="29.0652320"/>
  <node id="4441883303" lat="38.1550234" lon="29.0653607"/>
  <node id="4441883304" lat="38.1550234" lon="29.0654680"/>
  <node id="4441883305" lat="38.1550234" lon="29.0655699"/>
  <node id="4441883306" lat="38.1550234" lon="29.0656558"/>
  <node id="4441883307" lat="38.1550192" lon="29.0657523"/>
  <node id="4441883308" lat="38.1550276" lon="29.0658435"/>
  <node id="4441883309" lat="38.1550065" lon="29.0659293"/>
  <node id="4441883310" lat="38.1550107" lon="29.0660044"/>
  <node id="4441883311" lat="38.1552614" lon="29.0661038"/>
  <node id="4441883312" lat="38.1550825" lon="29.0660420"/>
  <node id="4441883313" lat="38.1548842" lon="29.0659562"/>
  <node id="4441883314" lat="38.1547792" lon="29.0659542"/>
  <node id="4462310494" lat="38.1534437" lon="29.0662651"/>
  <node id="4462505189" lat="38.1511602" lon="29.0664202"/>
  <node id="5425388951" lat="38.1141160" lon="29.0358729"/>
  <node id="5425388952" lat="38.1144181" lon="29.0354670"/>
  <node id="5425388953" lat="38.1145910" lon="29.0352064"/>
  <node id="5425388954" lat="38.1148516" lon="29.0349631"/>
  <node id="5425388955" lat="38.1152639" lon="29.0346048"/>
  <node id="5425388956" lat="38.1157844" lon="29.0343190"/>
  <node id="5425388957" lat="38.1162273" lon="29.0342374"/>
  <node id="5425388958" lat="38.1164145" lon="29.0342278"/>
  <node id="5425388959" lat="38.1164546" lon="29.0342332"/>
  <node id="5425388960" lat="38.1164926" lon="29.0342681"/>
  <node id="5425388961" lat="38.1165200" lon="29.0343700"/>
  <node id="5425388962" lat="38.1165538" lon="29.0345309"/>
  <node id="5425388963" lat="38.1165896" lon="29.0346543"/>
  <node id="5425388964" lat="38.1166550" lon="29.0347804"/>
  <node id="5425388965" lat="38.1167584" lon="29.0349091"/>
  <node id="5425388966" lat="38.1169652" lon="29.0350593"/>
  <node id="5425388967" lat="38.1171953" lon="29.0352203"/>
  <node id="5425388968" lat="38.1174189" lon="29.0355153"/>
  <node id="5425388969" lat="38.1175076" lon="29.0355824"/>
  <node id="5425388970" lat="38.1175920" lon="29.0356226"/>
  <node id="5425388971" lat="38.1176722" lon="29.0356172"/>
  <node id="5425388972" lat="38.1177291" lon="29.0356011"/>
  <node id="5425388973" lat="38.1178199" lon="29.0354456"/>
  <node id="5425388974" lat="38.1179275" lon="29.0353222"/>
  <node id="5425388975" lat="38.1180014" lon="29.0352927"/>
  <node id="5425388976" lat="38.1180752" lon="29.0352900"/>
  <node id="5425388977" lat="38.1185500" lon="29.0352900"/>
  <node id="5425388978" lat="38.1187969" lon="29.0352149"/>
  <node id="5425388979" lat="38.1188665" lon="29.0351559"/>
  <node id="5425388980" lat="38.1189172" lon="29.0350861"/>
  <node id="5425388981" lat="38.1190354" lon="29.0348287"/>
  <node id="5425388982" lat="38.1191324" lon="29.0344424"/>
  <node id="5425388983" lat="38.1192464" lon="29.0338309"/>
  <node id="5425388984" lat="38.1193234" lon="29.0331532"/>
  <node id="5425388985" lat="38.1193040" lon="29.0327835"/>
  <node id="5425388986" lat="38.1194058" lon="29.0323706"/>
  <node id="5425388987" lat="38.1195416" lon="29.0317852"/>
  <node id="5425388988" lat="38.1196046" lon="29.0314093"/>
  <node id="5425388989" lat="38.1197355" lon="29.0311875"/>
  <node id="5425388990" lat="38.1198809" lon="29.0311690"/>
  <node id="5425388991" lat="38.1200021" lon="29.0311628"/>
  <node id="5425388992" lat="38.1202009" lon="29.0313723"/>
  <node id="5425388993" lat="38.1206808" lon="29.0319023"/>
  <node id="5425388994" lat="38.1209329" lon="29.0321796"/>
  <node id="5425388995" lat="38.1211995" lon="29.0326787"/>
  <node id="5425388996" lat="38.1216164" lon="29.0339296"/>
  <node id="5425388997" lat="38.1218734" lon="29.0347245"/>
  <node id="5425388998" lat="38.1224018" lon="29.0361788"/>
  <node id="5425388999" lat="38.1224260" lon="29.0366163"/>
  <node id="5425389000" lat="38.1223484" lon="29.0372818"/>
  <node id="5425389001" lat="38.1223436" lon="29.0375899"/>
  <node id="5425389002" lat="38.1223678" lon="29.0378425"/>
  <node id="5425389003" lat="38.1224648" lon="29.0380767"/>
  <node id="5425389004" lat="38.1226102" lon="29.0382862"/>
  <node id="5425389005" lat="38.1228041" lon="29.0383910"/>
  <node id="5425389006" lat="38.1236961" lon="29.0385573"/>
  <node id="5425389007" lat="38.1240451" lon="29.0387792"/>
  <node id="5425389008" lat="38.1242196" lon="29.0389948"/>
  <node id="5425389009" lat="38.1243166" lon="29.0392167"/>
  <node id="5425389010" lat="38.1243650" lon="29.0396604"/>
  <node id="5425389011" lat="38.1243602" lon="29.0399253"/>
  <node id="5425389012" lat="38.1243214" lon="29.0401225"/>
  <node id="5425389013" lat="38.1240742" lon="29.0405539"/>
  <node id="5425389014" lat="38.1239385" lon="29.0408620"/>
  <node id="5425389015" lat="38.1238754" lon="29.0411639"/>
  <node id="5425389016" lat="38.1239239" lon="29.0414843"/>
  <node id="5425389017" lat="38.1241033" lon="29.0422854"/>
  <node id="5425389018" lat="38.1245638" lon="29.0442450"/>
  <node id="5425389019" lat="38.1249952" lon="29.0461429"/>
  <node id="5425389020" lat="38.1251600" lon="29.0466605"/>
  <node id="5425389121" lat="38.1253539" lon="29.0475232"/>
  <node id="5425389122" lat="38.1254654" lon="29.0478498"/>
  <node id="5425389123" lat="38.1255818" lon="29.0481394"/>
  <node id="5425389124" lat="38.1257466" lon="29.0483304"/>
  <node id="5425389125" lat="38.1259502" lon="29.0484783"/>
  <node id="5425389126" lat="38.1265755" lon="29.0485523"/>
  <node id="5425389127" lat="38.1283545" lon="29.0486447"/>
  <node id="5425389128" lat="38.1290719" lon="29.0486324"/>
  <node id="5425389129" lat="38.1294403" lon="29.0487186"/>
  <node id="5425389130" lat="38.1295663" lon="29.0487618"/>
  <node id="5425389131" lat="38.1296778" lon="29.0488850"/>
  <node id="5425389132" lat="38.1297456" lon="29.0491192"/>
  <node id="5425389133" lat="38.1297214" lon="29.0495628"/>
  <node id="5425389134" lat="38.1296099" lon="29.0501544"/>
  <node id="5425389135" lat="38.1295663" lon="29.0504687"/>
  <node id="5425389136" lat="38.1296535" lon="29.0508322"/>
  <node id="5425389137" lat="38.1297796" lon="29.0510356"/>
  <node id="5425389138" lat="38.1299201" lon="29.0511896"/>
  <node id="5425389139" lat="38.1308799" lon="29.0515963"/>
  <node id="5425389140" lat="38.1313743" lon="29.0518736"/>
  <node id="5425389141" lat="38.1317184" lon="29.0520338"/>
  <node id="5425389142" lat="38.1320189" lon="29.0523604"/>
  <node id="5425389143" lat="38.1324261" lon="29.0530937"/>
  <node id="5425389144" lat="38.1327848" lon="29.0539503"/>
  <node id="5425389145" lat="38.1329059" lon="29.0543939"/>
  <node id="5425389146" lat="38.1329399" lon="29.0546897"/>
  <node id="5425389147" lat="38.1328381" lon="29.0550225"/>
  <node id="5425389148" lat="38.1327121" lon="29.0554045"/>
  <node id="5425389149" lat="38.1326636" lon="29.0556818"/>
  <node id="5425389150" lat="38.1326878" lon="29.0558605"/>
  <node id="5425389151" lat="38.1327848" lon="29.0560577"/>
  <node id="5425389152" lat="38.1330804" lon="29.0562857"/>
  <node id="5425389153" lat="38.1332743" lon="29.0564336"/>
  <node id="5425389154" lat="38.1334100" lon="29.0566739"/>
  <node id="5425389155" lat="38.1335070" lon="29.0568711"/>
  <node id="5425389156" lat="38.1336039" lon="29.0569450"/>
  <node id="5425389157" lat="38.1340547" lon="29.0570683"/>
  <node id="5425389158" lat="38.1346654" lon="29.0571854"/>
  <node id="5425389159" lat="38.1348302" lon="29.0571915"/>
  <node id="5425389160" lat="38.1350289" lon="29.0571053"/>
  <node id="5425389161" lat="38.1356832" lon="29.0565815"/>
  <node id="5425389162" lat="38.1358528" lon="29.0563227"/>
  <node id="5425389163" lat="38.1359789" lon="29.0559714"/>
  <node id="5425389164" lat="38.1359982" lon="29.0554538"/>
  <node id="5425389165" lat="38.1360613" lon="29.0550718"/>
  <node id="5425389166" lat="38.1362697" lon="29.0544494"/>
  <node id="5425389167" lat="38.1365508" lon="29.0534758"/>
  <node id="5425389168" lat="38.1366719" lon="29.0526932"/>
  <node id="5425389169" lat="38.1366816" lon="29.0521140"/>
  <node id="5425389170" lat="38.1366574" lon="29.0513683"/>
  <node id="5425389171" lat="38.1367447" lon="29.0511527"/>
  <node id="5425389172" lat="38.1369191" lon="29.0509616"/>
  <node id="5425389173" lat="38.1371615" lon="29.0508446"/>
  <node id="5425389174" lat="38.1378982" lon="29.0506843"/>
  <node id="5425389175" lat="38.1384895" lon="29.0506042"/>
  <node id="5425389176" lat="38.1389887" lon="29.0504132"/>
  <node id="5425389177" lat="38.1392698" lon="29.0503947"/>
  <node id="5425389178" lat="38.1393958" lon="29.0504317"/>
  <node id="5425389179" lat="38.1397108" lon="29.0505981"/>
  <node id="5425389180" lat="38.1401276" lon="29.0508322"/>
  <node id="5425389181" lat="38.1402924" lon="29.0508507"/>
  <node id="5425389182" lat="38.1404620" lon="29.0508261"/>
  <node id="5425389183" lat="38.1406898" lon="29.0506782"/>
  <node id="5425389184" lat="38.1409854" lon="29.0501667"/>
  <node id="5425389185" lat="38.1410436" lon="29.0500004"/>
  <node id="5425389186" lat="38.1410533" lon="29.0498155"/>
  <node id="5425389187" lat="38.1409224" lon="29.0494334"/>
  <node id="5425389188" lat="38.1403021" lon="29.0482380"/>
  <node id="5425389189" lat="38.1398126" lon="29.0473507"/>
  <node id="5425389190" lat="38.1397253" lon="29.0471042"/>
  <node id="5425389191" lat="38.1397059" lon="29.0469316"/>
  <node id="5425389192" lat="38.1397399" lon="29.0467714"/>
  <node id="6696611842" lat="38.1585977" lon="29.0627363"/>
  <node id="6696611843" lat="38.1598092" lon="29.0616655"/>
  <node id="6696611845" lat="38.1603119" lon="29.0610119"/>
  <node id="6696611846" lat="38.1604982" lon="29.0605030"/>
  <node id="6696611847" lat="38.1603400" lon="29.0603019"/>
  <node id="6696611848" lat="38.1602261" lon="29.0599586"/>
  <node id="6696611849" lat="38.1601882" lon="29.0597306"/>
  <node id="6696611850" lat="38.1602008" lon="29.0594409"/>
  <node id="6696611851" lat="38.1602114" lon="29.0591459"/>
  <node id="6696611852" lat="38.1601797" lon="29.0589849"/>
  <node id="6696611853" lat="38.1600089" lon="29.0583010"/>
  <node id="6696611854" lat="38.1599731" lon="29.0581427"/>
  <node id="6696611875" lat="38.1599615" lon="29.0579791"/>
  <node id="6696611876" lat="38.1600374" lon="29.0576546"/>
  <node id="6696611877" lat="38.1601017" lon="29.0573394"/>
  <node id="6696611878" lat="38.1601323" lon="29.0569840"/>
  <node id="6696611879" lat="38.1601449" lon="29.0567024"/>
  <node id="6696611880" lat="38.1601196" lon="29.0565200"/>
  <node id="6696611881" lat="38.1600332" lon="29.0562679"/>
  <node id="6696611882" lat="38.1599910" lon="29.0559460"/>
  <node id="6696611883" lat="38.1600079" lon="29.0556241"/>
  <node id="6696611884" lat="38.1601006" lon="29.0552862"/>
  <node id="6696632485" lat="38.1602567" lon="29.0549187"/>
  <node id="6696632486" lat="38.1603453" lon="29.0545566"/>
  <node id="6696632487" lat="38.1604381" lon="29.0540872"/>
  <node id="6696632488" lat="38.1606469" lon="29.0534864"/>
  <node id="6696632489" lat="38.1607059" lon="29.0529178"/>
  <node id="6696632490" lat="38.1608599" lon="29.0523679"/>
  <node id="6696632491" lat="38.1612711" lon="29.0513433"/>
  <node id="6696632492" lat="38.1615664" lon="29.0506406"/>
  <node id="6696632493" lat="38.1606933" lon="29.0602000"/>
  <node id="6696632494" lat="38.1610264" lon="29.0598620"/>
  <node id="6696632495" lat="38.1613808" lon="29.0594597"/>
  <node id="6696632496" lat="38.1615496" lon="29.0592934"/>
  <node id="6696632497" lat="38.1626904" lon="29.0582688"/>
  <node id="6696632498" lat="38.1633632" lon="29.0575312"/>
  <node id="6696632499" lat="38.1635108" lon="29.0573112"/>
  <node id="6696632500" lat="38.1637491" lon="29.0569331"/>
  <node id="6696632501" lat="38.1639241" lon="29.0568606"/>
  <node id="6696632502" lat="38.1643712" lon="29.0567319"/>
  <node id="6696632503" lat="38.1648267" lon="29.0566702"/>
  <node id="6696632504" lat="38.1650767" lon="29.0566018"/>
  <node id="6696632505" lat="38.1655754" lon="29.0563001"/>
  <node id="6696632506" lat="38.1661490" lon="29.0559192"/>
  <node id="6696632507" lat="38.1663472" lon="29.0557422"/>
  <node id="6696632508" lat="38.1664379" lon="29.0556107"/>
  <node id="6696632509" lat="38.1665033" lon="29.0554203"/>
  <node id="6696632510" lat="38.1665813" lon="29.0550957"/>
  <node id="6696632511" lat="38.1666593" lon="29.0542294"/>
  <node id="6696632512" lat="38.1667479" lon="29.0539370"/>
  <node id="6696632513" lat="38.1673257" lon="29.0524296"/>
  <node id="6696632514" lat="38.1674817" lon="29.0519790"/>
  <node id="6696632515" lat="38.1677622" lon="29.0514774"/>
  <node id="6696632516" lat="38.1678993" lon="29.0511502"/>
  <node id="6696632517" lat="38.1680659" lon="29.0508847"/>
  <node id="6696632518" lat="38.1685741" lon="29.0503777"/>
  <node id="6696632519" lat="38.1688060" lon="29.0500371"/>
  <node id="6696632520" lat="38.1690802" lon="29.0494309"/>
  <node id="6696632521" lat="38.1693627" lon="29.0489374"/>
  <node id="6696632522" lat="38.1697381" lon="29.0483151"/>
  <node id="6696632523" lat="38.1701366" lon="29.0477894"/>
  <node id="6696632524" lat="38.1703580" lon="29.0474917"/>
  <node id="6696632525" lat="38.1708515" lon="29.0467192"/>
  <node id="6696632526" lat="38.1711931" lon="29.0462069"/>
  <node id="6696632527" lat="38.1715853" lon="29.0456973"/>
  <node id="6696632528" lat="38.1721272" lon="29.0447424"/>
  <node id="6696632529" lat="38.1723549" lon="29.0443159"/>
  <node id="6696632530" lat="38.1727619" lon="29.0434147"/>
  <node id="6696632531" lat="38.1731077" lon="29.0425001"/>
  <node id="6696632532" lat="38.1739153" lon="29.0407245"/>
  <node id="6696632533" lat="38.1742696" lon="29.0400244"/>
  <node id="6696632534" lat="38.1744045" lon="29.0397401"/>
  <node id="6696632535" lat="38.1746196" lon="29.0390481"/>
  <node id="6696632536" lat="38.1747482" lon="29.0386055"/>
  <node id="6696632537" lat="38.1749991" lon="29.0381791"/>
  <node id="6696632538" lat="38.1753702" lon="29.0376989"/>
  <node id="6696632539" lat="38.1764962" lon="29.0364517"/>
  <node id="6696632540" lat="38.1766438" lon="29.0362264"/>
  <node id="6696632541" lat="38.1770528" lon="29.0354486"/>
  <node id="6696632542" lat="38.1773185" lon="29.0349980"/>
  <node id="6696632543" lat="38.1779300" lon="29.0337051"/>
  <node id="6696632544" lat="38.1782420" lon="29.0331097"/>
  <node id="6696632545" lat="38.1785583" lon="29.0323372"/>
  <node id="6696632546" lat="38.1787270" lon="29.0315003"/>
  <node id="6696632547" lat="38.1789336" lon="29.0309049"/>
  <node id="6696632548" lat="38.1791233" lon="29.0305401"/>
  <node id="6696632549" lat="38.1793848" lon="29.0302504"/>
  <node id="6696632550" lat="38.1796884" lon="29.0299447"/>
  <node id="6696632551" lat="38.1798360" lon="29.0296764"/>
  <node id="6696632552" lat="38.1800426" lon="29.0292312"/>
  <node id="6696632553" lat="38.1802619" lon="29.0289201"/>
  <node id="6696632554" lat="38.1805908" lon="29.0285070"/>
  <node id="6696632555" lat="38.1807342" lon="29.0282441"/>
  <node id="6696632556" lat="38.1808565" lon="29.0278901"/>
  <node id="6696632557" lat="38.1810209" lon="29.0272464"/>
  <node id="6696632558" lat="38.1817335" lon="29.0261440"/>
  <node id="6696632585" lat="38.1728809" lon="29.0431001"/>
  <node id="6696632586" lat="38.1728020" lon="29.0430687"/>
  <node id="6696632587" lat="38.1727050" lon="29.0430607"/>
  <node id="6696632588" lat="38.1725890" lon="29.0430821"/>
  <node id="6696632589" lat="38.1724625" lon="29.0431331"/>
  <node id="6696632590" lat="38.1723592" lon="29.0432377"/>
  <node id="6696632591" lat="38.1722917" lon="29.0433262"/>
  <node id="6696632592" lat="38.1722453" lon="29.0434067"/>
  <node id="6696632593" lat="38.1721820" lon="29.0434737"/>
  <node id="6696632594" lat="38.1721146" lon="29.0435354"/>
  <node id="6696632595" lat="38.1720408" lon="29.0436159"/>
  <node id="6696632596" lat="38.1719712" lon="29.0436642"/>
  <node id="6696632597" lat="38.1719037" lon="29.0436856"/>
  <node id="6696632598" lat="38.1718215" lon="29.0436910"/>
  <node id="6696632599" lat="38.1717308" lon="29.0436320"/>
  <node id="6696632600" lat="38.1716443" lon="29.0435488"/>
  <node id="6696632601" lat="38.1714820" lon="29.0434415"/>
  <node id="6696632639" lat="38.1747222" lon="29.0386949"/>
  <node id="6696632640" lat="38.1744182" lon="29.0385264"/>
  <node id="6696632641" lat="38.1740851" lon="29.0382957"/>
  <node id="6696632642" lat="38.1737856" lon="29.0381884"/>
  <node id="6696632643" lat="38.1735200" lon="29.0381187"/>
  <node id="6696632644" lat="38.1729591" lon="29.0380168"/>
  <node id="6696632645" lat="38.1726512" lon="29.0380865"/>
  <node id="6696632646" lat="38.1724783" lon="29.0379041"/>
  <node id="6696632647" lat="38.1721325" lon="29.0376949"/>
  <node id="6696632648" lat="38.1716897" lon="29.0374481"/>
  <node id="6696632649" lat="38.1714661" lon="29.0372497"/>
  <node id="6696632650" lat="38.1712637" lon="29.0370458"/>
  <node id="6696632651" lat="38.1710655" lon="29.0368581"/>
  <node id="6696632652" lat="38.1706902" lon="29.0366542"/>
  <node id="6696632653" lat="38.1703907" lon="29.0365523"/>
  <node id="6696632654" lat="38.1701503" lon="29.0363645"/>
  <node id="6696632655" lat="38.1696611" lon="29.0360802"/>
  <node id="6696632656" lat="38.1543485" lon="29.0539815"/>
  <node id="6696632657" lat="38.1544875" lon="29.0539862"/>
  <node id="6696632658" lat="38.1549893" lon="29.0536862"/>
  <node id="6696632659" lat="38.1550273" lon="29.0535468"/>
  <node id="6696632660" lat="38.1550800" lon="29.0534636"/>
  <node id="6696632661" lat="38.1551855" lon="29.0533697"/>
  <node id="6696632662" lat="38.1554491" lon="29.0533536"/>
  <node id="6696632663" lat="38.1556453" lon="29.0534046"/>
  <node id="6696632664" lat="38.1558836" lon="29.0534663"/>
  <node id="6696632665" lat="38.1561346" lon="29.0533992"/>
  <node id="6696632666" lat="38.1563286" lon="29.0533590"/>
  <node id="6696632667" lat="38.1566492" lon="29.0533536"/>
  <node id="6696632668" lat="38.1568411" lon="29.0533939"/>
  <node id="6696632669" lat="38.1571006" lon="29.0534475"/>
  <node id="6696632670" lat="38.1572292" lon="29.0534475"/>
  <node id="6696632671" lat="38.1572988" lon="29.0533832"/>
  <node id="6696632672" lat="38.1573536" lon="29.0531954"/>
  <node id="6696632673" lat="38.1574528" lon="29.0527984"/>
  <node id="6696632674" lat="38.1575055" lon="29.0524739"/>
  <node id="6696632675" lat="38.1575498" lon="29.0521815"/>
  <node id="6696632676" lat="38.1576447" lon="29.0518972"/>
  <node id="6696632677" lat="38.1578176" lon="29.0514359"/>
  <node id="6696632678" lat="38.1581382" lon="29.0508431"/>
  <node id="6696632679" lat="38.1582732" lon="29.0506553"/>
  <node id="6696632680" lat="38.1584482" lon="29.0503683"/>
  <node id="6696632681" lat="38.1586950" lon="29.0500465"/>
  <node id="6696632682" lat="38.1589038" lon="29.0497970"/>
  <node id="6696632683" lat="38.1592602" lon="29.0492579"/>
  <node id="6696632684" lat="38.1596862" lon="29.0487161"/>
  <node id="6696632685" lat="38.1599456" lon="29.0483996"/>
  <node id="6696632686" lat="38.1601397" lon="29.0482601"/>
  <node id="6696632687" lat="38.1603548" lon="29.0481904"/>
  <node id="6696632688" lat="38.1605889" lon="29.0482440"/>
  <node id="6696632689" lat="38.1608778" lon="29.0483486"/>
  <node id="6696632690" lat="38.1610866" lon="29.0483969"/>
  <node id="6696632691" lat="38.1612047" lon="29.0483781"/>
  <node id="6696632692" lat="38.1612722" lon="29.0483326"/>
  <node id="6696632693" lat="38.1613376" lon="29.0482065"/>
  <node id="6696632694" lat="38.1613650" lon="29.0480697"/>
  <node id="6696632695" lat="38.1613818" lon="29.0479007"/>
  <node id="6696632696" lat="38.1613565" lon="29.0476835"/>
  <node id="6696632697" lat="38.1612912" lon="29.0474099"/>
  <node id="6696632698" lat="38.1611773" lon="29.0470800"/>
  <node id="6696632699" lat="38.1610950" lon="29.0468600"/>
  <node id="6696632700" lat="38.1611056" lon="29.0466991"/>
  <node id="6696632701" lat="38.1612469" lon="29.0465087"/>
  <node id="6696632702" lat="38.1615927" lon="29.0462243"/>
  <node id="6696632703" lat="38.1620103" lon="29.0459320"/>
  <node id="6696632704" lat="38.1626388" lon="29.0454894"/>
  <node id="6696632705" lat="38.1628391" lon="29.0452963"/>
  <node id="6696632706" lat="38.1630500" lon="29.0450522"/>
  <node id="6696632707" lat="38.1631765" lon="29.0446955"/>
  <node id="6696632708" lat="38.1633263" lon="29.0443548"/>
  <node id="6696632709" lat="38.1637143" lon="29.0437004"/>
  <node id="6696632710" lat="38.1638999" lon="29.0434617"/>
  <node id="6696632711" lat="38.1642310" lon="29.0432122"/>
  <node id="6696632712" lat="38.1643849" lon="29.0430701"/>
  <node id="6696632713" lat="38.1645726" lon="29.0428313"/>
  <node id="6696632714" lat="38.1648510" lon="29.0424022"/>
  <node id="6696632715" lat="38.1653634" lon="29.0416968"/>
  <node id="6696632716" lat="38.1658590" lon="29.0409243"/>
  <node id="6696632717" lat="38.1667468" lon="29.0396315"/>
  <node id="6696632718" lat="38.1670442" lon="29.0390467"/>
  <node id="6696632719" lat="38.1671728" lon="29.0387919"/>
  <node id="6696632720" lat="38.1675313" lon="29.0382609"/>
  <node id="6696632721" lat="38.1678139" lon="29.0379390"/>
  <node id="6696632722" lat="38.1680648" lon="29.0377351"/>
  <node id="6696632723" lat="38.1683642" lon="29.0374535"/>
  <node id="6696632724" lat="38.1686679" lon="29.0370646"/>
  <node id="6696632725" lat="38.1689526" lon="29.0367803"/>
  <node id="6696632726" lat="38.1691951" lon="29.0365094"/>
  <node id="6696632727" lat="38.1693954" lon="29.0363565"/>
  <node id="6696632728" lat="38.1699310" lon="29.0356457"/>
  <node id="6696632729" lat="38.1703570" lon="29.0350100"/>
  <node id="6696632730" lat="38.1708441" lon="29.0343126"/>
  <node id="6696632731" lat="38.1712532" lon="29.0338030"/>
  <node id="6696632732" lat="38.1716644" lon="29.0331995"/>
  <node id="6696632733" lat="38.1720334" lon="29.0328428"/>
  <node id="6696632734" lat="38.1725331" lon="29.0324163"/>
  <node id="6696632735" lat="38.1730329" lon="29.0319952"/>
  <node id="6696632736" lat="38.1733618" lon="29.0316519"/>
  <node id="6696632737" lat="38.1737582" lon="29.0313220"/>
  <node id="6696632738" lat="38.1742284" lon="29.0308124"/>
  <node id="6696632739" lat="38.1748399" lon="29.0301794"/>
  <node id="6696632740" lat="38.1752574" lon="29.0298897"/>
  <node id="6696632741" lat="38.1755589" lon="29.0297207"/>
  <node id="6696632742" lat="38.1757656" lon="29.0295839"/>
  <node id="6696632743" lat="38.1760776" lon="29.0294122"/>
  <node id="6696632744" lat="38.1765795" lon="29.0291092"/>
  <node id="6696632745" lat="38.1767882" lon="29.0289402"/>
  <node id="6696632746" lat="38.1770349" lon="29.0287202"/>
  <node id="6696632747" lat="38.1773638" lon="29.0282830"/>
  <node id="6696632748" lat="38.1776864" lon="29.0278405"/>
  <node id="6696632749" lat="38.1778678" lon="29.0276608"/>
  <node id="6696632750" lat="38.1780512" lon="29.0275830"/>
  <node id="6696632751" lat="38.1786099" lon="29.0275213"/>
  <node id="6696632752" lat="38.1791961" lon="29.0274623"/>
  <node id="6696632753" lat="38.1793753" lon="29.0274408"/>
  <node id="6696632754" lat="38.1796958" lon="29.0271619"/>
  <node id="6696632755" lat="38.1799635" lon="29.0268990"/>
  <node id="6696632756" lat="38.1801617" lon="29.0267890"/>
  <node id="6696632757" lat="38.1805138" lon="29.0267220"/>
  <node id="6696632758" lat="38.1808976" lon="29.0266442"/>
  <node id="6696632759" lat="38.1813554" lon="29.0264823"/>
  <node id="6696634767" lat="38.1639952" lon="29.0567139"/>
  <node id="6696634768" lat="38.1640617" lon="29.0564927"/>
  <node id="6696634769" lat="38.1640859" lon="29.0562700"/>
  <node id="6696634770" lat="38.1640817" lon="29.0560876"/>
  <node id="6696634771" lat="38.1641144" lon="29.0559508"/>
  <node id="6696634772" lat="38.1642272" lon="29.0557618"/>
  <node id="6696634773" lat="38.1643516" lon="29.0555780"/>
  <node id="6696634774" lat="38.1645109" lon="29.0554064"/>
  <node id="6696634775" lat="38.1647481" lon="29.0551609"/>
  <node id="6696634776" lat="38.1648725" lon="29.0550148"/>
  <node id="6696634777" lat="38.1649611" lon="29.0549008"/>
  <node id="6696634778" lat="38.1650064" lon="29.0547854"/>
  <node id="6696634779" lat="38.1650212" lon="29.0546620"/>
  <node id="6696634780" lat="38.1650286" lon="29.0545253"/>
  <node id="6696634781" lat="38.1650180" lon="29.0543764"/>
  <node id="6696634782" lat="38.1649896" lon="29.0542503"/>
  <node id="6696634783" lat="38.1649411" lon="29.0541725"/>
  <node id="6696634784" lat="38.1648166" lon="29.0540062"/>
  <node id="6696638885" lat="38.1646606" lon="29.0537648"/>
  <node id="6696638886" lat="38.1644550" lon="29.0534644"/>
  <node id="6696638887" lat="38.1643980" lon="29.0534135"/>
  <node id="6696638888" lat="38.1651477" lon="29.0568668"/>
  <node id="6696638889" lat="38.1651425" lon="29.0569929"/>
  <node id="6696638890" lat="38.1651214" lon="29.0571873"/>
  <node id="6696638891" lat="38.1651319" lon="29.0573161"/>
  <node id="6696638892" lat="38.1652152" lon="29.0574422"/>
  <node id="6696638901" lat="38.1632745" lon="29.0576284"/>
  <node id="6696638902" lat="38.1639372" lon="29.0586532"/>
  <node id="6696638903" lat="38.1639720" lon="29.0588114"/>
  <node id="6696638914" lat="38.1612460" lon="29.0596499"/>
  <node id="6696638915" lat="38.1611345" lon="29.0593760"/>
  <node id="6696638916" lat="38.1611450" lon="29.0592124"/>
  <node id="6696638917" lat="38.1611746" lon="29.0591024"/>
  <node id="6696638918" lat="38.1612652" lon="29.0589415"/>
  <node id="6696638919" lat="38.1613285" lon="29.0588101"/>
  <node id="6696638920" lat="38.1613876" lon="29.0586813"/>
  <node id="6696638921" lat="38.1614466" lon="29.0584963"/>
  <node id="6696638922" lat="38.1615036" lon="29.0582683"/>
  <node id="6696638923" lat="38.1615331" lon="29.0581127"/>
  <node id="6696638924" lat="38.1616069" lon="29.0579437"/>
  <node id="6696638925" lat="38.1616849" lon="29.0577962"/>
  <node id="6696638926" lat="38.1617524" lon="29.0576782"/>
  <node id="6696638927" lat="38.1618241" lon="29.0575119"/>
  <node id="6696638928" lat="38.1618832" lon="29.0573751"/>
  <node id="6696638929" lat="38.1619211" lon="29.0572383"/>
  <node id="6696638930" lat="38.1618564" lon="29.0574370"/>
  <node id="6696638931" lat="38.1619654" lon="29.0573617"/>
  <node id="6696638932" lat="38.1620624" lon="29.0572383"/>
  <node id="6696638933" lat="38.1621489" lon="29.0571417"/>
  <node id="6696638934" lat="38.1622775" lon="29.0571257"/>
  <node id="6696638935" lat="38.1623492" lon="29.0570747"/>
  <node id="6696638936" lat="38.1624020" lon="29.0569942"/>
  <node id="6696638937" lat="38.1624020" lon="29.0568789"/>
  <node id="6696638938" lat="38.1617492" lon="29.0591418"/>
  <node id="6696638939" lat="38.1618895" lon="29.0592044"/>
  <node id="6696638940" lat="38.1620983" lon="29.0593653"/>
  <node id="6696638941" lat="38.1622818" lon="29.0595504"/>
  <node id="6696638942" lat="38.1624062" lon="29.0595772"/>
  <node id="6696638943" lat="38.1626592" lon="29.0595745"/>
  <node id="6696638944" lat="38.1628490" lon="29.0595531"/>
  <node id="6696638945" lat="38.1630030" lon="29.0595557"/>
  <node id="6696638946" lat="38.1630810" lon="29.0595343"/>
  <node id="6696638947" lat="38.1631949" lon="29.0593358"/>
  <node id="6696638949" lat="38.1600893" lon="29.0614949"/>
  <node id="6696638950" lat="38.1602582" lon="29.0615204"/>
  <node id="6696638951" lat="38.1606816" lon="29.0614887"/>
  <node id="6696638952" lat="38.1609831" lon="29.0614285"/>
  <node id="6696638953" lat="38.1612446" lon="29.0614824"/>
  <node id="6696638954" lat="38.1616332" lon="29.0615394"/>
  <node id="6696638955" lat="38.1619596" lon="29.0615933"/>
  <node id="6696638956" lat="38.1621339" lon="29.0615648"/>
  <node id="6696638957" lat="38.1622684" lon="29.0614190"/>
  <node id="6696638958" lat="38.1624104" lon="29.0613779"/>
  <node id="6696638959" lat="38.1626471" lon="29.0613240"/>
  <node id="6696638960" lat="38.1629385" lon="29.0612828"/>
  <node id="6696638961" lat="38.1630780" lon="29.0613272"/>
  <node id="6696638962" lat="38.1632350" lon="29.0613430"/>
  <node id="6696638963" lat="38.1634542" lon="29.0612511"/>
  <node id="6696638964" lat="38.1636883" lon="29.0611276"/>
  <node id="6696641229" lat="38.1664678" lon="29.0555235"/>
  <node id="6696641230" lat="38.1669107" lon="29.0553769"/>
  <node id="6696641231" lat="38.1669697" lon="29.0554225"/>
  <node id="6696641232" lat="38.1670056" lon="29.0554815"/>
  <node id="6696641233" lat="38.1670077" lon="29.0556317"/>
  <node id="6696641234" lat="38.1669423" lon="29.0559160"/>
  <node id="6696641235" lat="38.1668411" lon="29.0562754"/>
  <node id="6696641236" lat="38.1667884" lon="29.0565275"/>
  <node id="6696641237" lat="38.1668074" lon="29.0567716"/>
  <node id="6696641238" lat="38.1668791" lon="29.0569969"/>
  <node id="6696641239" lat="38.1669697" lon="29.0571605"/>
  <node id="6696641240" lat="38.1670648" lon="29.0572656"/>
  <node id="6696641241" lat="38.1671245" lon="29.0573685"/>
  <node id="6696641242" lat="38.1671744" lon="29.0575444"/>
  <node id="6696641243" lat="38.1671656" lon="29.0578501"/>
  <node id="6696641244" lat="38.1671831" lon="29.0580101"/>
  <node id="6696641245" lat="38.1671320" lon="29.0582984"/>
  <node id="6696641246" lat="38.1670573" lon="29.0584948"/>
  <node id="6696641247" lat="38.1670374" lon="29.0586390"/>
  <node id="6696641248" lat="38.1671110" lon="29.0587323"/>
  <node id="6696641249" lat="38.1672579" lon="29.0587770"/>
  <node id="6696641250" lat="38.1674516" lon="29.0587585"/>
  <node id="6696641251" lat="38.1675872" lon="29.0587585"/>
  <node id="6696641255" lat="38.1678317" lon="29.0586661"/>
  <node id="6696641256" lat="38.1680763" lon="29.0586661"/>
  <node id="6696641257" lat="38.1682022" lon="29.0586476"/>
  <node id="6696641258" lat="38.1684346" lon="29.0583643"/>
  <node id="6696641259" lat="38.1686598" lon="29.0580286"/>
  <node id="6696641260" lat="38.1688317" lon="29.0578500"/>
  <node id="6696641261" lat="38.1691077" lon="29.0575605"/>
  <node id="6696641262" lat="38.1693644" lon="29.0573449"/>
  <node id="6696641263" lat="38.1698753" lon="29.0568367"/>
  <node id="6696647696" lat="38.1670793" lon="29.0552156"/>
  <node id="6696647697" lat="38.1672269" lon="29.0551083"/>
  <node id="6696647698" lat="38.1675010" lon="29.0549474"/>
  <node id="6696647699" lat="38.1677077" lon="29.0548884"/>
  <node id="6696647700" lat="38.1678511" lon="29.0548455"/>
  <node id="6696647701" lat="38.1679565" lon="29.0547757"/>
  <node id="6696647702" lat="38.1681505" lon="29.0545934"/>
  <node id="6696647703" lat="38.1684247" lon="29.0543090"/>
  <node id="6696647704" lat="38.1685807" lon="29.0541320"/>
  <node id="6696647705" lat="38.1689013" lon="29.0539764"/>
  <node id="6696647706" lat="38.1693610" lon="29.0538155"/>
  <node id="6696647707" lat="38.1697176" lon="29.0537863"/>
  <node id="6698240945" lat="38.0633507" lon="29.1266486"/>
  <node id="6698240946" lat="38.0638434" lon="29.1265178"/>
  <node id="6698240947" lat="38.0644317" lon="29.1263123"/>
  <node id="6698240948" lat="38.0647258" lon="29.1262656"/>
  <node id="6698240949" lat="38.0649023" lon="29.1263497"/>
  <node id="6698240950" lat="38.0651965" lon="29.1265365"/>
  <node id="6698240951" lat="38.0653656" lon="29.1267420"/>
  <node id="6698240952" lat="38.0654685" lon="29.1268354"/>
  <node id="6698240953" lat="38.0654685" lon="29.1269755"/>
  <node id="6698240954" lat="38.0654024" lon="29.1271062"/>
  <node id="6698240955" lat="38.0652921" lon="29.1271062"/>
  <node id="6698240956" lat="38.0652112" lon="29.1270969"/>
  <node id="6698240957" lat="38.0651229" lon="29.1270689"/>
  <node id="6698240958" lat="38.0650126" lon="29.1270409"/>
  <node id="6698240959" lat="38.0649170" lon="29.1270409"/>
  <node id="6698240960" lat="38.0648435" lon="29.1270969"/>
  <node id="6698240961" lat="38.0647847" lon="29.1271343"/>
  <node id="6698240962" lat="38.0647258" lon="29.1272650"/>
  <node id="6698240963" lat="38.0646891" lon="29.1273958"/>
  <node id="6698240964" lat="38.0647111" lon="29.1277507"/>
  <node id="6698240965" lat="38.0648435" lon="29.1285446"/>
  <node id="6698240966" lat="38.0649170" lon="29.1288902"/>
  <node id="6698240967" lat="38.0649832" lon="29.1289929"/>
  <node id="6698240968" lat="38.0650420" lon="29.1290583"/>
  <node id="6698240969" lat="38.0651156" lon="29.1290676"/>
  <node id="6698240970" lat="38.0651965" lon="29.1290209"/>
  <node id="6698240971" lat="38.0652994" lon="29.1288808"/>
  <node id="6698240972" lat="38.0654833" lon="29.1286940"/>
  <node id="6698240973" lat="38.0656230" lon="29.1286380"/>
  <node id="6698240974" lat="38.0657186" lon="29.1286473"/>
  <node id="6698240975" lat="38.0658068" lon="29.1286660"/>
  <node id="6698240976" lat="38.0665642" lon="29.1289182"/>
  <node id="6698240977" lat="38.0667848" lon="29.1289742"/>
  <node id="6698240978" lat="38.0670348" lon="29.1289929"/>
  <node id="6698240979" lat="38.0671598" lon="29.1289556"/>
  <node id="6698240980" lat="38.0673657" lon="29.1288715"/>
  <node id="6698240981" lat="38.0674981" lon="29.1287127"/>
  <node id="6698240982" lat="38.0678437" lon="29.1283018"/>
  <node id="6698240983" lat="38.0682407" lon="29.1277787"/>
  <node id="6698240984" lat="38.0685275" lon="29.1275639"/>
  <node id="6698284285" lat="38.0692481" lon="29.1274145"/>
  <node id="6698284286" lat="38.0699540" lon="29.1274051"/>
  <node id="6698284287" lat="38.0701305" lon="29.1274051"/>
  <node id="6698284288" lat="38.0703731" lon="29.1273771"/>
  <node id="6698284289" lat="38.0706305" lon="29.1273024"/>
  <node id="6698284290" lat="38.0709099" lon="29.1272370"/>
  <node id="6698284291" lat="38.0710275" lon="29.1272463"/>
  <node id="6698284292" lat="38.0711158" lon="29.1272650"/>
  <node id="6698284293" lat="38.0712187" lon="29.1272930"/>
  <node id="6698284294" lat="38.0718805" lon="29.1279095"/>
  <node id="6698284295" lat="38.0724687" lon="29.1285820"/>
  <node id="6698284296" lat="38.0725422" lon="29.1287127"/>
  <node id="6698284297" lat="38.0727113" lon="29.1289649"/>
  <node id="6698284298" lat="38.0727922" lon="29.1291237"/>
  <node id="6698284299" lat="38.0728951" lon="29.1292264"/>
  <node id="6698284300" lat="38.0730348" lon="29.1292825"/>
  <node id="6698284301" lat="38.0733437" lon="29.1293385"/>
  <node id="6698284302" lat="38.0734834" lon="29.1293665"/>
  <node id="6698284303" lat="38.0737260" lon="29.1294319"/>
  <node id="6698284304" lat="38.0741819" lon="29.1297121"/>
  <node id="6698284305" lat="38.0759612" lon="29.1310104"/>
  <node id="6698284306" lat="38.0768287" lon="29.1316455"/>
  <node id="6698284307" lat="38.0776816" lon="29.1321405"/>
  <node id="6698284308" lat="38.0780051" lon="29.1322806"/>
  <node id="6698284309" lat="38.0783801" lon="29.1324674"/>
  <node id="6698284310" lat="38.0807548" lon="29.1340085"/>
  <node id="6698284311" lat="38.0815341" lon="29.1345969"/>
  <node id="6698284312" lat="38.0818796" lon="29.1349238"/>
  <node id="6698284313" lat="38.0822913" lon="29.1352414"/>
  <node id="6698284314" lat="38.0832911" lon="29.1357551"/>
  <node id="6698284315" lat="38.0838939" lon="29.1360446"/>
  <node id="6698284316" lat="38.0842762" lon="29.1362875"/>
  <node id="6698284317" lat="38.0845629" lon="29.1364369"/>
  <node id="6698284318" lat="38.0855039" lon="29.1367451"/>
  <node id="6698284319" lat="38.0858641" lon="29.1368292"/>
  <node id="6698284320" lat="38.0862538" lon="29.1369506"/>
  <node id="6698284321" lat="38.0864743" lon="29.1370720"/>
  <node id="6698284322" lat="38.0867831" lon="29.1372401"/>
  <node id="6698284323" lat="38.0870624" lon="29.1374736"/>
  <node id="6698284324" lat="38.0878784" lon="29.1382956"/>
  <node id="6698284325" lat="38.0883268" lon="29.1388840"/>
  <node id="6698284326" lat="38.0887973" lon="29.1393510"/>
  <node id="6698284327" lat="38.0896647" lon="29.1400702"/>
  <node id="6698284328" lat="38.0914510" lon="29.1413871"/>
  <node id="6698284329" lat="38.0920317" lon="29.1416580"/>
  <node id="6698284330" lat="38.0923404" lon="29.1417607"/>
  <node id="6698284331" lat="38.0929138" lon="29.1418074"/>
  <node id="6698284332" lat="38.0932960" lon="29.1417700"/>
  <node id="6698284333" lat="38.0934651" lon="29.1418167"/>
  <node id="6698284334" lat="38.0936195" lon="29.1418634"/>
  <node id="6698284335" lat="38.0937371" lon="29.1419568"/>
  <node id="6698284336" lat="38.0938620" lon="29.1422090"/>
  <node id="6698284337" lat="38.0939943" lon="29.1424425"/>
  <node id="6698284338" lat="38.0941560" lon="29.1425359"/>
  <node id="6698284339" lat="38.0944207" lon="29.1427134"/>
  <node id="6700001998" lat="38.0937967" lon="29.1416500"/>
  <node id="6700001999" lat="38.0938403" lon="29.1414713"/>
  <node id="6700002000" lat="38.0938743" lon="29.1413172"/>
  <node id="6700002001" lat="38.0938597" lon="29.1411570"/>
  <node id="6700002002" lat="38.0850251" lon="29.1365883"/>
  <node id="6700002003" lat="38.0850272" lon="29.1363420"/>
  <node id="6700002004" lat="38.0850229" lon="29.1361864"/>
  <node id="6700002005" lat="38.0850061" lon="29.1360416"/>
  <node id="6700002006" lat="38.0849976" lon="29.1358699"/>
  <node id="6700002007" lat="38.0849934" lon="29.1357358"/>
  <node id="6700002008" lat="38.0849849" lon="29.1356446"/>
  <node id="6700002009" lat="38.0849723" lon="29.1355695"/>
  <node id="6700002010" lat="38.0791418" lon="29.1329744"/>
  <node id="6700002014" lat="38.0790986" lon="29.1316477"/>
  <node id="6700002019" lat="38.0764053" lon="29.1313355"/>
  <node id="6700002026" lat="38.0749854" lon="29.1302984"/>
  <node id="6700002047" lat="38.0742688" lon="29.1297755"/>
  <node id="6700002048" lat="38.0739686" lon="29.1295810"/>
  <node id="6700002055" lat="38.0737811" lon="29.1294658"/>
  <node id="6700002069" lat="38.0705422" lon="29.1273280"/>
  <node id="6700770122" lat="38.0639809" lon="29.1264698"/>
  <node id="6700770131" lat="38.0826089" lon="29.1344473"/>
  <node id="6700770132" lat="38.0826178" lon="29.1345838"/>
  <node id="6700770133" lat="38.0825850" lon="29.1346635"/>
  <node id="6700770134" lat="38.0825282" lon="29.1346635"/>
  <node id="6700770135" lat="38.0822774" lon="29.1345724"/>
  <node id="6700770136" lat="38.0822386" lon="29.1345952"/>
  <node id="6700770137" lat="38.0822058" lon="29.1346445"/>
  <node id="6700770138" lat="38.0821020" lon="29.1350954"/>
  <node id="6700770139" lat="38.0836796" lon="29.1359417"/>
  <node id="6700770140" lat="38.0835344" lon="29.1366397"/>
  <node id="6700770141" lat="38.0927447" lon="29.1428265"/>
  <node id="6700770142" lat="38.0929387" lon="29.1425344"/>
  <node id="6700770143" lat="38.0931358" lon="29.1422461"/>
  <node id="6700770144" lat="38.0932582" lon="29.1419275"/>
  <node id="6700770145" lat="38.0933826" lon="29.1417939"/>
  <node id="7501332549" lat="38.2287447" lon="28.9909542"/>
  <node id="7501332550" lat="38.2283613" lon="28.9908148"/>
  <node id="7501332551" lat="38.2280031" lon="28.9907826"/>
  <node id="7501332552" lat="38.2278261" lon="28.9904983"/>
  <node id="7501332553" lat="38.2276154" lon="28.9904553"/>
  <node id="7501332554" lat="38.2269074" lon="28.9904017"/>
  <node id="7501332555" lat="38.2263217" lon="28.9902408"/>
  <node id="7501332556" lat="38.2253693" lon="28.9897794"/>
  <node id="7501332557" lat="38.2247076" lon="28.9895917"/>
  <node id="7501332558" lat="38.2242272" lon="28.9894683"/>
  <node id="7501332559" lat="38.2237636" lon="28.9893449"/>
  <node id="7501332560" lat="38.2233717" lon="28.9894146"/>
  <node id="7501332561" lat="38.2230851" lon="28.9892913"/>
  <node id="7501332562" lat="38.2228196" lon="28.9893771"/>
  <node id="7501332563" lat="38.2224445" lon="28.9896882"/>
  <node id="7501332564" lat="38.2210116" lon="28.9906914"/>
  <node id="7501332565" lat="38.2198973" lon="28.9911710"/>
  <node id="7501332566" lat="38.2194132" lon="28.9913558"/>
  <node id="7501332567" lat="38.2189533" lon="28.9915345"/>
  <node id="7501332568" lat="38.2186580" lon="28.9915777"/>
  <node id="7501332569" lat="38.2180383" lon="28.9912203"/>
  <node id="7501332570" lat="38.2174573" lon="28.9906718"/>
  <node id="7501332571" lat="38.2172386" lon="28.9906194"/>
  <node id="7501332572" lat="38.2167130" lon="28.9905203"/>
  <node id="7501332573" lat="38.2161875" lon="28.9906194"/>
  <node id="7501332574" lat="38.2157704" lon="28.9906406"/>
  <node id="7501332575" lat="38.2156457" lon="28.9906433"/>
  <node id="7602578975" lat="38.1157568" lon="29.0343342"/>
  <node id="7602578976" lat="38.1153443" lon="29.0345606"/>
  <node id="8118290307" lat="38.2195024" lon="29.0214002"/>
  <node id="8118290308" lat="38.2144574" lon="29.0240615"/>
  <node id="8118290309" lat="38.2138179" lon="29.0242424"/>
  <node id="8118349259" lat="38.1839396" lon="29.0186870"/>
  <node id="8118349260" lat="38.1836107" lon="29.0195239"/>
  <node id="8118349261" lat="38.1833830" lon="29.0204036"/>
  <node id="8118349262" lat="38.1834505" lon="29.0219593"/>
  <node id="8118349263" lat="38.1829782" lon="29.0239120"/>
  <node id="8118349264" lat="38.1824722" lon="29.0249741"/>
  <node id="8118349265" lat="38.1819409" lon="29.0259934"/>
  <node id="8118349266" lat="38.1617837" lon="29.0674499"/>
  <node id="8118349267" lat="38.1597711" lon="29.0694481"/>
  <node id="8118349275" lat="38.1595546" lon="29.0701241"/>
  <node id="8118349280" lat="38.1598091" lon="29.0703131"/>
  <node id="8118349281" lat="38.1599732" lon="29.0706310"/>
  <node id="8118349282" lat="38.1601428" lon="29.0710615"/>
  <node id="8118349286" lat="38.1593794" lon="29.0704702"/>
  <node id="8118349289" lat="38.1597429" lon="29.0704615"/>
  <node id="8118349291" lat="38.1594618" lon="29.0699056"/>
  <node id="8118349292" lat="38.1583074" lon="29.0687162"/>
  <node id="8118349293" lat="38.1572802" lon="29.0694825"/>
  <node id="8118349294" lat="38.1575447" lon="29.0690735"/>
  <node id="8118349295" lat="38.1572661" lon="29.0693026"/>
  <node id="8118349296" lat="38.1596370" lon="29.0693890"/>
  <node id="8118349300" lat="38.1594618" lon="29.0695637"/>
  <node id="8118349301" lat="38.1592579" lon="29.0703751"/>
  <node id="8118349302" lat="38.1591062" lon="29.0691164"/>
  <node id="8118349303" lat="38.1591916" lon="29.0693956"/>
  <node id="8118349304" lat="38.1586423" lon="29.0689416"/>
  <node id="8118349305" lat="38.1583525" lon="29.0688608"/>
  <node id="8118349306" lat="38.1579119" lon="29.0687288"/>
  <node id="8118349307" lat="38.1579460" lon="29.0688463"/>
  <node id="8118349308" lat="38.1622035" lon="29.0726514"/>
  <node id="8118349309" lat="38.1617504" lon="29.0724992"/>
  <node id="8118349310" lat="38.1600126" lon="29.0709041"/>
  <node id="8118349311" lat="38.1612236" lon="29.0649283"/>
  <node id="8118349312" lat="38.1612331" lon="29.0674477"/>
  <node id="8118349313" lat="38.1612587" lon="29.0697162"/>
  <node id="8118349314" lat="38.1626025" lon="29.0712491"/>
  <node id="8118349315" lat="38.1624557" lon="29.0713956"/>
  <node id="8118349316" lat="38.1622586" lon="29.0715108"/>
  <node id="8118359817" lat="38.1616175" lon="29.0712668"/>
  <node id="8118359818" lat="38.1617353" lon="29.0711172"/>
  <node id="8118359819" lat="38.1618032" lon="29.0703396"/>
  <node id="8118359820" lat="38.1618197" lon="29.0699684"/>
  <node id="8118359821" lat="38.1617922" lon="29.0688639"/>
  <node id="8118359822" lat="38.1617683" lon="29.0661880"/>
  <node id="8118359823" lat="38.1617481" lon="29.0649292"/>
  <node id="8118359824" lat="38.1612284" lon="29.0661949"/>
  <node id="8118359825" lat="38.1606954" lon="29.0661996"/>
  <node id="8118359826" lat="38.1600253" lon="29.0662415"/>
  <node id="8118359827" lat="38.1600694" lon="29.0665714"/>
  <node id="8118359828" lat="38.1598102" lon="29.0653263"/>
  <node id="8118359829" lat="38.1599746" lon="29.0652377"/>
  <node id="8118359830" lat="38.1600444" lon="29.0655179"/>
  <node id="8118359831" lat="38.1601674" lon="29.0657187"/>
  <node id="8118359832" lat="38.1602883" lon="29.0662251"/>
  <node id="8118359833" lat="38.1603730" lon="29.0669819"/>
  <node id="8118359834" lat="38.1603894" lon="29.0674567"/>
  <node id="8118359835" lat="38.1600888" lon="29.0681062"/>
  <node id="8118359836" lat="38.1599332" lon="29.0681614"/>
  <node id="8118359837" lat="38.1600115" lon="29.0673472"/>
  <node id="8118359838" lat="38.1598685" lon="29.0660678"/>
  <node id="8118359839" lat="38.1587334" lon="29.0635793"/>
  <node id="8118359840" lat="38.1604574" lon="29.0615078"/>
  <node id="8118359841" lat="38.1602886" lon="29.0617725"/>
  <node id="8118359842" lat="38.1601223" lon="29.0619303"/>
  <node id="8118359843" lat="38.1596019" lon="29.0632482"/>
  <node id="8118359844" lat="38.1596680" lon="29.0637012"/>
  <node id="8118359845" lat="38.1597899" lon="29.0642670"/>
  <node id="8118359846" lat="38.1610006" lon="29.0649278"/>
  <node id="8118359847" lat="38.1609853" lon="29.0634812"/>
  <node id="8118359848" lat="38.1600850" lon="29.0634759"/>
  <node id="8118359849" lat="38.1596391" lon="29.0635029"/>
  <node id="8118359850" lat="38.1592113" lon="29.0639530"/>
  <node id="8118359851" lat="38.1595232" lon="29.0619376"/>
  <node id="8118359852" lat="38.1599208" lon="29.0623671"/>
  <node id="8118359853" lat="38.1568886" lon="29.0627441"/>
  <node id="8118359854" lat="38.1660349" lon="29.0735483"/>
  <node id="8118359855" lat="38.1678543" lon="29.0730867"/>
  <node id="8118359856" lat="38.1673359" lon="29.0733278"/>
  <node id="8118359857" lat="38.1709328" lon="29.0717092"/>
  <node id="8118359858" lat="38.1729419" lon="29.0716947"/>
  <node id="8118359859" lat="38.1720073" lon="29.0713484"/>
  <node id="8118359860" lat="38.1873889" lon="29.0523895"/>
  <node id="8118359861" lat="38.1945934" lon="29.0429222"/>
  <node id="8118379513" lat="38.0978896" lon="29.1516187"/>
  <node id="8118379516" lat="38.1090308" lon="29.1545093"/>
  <node id="8118404975" lat="38.1088401" lon="29.1557078"/>
  <node id="8118404976" lat="38.1061214" lon="29.1505965"/>
  <node id="8118404978" lat="38.1048903" lon="29.1501858"/>
  <node id="8118404979" lat="38.1049409" lon="29.1503063"/>
  <node id="8118404981" lat="38.1045429" lon="29.1500706"/>
  <node id="8118404982" lat="38.1053338" lon="29.1491717"/>
  <node id="8118404983" lat="38.1049630" lon="29.1496840"/>
  <node id="8118404984" lat="38.1082321" lon="29.1488987"/>
  <node id="8118404985" lat="38.1071652" lon="29.1495898"/>
  <node id="8118404986" lat="38.1063716" lon="29.1478251"/>
  <node id="8118404987" lat="38.1061581" lon="29.1475191"/>
  <node id="8118404988" lat="38.1058914" lon="29.1476824"/>
  <node id="8118404989" lat="38.1057265" lon="29.1477748"/>
  <node id="8118404990" lat="38.1056247" lon="29.1479227"/>
  <node id="8118404991" lat="38.1053726" lon="29.1481106"/>
  <node id="8118404992" lat="38.1053173" lon="29.1483963"/>
  <node id="8118404993" lat="38.1064518" lon="29.1467307"/>
  <node id="8118404994" lat="38.1038808" lon="29.1500139"/>
  <node id="8118404996" lat="38.1018886" lon="29.1499839"/>
  <node id="8118404997" lat="38.1015831" lon="29.1503382"/>
  <node id="8118404998" lat="38.1013529" lon="29.1506449"/>
  <node id="8118404999" lat="38.1006183" lon="29.1496027"/>
  <node id="8118405000" lat="38.0995446" lon="29.1531560"/>
  <node id="8118405007" lat="38.0965342" lon="29.1552744"/>
  <node id="8118405008" lat="38.0966192" lon="29.1552158"/>
  <node id="8118416117" lat="38.1080765" lon="29.1483374"/>
  <node id="8118416118" lat="38.1101458" lon="29.1470693"/>
  <node id="8118416119" lat="38.1111987" lon="29.1469066"/>
  <node id="8118416120" lat="38.1133224" lon="29.1478763"/>
  <node id="8118416121" lat="38.1134670" lon="29.1480591"/>
  <node id="8118416122" lat="38.1134069" lon="29.1477422"/>
  <node id="8118416123" lat="38.1148234" lon="29.1439533"/>
  <node id="8118440000" lat="38.1045898" lon="29.1502286"/>
  <node id="8118440004" lat="38.0976798" lon="29.1516222"/>
  <node id="8118440005" lat="38.0970879" lon="29.1514230"/>
  <node id="8118440006" lat="38.0964225" lon="29.1512055"/>
  <node id="8118440007" lat="38.0959393" lon="29.1510693"/>
  <node id="8118440008" lat="38.0956530" lon="29.1510328"/>
  <node id="8118440009" lat="38.0954130" lon="29.1509555"/>
  <node id="8118440010" lat="38.0948483" lon="29.1506221"/>
  <node id="8118440011" lat="38.0945540" lon="29.1505002"/>
  <node id="8118440012" lat="38.0941300" lon="29.1504148"/>
  <node id="8118440013" lat="38.0938837" lon="29.1503071"/>
  <node id="8118440014" lat="38.0932822" lon="29.1500387"/>
  <node id="8118440015" lat="38.0930166" lon="29.1498558"/>
  <node id="8118440016" lat="38.0926230" lon="29.1495001"/>
  <node id="8118442695" lat="38.0790944" lon="29.1313067"/>
  <node id="8118442696" lat="38.0789774" lon="29.1307086"/>
  <node id="8118442697" lat="38.0790136" lon="29.1300503"/>
  <node id="8118442698" lat="38.0790554" lon="29.1293106"/>
  <node id="8118442699" lat="38.0790470" lon="29.1284117"/>
  <node id="8118442700" lat="38.0790220" lon="29.1275623"/>
  <node id="8118442701" lat="38.0789635" lon="29.1266492"/>
  <node id="8118442702" lat="38.0789105" lon="29.1256723"/>
  <node id="8118442703" lat="38.0789189" lon="29.1252299"/>
  <node id="8118442704" lat="38.0790164" lon="29.1245398"/>
  <node id="8118442705" lat="38.0790025" lon="29.1241717"/>
  <node id="8118442706" lat="38.0789718" lon="29.1235701"/>
  <node id="8118442707" lat="38.0788743" lon="29.1229436"/>
  <node id="8118442708" lat="38.0787434" lon="29.1223101"/>
  <node id="8118442709" lat="38.0786097" lon="29.1216872"/>
  <node id="8118442710" lat="38.0784759" lon="29.1208980"/>
  <node id="8118442711" lat="38.0784007" lon="29.1204166"/>
  <node id="8118442712" lat="38.0782391" lon="29.1198114"/>
  <node id="8118442713" lat="38.0780720" lon="29.1192098"/>
  <node id="8118442714" lat="38.0779968" lon="29.1186930"/>
  <node id="8118442715" lat="38.0779299" lon="29.1181515"/>
  <node id="8118442716" lat="38.0779104" lon="29.1175534"/>
  <node id="8118443917" lat="38.0923859" lon="29.1493496"/>
  <node id="8118443918" lat="38.0921511" lon="29.1492257"/>
  <node id="8118443919" lat="38.0914568" lon="29.1488435"/>
  <node id="8118443920" lat="38.0911816" lon="29.1486402"/>
  <node id="8118443921" lat="38.0909569" lon="29.1484613"/>
  <node id="8118443922" lat="38.0905129" lon="29.1481686"/>
  <node id="8118443923" lat="38.0902681" lon="29.1479898"/>
  <node id="8118443924" lat="38.0895594" lon="29.1474551"/>
  <node id="8118443925" lat="38.0892074" lon="29.1471238"/>
  <node id="8118443926" lat="38.0888794" lon="29.1467986"/>
  <node id="8118443927" lat="38.0887323" lon="29.1468900"/>
  <node id="8118443928" lat="38.0885019" lon="29.1468474"/>
  <node id="8118443929" lat="38.0882907" lon="29.1469592"/>
  <node id="8118443930" lat="38.0879963" lon="29.1470791"/>
  <node id="8118443931" lat="38.0877723" lon="29.1470547"/>
  <node id="8118443932" lat="38.0873995" lon="29.1469551"/>
  <node id="8118443933" lat="38.0871692" lon="29.1468433"/>
  <node id="8118443934" lat="38.0869260" lon="29.1468169"/>
  <node id="8118443935" lat="38.0865948" lon="29.1469083"/>
  <node id="8118459017" lat="38.0779856" lon="29.1167536"/>
  <node id="8118459018" lat="38.0780998" lon="29.1160953"/>
  <node id="8118459019" lat="38.0780775" lon="29.1155679"/>
  <node id="8118459020" lat="38.0781388" lon="29.1150548"/>
  <node id="8118459021" lat="38.0785456" lon="29.1136037"/>
  <node id="8118459022" lat="38.0788019" lon="29.1127401"/>
  <node id="8118459023" lat="38.0790470" lon="29.1109351"/>
  <node id="8118459024" lat="38.0790861" lon="29.1100609"/>
  <node id="8118459025" lat="38.0792031" lon="29.1093248"/>
  <node id="8118459026" lat="38.0792755" lon="29.1089213"/>
  <node id="8118459027" lat="38.0792365" lon="29.1083090"/>
  <node id="8118459028" lat="38.0791891" lon="29.1079622"/>
  <node id="8118459029" lat="38.0793061" lon="29.1076472"/>
  <node id="8118459030" lat="38.0794176" lon="29.1074455"/>
  <node id="8118459031" lat="38.0795903" lon="29.1071057"/>
  <node id="8118459032" lat="38.0796126" lon="29.1066279"/>
  <node id="8118459033" lat="38.0796934" lon="29.1059378"/>
  <node id="8118459034" lat="38.0797742" lon="29.1055308"/>
  <node id="8118459035" lat="38.0799330" lon="29.1049043"/>
  <node id="8118459036" lat="38.0799051" lon="29.1046000"/>
  <node id="8118459037" lat="38.0798550" lon="29.1045150"/>
  <node id="8118459038" lat="38.0798243" lon="29.1043204"/>
  <node id="8118459039" lat="38.0797575" lon="29.1042248"/>
  <node id="8118459040" lat="38.0796349" lon="29.1039417"/>
  <node id="8118459041" lat="38.0794315" lon="29.1036692"/>
  <node id="8118459042" lat="38.0794343" lon="29.1033506"/>
  <node id="8118459043" lat="38.0793897" lon="29.1030073"/>
  <node id="8118459044" lat="38.0793312" lon="29.1023313"/>
  <node id="8118459045" lat="38.0792978" lon="29.1017898"/>
  <node id="8118459046" lat="38.0792560" lon="29.1015067"/>
  <node id="8118459047" lat="38.0791557" lon="29.1012908"/>
  <node id="8118459048" lat="38.0791334" lon="29.1011457"/>
  <node id="8118459049" lat="38.0793229" lon="29.1007670"/>
  <node id="8118459050" lat="38.0795012" lon="29.1002184"/>
  <node id="8118459051" lat="38.0796404" lon="29.0997619"/>
  <node id="8118459052" lat="38.0796460" lon="29.0992558"/>
  <node id="8118459053" lat="38.0795513" lon="29.0989231"/>
  <node id="8118459054" lat="38.0795847" lon="29.0987072"/>
  <node id="8118459055" lat="38.0797129" lon="29.0984170"/>
  <node id="8118459056" lat="38.0798410" lon="29.0981516"/>
  <node id="8118459057" lat="38.0798605" lon="29.0976030"/>
  <node id="8118459058" lat="38.0798800" lon="29.0972703"/>
  <node id="8118459059" lat="38.0800221" lon="29.0967748"/>
  <node id="8118459060" lat="38.0801140" lon="29.0958971"/>
  <node id="8729199681" lat="38.2149411" lon="29.1112203"/>
  <node id="8729199682" lat="38.2149715" lon="29.1113190"/>
  <node id="8729199683" lat="38.2151030" lon="29.1115980"/>
  <node id="8729199684" lat="38.2152648" lon="29.1119499"/>
  <node id="8729199685" lat="38.2155212" lon="29.1125118"/>
  <node id="8729199686" lat="38.2155757" lon="29.1125275"/>
  <node id="8729199687" lat="38.2156920" lon="29.1124373"/>
  <node id="8729199688" lat="38.2157999" lon="29.1123579"/>
  <node id="8729199689" lat="38.2159297" lon="29.1122335"/>
  <node id="8729199690" lat="38.2160157" lon="29.1121455"/>
  <node id="8729199691" lat="38.2161356" lon="29.1120381"/>
  <node id="8729199692" lat="38.2154035" lon="29.1122539"/>
  <node id="8729199693" lat="38.2154696" lon="29.1121910"/>
  <node id="8729199694" lat="38.2155379" lon="29.1121309"/>
  <node id="8729199695" lat="38.2156264" lon="29.1120397"/>
  <node id="8729199696" lat="38.2156778" lon="29.1118595"/>
  <node id="8729199697" lat="38.2156871" lon="29.1116642"/>
  <node id="8729199698" lat="38.2157090" lon="29.1119646"/>
  <node id="8729199699" lat="38.2158582" lon="29.1118380"/>
  <node id="8729199700" lat="38.2158810" lon="29.1118412"/>
  <node id="8729199701" lat="38.2159021" lon="29.1118198"/>
  <node id="8729199702" lat="38.2159071" lon="29.1117865"/>
  <node id="8729199703" lat="38.2159956" lon="29.1116889"/>
  <node id="8729199704" lat="38.2160403" lon="29.1116309"/>
  <node id="8729199705" lat="38.2160605" lon="29.1115290"/>
  <node id="8729199706" lat="38.2161010" lon="29.1114646"/>
  <node id="8729199707" lat="38.2161575" lon="29.1113960"/>
  <node id="8729199708" lat="38.2162623" lon="29.1112368"/>
  <node id="8729199709" lat="38.2160466" lon="29.1115990"/>
  <node id="8729199710" lat="38.2161364" lon="29.1115835"/>
  <node id="8729199711" lat="38.2163265" lon="29.1115736"/>
  <node id="8729199712" lat="38.2151817" lon="29.1117692"/>
  <node id="8729199713" lat="38.2150300" lon="29.1119343"/>
  <node id="8729199714" lat="38.2148868" lon="29.1120931"/>
  <node id="8729199715" lat="38.2147918" lon="29.1123367"/>
  <node id="8729199716" lat="38.2147508" lon="29.1126139"/>
  <node id="8729242717" lat="38.2152812" lon="29.1119858"/>
  <node id="8729242718" lat="38.2151760" lon="29.1121039"/>
  <node id="8729242719" lat="38.2151224" lon="29.1121581"/>
  <node id="8729242720" lat="38.2151300" lon="29.1121720"/>
  <node id="8729242721" lat="38.2150946" lon="29.1122106"/>
  <node id="8729242722" lat="38.2150170" lon="29.1123040"/>
  <node id="8729242723" lat="38.2149587" lon="29.1123858"/>
  <node id="8729242724" lat="38.2149046" lon="29.1124611"/>
  <node id="8729242725" lat="38.2148735" lon="29.1125912"/>
  <node id="8729242726" lat="38.2148511" lon="29.1127129"/>
  <node id="8729242727" lat="38.2150029" lon="29.1113858"/>
  <node id="8729242728" lat="38.2150906" lon="29.1112961"/>
  <node id="8729242729" lat="38.2151959" lon="29.1112004"/>
  <node id="8729242730" lat="38.2152831" lon="29.1110958"/>
  <node id="8729242731" lat="38.2153402" lon="29.1110562"/>
  <node id="8729242732" lat="38.2154084" lon="29.1110026"/>
  <node id="8729242733" lat="38.2154886" lon="29.1108967"/>
  <node id="8729242734" lat="38.2155367" lon="29.1108125"/>
  <node id="8729242735" lat="38.2156059" lon="29.1106364"/>
  <node id="8729242736" lat="38.2156259" lon="29.1105599"/>
  <node id="8729242738" lat="38.2153675" lon="29.1104522"/>
  <node id="8729242739" lat="38.2154724" lon="29.1105068"/>
  <node id="8729242740" lat="38.2157752" lon="29.1104006"/>
  <node id="8729242741" lat="38.2159242" lon="29.1102200"/>
  <node id="8729242742" lat="38.2160566" lon="29.1100456"/>
  <node id="8729242743" lat="38.2161296" lon="29.1099653"/>
  <node id="8729242744" lat="38.2162373" lon="29.1098606"/>
  <node id="8729242745" lat="38.2162051" lon="29.1097205"/>
  <node id="8729242746" lat="38.2161619" lon="29.1096644"/>
  <node id="8729242747" lat="38.2160988" lon="29.1095381"/>
  <node id="8729242748" lat="38.2159888" lon="29.1093073"/>
  <node id="8729242749" lat="38.2159028" lon="29.1091185"/>
  <node id="8729242750" lat="38.2158067" lon="29.1089382"/>
  <node id="8729242751" lat="38.2156870" lon="29.1087558"/>
  <node id="8729242752" lat="38.2155358" lon="29.1084504"/>
  <node id="8729242755" lat="38.2154237" lon="29.1092897"/>
  <node id="8729242756" lat="38.2154778" lon="29.1094096"/>
  <node id="8729242757" lat="38.2155859" lon="29.1096358"/>
  <node id="8729242758" lat="38.2151450" lon="29.1116895"/>
  <node id="8729242759" lat="38.2152589" lon="29.1115950"/>
  <node id="8729242760" lat="38.2153057" lon="29.1115354"/>
  <node id="8729242761" lat="38.2153681" lon="29.1114849"/>
  <node id="8729242762" lat="38.2154361" lon="29.1114867"/>
  <node id="8729242763" lat="38.2155401" lon="29.1113246"/>
  <node id="8729242764" lat="38.2156331" lon="29.1112244"/>
  <node id="8729242765" lat="38.2157070" lon="29.1111941"/>
  <node id="8729242766" lat="38.2158000" lon="29.1113125"/>
  <node id="8729242767" lat="38.2158977" lon="29.1113216"/>
  <node id="8729242768" lat="38.2156788" lon="29.1096195"/>
  <node id="8729242769" lat="38.2157671" lon="29.1096437"/>
  <node id="8729242770" lat="38.2158402" lon="29.1097241"/>
  <node id="8729242771" lat="38.2158793" lon="29.1098631"/>
  <node id="8729242772" lat="38.2159024" lon="29.1099486"/>
  <node id="8729242773" lat="38.2160000" lon="29.1101201"/>
  <node id="8729242774" lat="38.2163865" lon="29.1110651"/>
  <node id="8729242775" lat="38.2164914" lon="29.1108861"/>
  <node id="8729242842" lat="38.2147407" lon="29.1130647"/>
  <node id="8729242843" lat="38.2147373" lon="29.1132686"/>
  <node id="8729242844" lat="38.2146918" lon="29.1133845"/>
  <node id="8729242845" lat="38.2146108" lon="29.1135261"/>
  <node id="8729242846" lat="38.2148250" lon="29.1128845"/>
  <node id="8729242847" lat="38.2148806" lon="29.1131420"/>
  <node id="8729242848" lat="38.2156140" lon="29.1127601"/>
  <node id="8729242849" lat="38.2156713" lon="29.1128566"/>
  <node id="8729242850" lat="38.2158028" lon="29.1130562"/>
  <node id="8729242851" lat="38.2159275" lon="29.1132493"/>
  <node id="8729242852" lat="38.2160894" lon="29.1134746"/>
  <node id="8729242853" lat="38.2161939" lon="29.1136055"/>
  <node id="8729242854" lat="38.2164047" lon="29.1139166"/>
  <node id="8729242855" lat="38.2159411" lon="29.1132682"/>
  <node id="8729242856" lat="38.2160552" lon="29.1131242"/>
  <node id="8729242857" lat="38.2161538" lon="29.1129912"/>
  <node id="8729242858" lat="38.2162715" lon="29.1128449"/>
  <node id="8729242859" lat="38.2164349" lon="29.1126471"/>
  <node id="8729242860" lat="38.2162936" lon="29.1115753"/>
  <node id="8729242861" lat="38.2167436" lon="29.1081639"/>
  <node id="8729242862" lat="38.2168198" lon="29.1083644"/>
  <node id="8729242863" lat="38.2169321" lon="29.1084589"/>
  <node id="8729242864" lat="38.2170444" lon="29.1086451"/>
  <node id="8729242865" lat="38.2171166" lon="29.1088008"/>
  <node id="8729242866" lat="38.2171526" lon="29.1088518"/>
  <node id="8729242867" lat="38.2169589" lon="29.1080859"/>
  <node id="8729242868" lat="38.2171767" lon="29.1085380"/>
  <node id="8729242869" lat="38.2173050" lon="29.1087166"/>
  <node id="8729242870" lat="38.2173331" lon="29.1087523"/>
  <node id="8729242871" lat="38.2175309" lon="29.1077819"/>
  <node id="8729242872" lat="38.2174935" lon="29.1076015"/>
  <node id="8729242873" lat="38.2174193" lon="29.1074892"/>
  <node id="8729242874" lat="38.2172950" lon="29.1073208"/>
  <node id="8729242875" lat="38.2171847" lon="29.1073616"/>
  <node id="8729242876" lat="38.2171406" lon="29.1073769"/>
  <node id="8729242877" lat="38.2170664" lon="29.1072340"/>
  <node id="8729242878" lat="38.2170504" lon="29.1071268"/>
  <node id="8729242879" lat="38.2144774" lon="29.1100469"/>
  <node id="8729242880" lat="38.2146301" lon="29.1099727"/>
  <node id="8729242881" lat="38.2146983" lon="29.1097124"/>
  <node id="8729242882" lat="38.2147905" lon="29.1095236"/>
  <node id="8729242883" lat="38.2150071" lon="29.1092684"/>
  <node id="8729242884" lat="38.2151815" lon="29.1090668"/>
  <node id="8729242885" lat="38.2153556" lon="29.1090064"/>
  <node id="8729242886" lat="38.2152557" lon="29.1090008"/>
  <node id="8729242887" lat="38.2152000" lon="29.1088348"/>
  <node id="8729242888" lat="38.2152320" lon="29.1086332"/>
  <node id="8729242889" lat="38.2152000" lon="29.1084036"/>
  <node id="8729242890" lat="38.2151198" lon="29.1082530"/>
  <node id="8729242891" lat="38.2150235" lon="29.1081918"/>
  <node id="8729242892" lat="38.2148551" lon="29.1081509"/>
  <node id="8729242893" lat="38.2147448" lon="29.1082249"/>
  <node id="8729242894" lat="38.2146987" lon="29.1082147"/>
  <node id="8729242895" lat="38.2145291" lon="29.1088342"/>
  <node id="8729242896" lat="38.2145529" lon="29.1087826"/>
  <node id="8729242897" lat="38.2145553" lon="29.1087189"/>
  <node id="8729242898" lat="38.2145458" lon="29.1085884"/>
  <node id="8729242899" lat="38.2145219" lon="29.1085156"/>
  <node id="8729242900" lat="38.2145219" lon="29.1084701"/>
  <node id="8729242901" lat="38.2145015" lon="29.1093056"/>
  <node id="8729242902" lat="38.2143812" lon="29.1094108"/>
  <node id="8729242903" lat="38.2143145" lon="29.1094958"/>
  <node id="8729242904" lat="38.2142406" lon="29.1095656"/>
  <node id="8729242905" lat="38.2140713" lon="29.1096081"/>
  <node id="8729242906" lat="38.2139090" lon="29.1096461"/>
  <node id="8729242907" lat="38.2145408" lon="29.1102104"/>
  <node id="8729242908" lat="38.2139219" lon="29.1102367"/>
  <node id="8729242909" lat="38.2139566" lon="29.1102353"/>
  <node id="8729242910" lat="38.2138448" lon="29.1105548"/>
  <node id="8729242911" lat="38.2137589" lon="29.1108735"/>
  <node id="8729242912" lat="38.2136636" lon="29.1108826"/>
  <node id="8729242913" lat="38.2148925" lon="29.1096790"/>
  <node id="8729242914" lat="38.2148734" lon="29.1100614"/>
  <node id="8729242915" lat="38.2148973" lon="29.1102101"/>
  <node id="8729242916" lat="38.2147542" lon="29.1102131"/>
  <node id="8780701032" lat="38.2167803" lon="29.1144967"/>
  <node id="8780701033" lat="38.2168303" lon="29.1152399"/>
  <node id="8780701034" lat="38.2167525" lon="29.1158628"/>
  <node id="8780701035" lat="38.2169082" lon="29.1169033"/>
  <node id="8780701036" lat="38.2169693" lon="29.1177032"/>
  <node id="8780701037" lat="38.2171251" lon="29.1181420"/>
  <node id="8780701038" lat="38.2174198" lon="29.1185526"/>
  <node id="8780701039" lat="38.2174142" lon="29.1189207"/>
  <node id="8780701040" lat="38.2173197" lon="29.1191896"/>
  <node id="8780701041" lat="38.2171584" lon="29.1202160"/>
  <node id="8780701042" lat="38.2167024" lon="29.1218016"/>
  <node id="8780701043" lat="38.2165801" lon="29.1226439"/>
  <node id="8780701044" lat="38.2165801" lon="29.1238968"/>
  <node id="8780701045" lat="38.2164633" lon="29.1250152"/>
  <node id="8780701046" lat="38.2161073" lon="29.1265936"/>
  <node id="8780701047" lat="38.2159739" lon="29.1272944"/>
  <node id="8780701048" lat="38.2147632" lon="29.1107664"/>
  <node id="8780701049" lat="38.2145366" lon="29.1109441"/>
  <node id="8780701050" lat="38.2143891" lon="29.1111130"/>
  <node id="8780701051" lat="38.2142984" lon="29.1114081"/>
  <node id="8780701052" lat="38.2142036" lon="29.1117165"/>
  <node id="8780701053" lat="38.2141193" lon="29.1120116"/>
  <node id="8780701054" lat="38.2139676" lon="29.1122369"/>
  <node id="8780701055" lat="38.2137547" lon="29.1127867"/>
  <node id="8780701056" lat="38.2138769" lon="29.1131622"/>
  <node id="8780701057" lat="38.2142900" lon="29.1141359"/>
  <node id="8780701058" lat="38.2144649" lon="29.1150881"/>
  <node id="8780701059" lat="38.2145113" lon="29.1157264"/>
  <node id="8780701060" lat="38.2146651" lon="29.1159276"/>
  <node id="8780701061" lat="38.2149433" lon="29.1160161"/>
  <node id="8780738537" lat="38.1588518" lon="29.0168945"/>
  <node id="8780738538" lat="38.1599891" lon="29.0162389"/>
  <node id="8780738539" lat="38.1602338" lon="29.0159948"/>
  <node id="8780738540" lat="38.1604573" lon="29.0158580"/>
  <node id="8780738542" lat="38.1588761" lon="29.0143029"/>
  <node id="8780738543" lat="38.1593761" lon="29.0139312"/>
  <node id="8780738544" lat="38.1597914" lon="29.0136084"/>
  <node id="8780738545" lat="38.1602529" lon="29.0134029"/>
  <node id="8780738546" lat="38.1607451" lon="29.0124248"/>
  <node id="8780738547" lat="38.1613758" lon="29.0120629"/>
  <node id="8780738548" lat="38.1621295" lon="29.0118672"/>
  <node id="8780738549" lat="38.1627909" lon="29.0117009"/>
  <node id="8780738550" lat="38.1633293" lon="29.0113488"/>
  <node id="8780738551" lat="38.1634370" lon="29.0112021"/>
  <node id="8780738552" lat="38.1637984" lon="29.0110945"/>
  <node id="8780738553" lat="38.1641061" lon="29.0107717"/>
  <node id="8780738554" lat="38.1643599" lon="29.0104391"/>
  <node id="8780738555" lat="38.1646291" lon="29.0102924"/>
  <node id="8780738556" lat="38.1651751" lon="29.0103804"/>
  <node id="8780738557" lat="38.1653751" lon="29.0102337"/>
  <node id="8780738558" lat="38.1654822" lon="29.0100057"/>
  <node id="8780738559" lat="38.1654600" lon="29.0096872"/>
  <node id="8780738560" lat="38.1655323" lon="29.0093474"/>
  <node id="8780738561" lat="38.1656659" lon="29.0091280"/>
  <node id="8780738562" lat="38.1658328" lon="29.0088520"/>
  <node id="8780738563" lat="38.1657344" lon="29.0084729"/>
  <node id="8780738564" lat="38.1656190" lon="29.0079154"/>
  <node id="8780738565" lat="38.1653575" lon="29.0077100"/>
  <node id="8780738566" lat="38.1651345" lon="29.0072404"/>
  <node id="8780738567" lat="38.1652376" lon="28.9957004"/>
  <node id="8780738568" lat="38.1652618" lon="28.9957874"/>
  <node id="8780738569" lat="38.1648389" lon="28.9965558"/>
  <node id="8780738570" lat="38.1645489" lon="28.9971602"/>
  <node id="8780738571" lat="38.1645892" lon="28.9978670"/>
  <node id="8780738572" lat="38.1646536" lon="28.9983434"/>
  <node id="8780738573" lat="38.1648590" lon="28.9987583"/>
  <node id="8780738574" lat="38.1652779" lon="28.9990298"/>
  <node id="8780738575" lat="38.1656121" lon="28.9992347"/>
  <node id="8780738576" lat="38.1656081" lon="28.9998903"/>
  <node id="8780738577" lat="38.1657249" lon="29.0001259"/>
  <node id="8780738578" lat="38.1657088" lon="29.0002898"/>
  <node id="8780738579" lat="38.1809537" lon="28.9994379"/>
  <node id="8780738580" lat="38.1810521" lon="28.9991284"/>
  <node id="8780738581" lat="38.1810463" lon="28.9988801"/>
  <node id="8780738582" lat="38.1812356" lon="28.9986873"/>
  <node id="8780738583" lat="38.1813609" lon="28.9992767"/>
  <node id="8780738584" lat="38.1813813" lon="28.9991766"/>
  <node id="8780738585" lat="38.1840463" lon="28.9991279"/>
  <node id="8780738586" lat="38.1842782" lon="28.9990850"/>
  <node id="8780738587" lat="38.1844595" lon="28.9988623"/>
  <node id="8780738588" lat="38.1846640" lon="28.9984976"/>
  <node id="8780738589" lat="38.1847758" lon="28.9983903"/>
  <node id="8780738590" lat="38.1848327" lon="28.9981677"/>
  <node id="8780738591" lat="38.1848158" lon="28.9977653"/>
  <node id="8780738592" lat="38.1843478" lon="28.9973549"/>
  <node id="8780738593" lat="38.1842727" lon="28.9972100"/>
  <node id="8780738594" lat="38.1847080" lon="28.9968612"/>
  <node id="8780738595" lat="38.1850013" lon="28.9971797"/>
  <node id="8780738596" lat="38.1850217" lon="28.9973650"/>
  <node id="8780738597" lat="38.1850917" lon="28.9974873"/>
  <node id="8780738598" lat="38.1852606" lon="28.9975614"/>
  <node id="8780738599" lat="38.1853714" lon="28.9977060"/>
  <node id="8780738600" lat="38.1534341" lon="29.0555599"/>
  <node id="8780738601" lat="38.1537255" lon="29.0558773"/>
  <node id="8780738602" lat="38.1539878" lon="29.0561367"/>
  <node id="8780738603" lat="38.1544396" lon="29.0559477"/>
  <node id="8780738604" lat="38.1547544" lon="29.0556326"/>
  <node id="8780738605" lat="38.1548318" lon="29.0555603"/>
  <node id="8780738606" lat="38.1544779" lon="29.0559093"/>
  <node id="8780738607" lat="38.1557978" lon="29.0588129"/>
  <node id="8780738608" lat="38.1561804" lon="29.0585039"/>
  <node id="8780738609" lat="38.1554302" lon="29.0568450"/>
  <node id="8780738610" lat="38.1550649" lon="29.0572005"/>
  <node id="8780738611" lat="38.1562864" lon="29.0586056"/>
  <node id="8780738612" lat="38.1564675" lon="29.0584766"/>
  <node id="8780738613" lat="38.1564771" lon="29.0584171"/>
  <node id="8780738614" lat="38.1564724" lon="29.0583566"/>
  <node id="8780738615" lat="38.1562833" lon="29.0582084"/>
  <node id="8780738616" lat="38.1562336" lon="29.0582342"/>
  <node id="8780752215" lat="38.1627383" lon="29.0727840"/>
  <node id="8780752216" lat="38.1623649" lon="29.0740319"/>
  <node id="8780767317" lat="38.1561674" lon="29.0584747"/>
  <node id="8780767318" lat="38.1563314" lon="29.0586088"/>
  <node id="8780767319" lat="38.1564539" lon="29.0583007"/>
  <node id="8780767320" lat="38.1564231" lon="29.0582542"/>
  <node id="8780767321" lat="38.1563829" lon="29.0582213"/>
  <node id="8780767322" lat="38.1561934" lon="29.0582794"/>
  <node id="8780767323" lat="38.1561673" lon="29.0583391"/>
  <node id="8780767324" lat="38.1561942" lon="29.0585351"/>
  <node id="8780767325" lat="38.1562355" lon="29.0585805"/>
  <node id="8780767326" lat="38.1563753" lon="29.0585959"/>
  <node id="8780767327" lat="38.1564146" lon="29.0585679"/>
  <node id="8780767328" lat="38.1564462" lon="29.0585270"/>
  <node id="8780767329" lat="38.1565920" lon="29.0582208"/>
  <node id="8780767330" lat="38.1568339" lon="29.0579169"/>
  <node id="8780767331" lat="38.1570117" lon="29.0577427"/>
  <node id="8780767332" lat="38.1571983" lon="29.0576760"/>
  <node id="8780767333" lat="38.1573294" lon="29.0577872"/>
  <node id="8780767334" lat="38.1579182" lon="29.0590956"/>
  <node id="8780767335" lat="38.1581193" lon="29.0593588"/>
  <node id="8780767336" lat="38.1582970" lon="29.0597146"/>
  <node id="8780767337" lat="38.1582970" lon="29.0599110"/>
  <node id="8780767338" lat="38.1581950" lon="29.0602039"/>
  <node id="8780767339" lat="38.1578657" lon="29.0606005"/>
  <node id="8780767340" lat="38.1576522" lon="29.0608393"/>
  <node id="8780767341" lat="38.1571084" lon="29.0597547"/>
  <node id="8780767342" lat="38.1575519" lon="29.0593937"/>
  <node id="8780767343" lat="38.1581066" lon="29.0603104"/>
  <node id="8780767344" lat="38.1568718" lon="29.0571237"/>
  <node id="8780767345" lat="38.1564259" lon="29.0559413"/>
  <node id="8780767346" lat="38.1563734" lon="29.0553260"/>
  <node id="8780767347" lat="38.1560878" lon="29.0551592"/>
  <node id="8780767348" lat="38.1560149" lon="29.0562267"/>
  <node id="8780767349" lat="38.1557724" lon="29.0571624"/>
  <node id="8780767350" lat="38.1566037" lon="29.0582062"/>
  <node id="8780767351" lat="38.1569744" lon="29.0598895"/>
  <node id="8780767352" lat="38.1566562" lon="29.0601700"/>
  <node id="8780767353" lat="38.1579436" lon="29.0628388"/>
  <node id="8780767354" lat="38.1529811" lon="29.0684280"/>
  <node id="8780767355" lat="38.1528928" lon="29.0688137"/>
  <node id="8780767356" lat="38.1532141" lon="29.0684898"/>
  <node id="8780767357" lat="38.1533014" lon="29.0685699"/>
  <node id="8780767359" lat="38.1526277" lon="29.0682086"/>
  <node id="8780767360" lat="38.1523522" lon="29.0681404"/>
  <node id="8780767361" lat="38.1528106" lon="29.0673025"/>
  <node id="8780767362" lat="38.1507366" lon="29.0666432"/>
  <node id="8780767363" lat="38.1508662" lon="29.0661798"/>
  <node id="8780767364" lat="38.1505338" lon="29.0659551"/>
  <node id="8780767365" lat="38.1502102" lon="29.0660282"/>
  <node id="8780767366" lat="38.1497319" lon="29.0660633"/>
  <node id="8780767367" lat="38.1491244" lon="29.0662009"/>
  <node id="8780767368" lat="38.1489057" lon="29.0662079"/>
  <node id="8780767369" lat="38.1488262" lon="29.0661700"/>
  <node id="8780767370" lat="38.1487047" lon="29.0661166"/>
  <node id="8780767371" lat="38.1485357" lon="29.0662051"/>
  <node id="8780767372" lat="38.1484286" lon="29.0663652"/>
  <node id="8780767373" lat="38.1483082" lon="29.0664481"/>
  <node id="8780767374" lat="38.1480132" lon="29.0664327"/>
  <node id="8780767375" lat="38.1477736" lon="29.0664945"/>
  <node id="8780767376" lat="38.1475648" lon="29.0665436"/>
  <node id="8780767377" lat="38.1473538" lon="29.0665450"/>
  <node id="8780767378" lat="38.1472246" lon="29.0665787"/>
  <node id="8780767379" lat="38.1468402" lon="29.0668877"/>
  <node id="8780767380" lat="38.1467585" lon="29.0669860"/>
  <node id="8780767381" lat="38.1467165" lon="29.0671391"/>
  <node id="8780767382" lat="38.1466988" lon="29.0673400"/>
  <node id="8780767383" lat="38.1466591" lon="29.0675450"/>
  <node id="8780767384" lat="38.1465309" lon="29.0677768"/>
  <node id="8780767385" lat="38.1462890" lon="29.0680324"/>
  <node id="8780767386" lat="38.1459742" lon="29.0682333"/>
  <node id="8780767387" lat="38.1456859" lon="29.0682445"/>
  <node id="8780767388" lat="38.1453500" lon="29.0681683"/>
  <node id="8780767389" lat="38.1448891" lon="29.0679800"/>
  <node id="8780767390" lat="38.1446647" lon="29.0678907"/>
  <node id="8780767391" lat="38.1492103" lon="29.0634498"/>
  <node id="8780767392" lat="38.1490363" lon="29.0639232"/>
  <node id="8780767393" lat="38.1491334" lon="29.0641110"/>
  <node id="8780767394" lat="38.1497990" lon="29.0614721"/>
  <node id="8780767395" lat="38.1496289" lon="29.0612180"/>
  <node id="8780767396" lat="38.1493758" lon="29.0609390"/>
  <node id="8780767397" lat="38.1491606" lon="29.0607191"/>
  <node id="8780767398" lat="38.1539875" lon="29.0634226"/>
  <node id="8780767399" lat="38.1541650" lon="29.0632528"/>
  <node id="8780767400" lat="38.1541032" lon="29.0630141"/>
  <node id="8780767401" lat="38.1539342" lon="29.0628076"/>
  <node id="8780767403" lat="38.1543546" lon="29.0633805"/>
  <node id="8780767404" lat="38.1542939" lon="29.0632312"/>
  <node id="8780767405" lat="38.1542540" lon="29.0631636"/>
  <node id="8780767406" lat="38.1541533" lon="29.0632075"/>
  <node id="8780767407" lat="38.1537720" lon="29.0693999"/>
  <node id="8780767408" lat="38.1538943" lon="29.0691290"/>
  <node id="8780767409" lat="38.1542423" lon="29.0688903"/>
  <node id="8780767410" lat="38.1547232" lon="29.0685684"/>
  <node id="8780767411" lat="38.1550649" lon="29.0685363"/>
  <node id="8780767412" lat="38.1552568" lon="29.0686248"/>
  <node id="8780767413" lat="38.1554762" lon="29.0682412"/>
  <node id="8780767414" lat="38.1556112" lon="29.0680305"/>
  <node id="8780767415" lat="38.1557400" lon="29.0682417"/>
  <node id="8780767416" lat="38.1553360" lon="29.0688959"/>
  <node id="8780767417" lat="38.1538687" lon="29.0695953"/>
  <node id="8780767418" lat="38.1538980" lon="29.0694982"/>
  <node id="8780767419" lat="38.1539668" lon="29.0693644"/>
  <node id="8780767420" lat="38.1540588" lon="29.0692430"/>
  <node id="8780767421" lat="38.1541478" lon="29.0691849"/>
  <node id="8780767422" lat="38.1536360" lon="29.0691777"/>
  <node id="8780767423" lat="38.1537564" lon="29.0690513"/>
  <node id="8780767424" lat="38.1539000" lon="29.0689024"/>
  <node id="8780767425" lat="38.1539862" lon="29.0690660"/>
  <node id="8780767427" lat="38.1507157" lon="29.0732489"/>
  <node id="8780767428" lat="38.1503824" lon="29.0730457"/>
  <node id="8780767429" lat="38.1500792" lon="29.0729716"/>
  <node id="8780767430" lat="38.1496158" lon="29.0731013"/>
  <node id="8780767431" lat="38.1496566" lon="29.0727232"/>
  <node id="8780767432" lat="38.1495493" lon="29.0726618"/>
  <node id="8780767433" lat="38.1496014" lon="29.0737793"/>
  <node id="8780767434" lat="38.1491552" lon="29.0755588"/>
  <node id="8780767435" lat="38.1489453" lon="29.0759220"/>
  <node id="8780767436" lat="38.1490007" lon="29.0768524"/>
  <node id="8780767437" lat="38.1504290" lon="29.0732384"/>
  <node id="8780767438" lat="38.1501929" lon="29.0744468"/>
  <node id="8780767439" lat="38.1499597" lon="29.0754253"/>
  <node id="8780767440" lat="38.1497819" lon="29.0759517"/>
  <node id="8780767441" lat="38.1494350" lon="29.0765855"/>
  <node id="8780767442" lat="38.1484819" lon="29.0769524"/>
  <node id="8780767443" lat="38.1480942" lon="29.0768709"/>
  <node id="8780767444" lat="38.1477211" lon="29.0766744"/>
  <node id="8780767445" lat="38.1475345" lon="29.0764817"/>
  <node id="8780767446" lat="38.1474004" lon="29.0761889"/>
  <node id="8780767447" lat="38.1473800" lon="29.0758812"/>
  <node id="8780767448" lat="38.1474879" lon="29.0755588"/>
  <node id="8780767449" lat="38.1479980" lon="29.0750213"/>
  <node id="8780767450" lat="38.1484236" lon="29.0743504"/>
  <node id="8780767451" lat="38.1488579" lon="29.0734868"/>
  <node id="8780767452" lat="38.1490328" lon="29.0733200"/>
  <node id="8780767453" lat="38.1498091" lon="29.0758712"/>
  <node id="8780767454" lat="38.1496653" lon="29.0756440"/>
  <node id="8780767455" lat="38.1494963" lon="29.0749805"/>
  <node id="8780767456" lat="38.1493565" lon="29.0747559"/>
  <node id="8780767457" lat="38.1489774" lon="29.0745024"/>
  <node id="8780767458" lat="38.1487879" lon="29.0748805"/>
  <node id="8780767459" lat="38.1502774" lon="29.0723229"/>
  <node id="8780767460" lat="38.1499626" lon="29.0720079"/>
  <node id="8780767461" lat="38.1496945" lon="29.0717706"/>
  <node id="8780767462" lat="38.1495516" lon="29.0718003"/>
  <node id="8780767463" lat="38.1494584" lon="29.0719893"/>
  <node id="8780767464" lat="38.1491960" lon="29.0727714"/>
  <node id="8780767465" lat="38.1488608" lon="29.0733089"/>
  <node id="8780767466" lat="38.1484644" lon="29.0740057"/>
  <node id="8780767467" lat="38.1482399" lon="29.0744245"/>
  <node id="8780767468" lat="38.1479164" lon="29.0748916"/>
  <node id="8780767469" lat="38.1475870" lon="29.0752585"/>
  <node id="8780767470" lat="38.1472197" lon="29.0756366"/>
  <node id="8780767471" lat="38.1470157" lon="29.0761036"/>
  <node id="8780767472" lat="38.1469370" lon="29.0762482"/>
  <node id="8780767473" lat="38.1463190" lon="29.0764261"/>
  <node id="8780767474" lat="38.1461616" lon="29.0765262"/>
  <node id="8780767475" lat="38.1461004" lon="29.0767523"/>
  <node id="8780767476" lat="38.1460596" lon="29.0771897"/>
  <node id="8780767477" lat="38.1462636" lon="29.0781719"/>
  <node id="8780767478" lat="38.1463656" lon="29.0788317"/>
  <node id="8780767479" lat="38.1463603" lon="29.0792853"/>
  <node id="8780767480" lat="38.1462435" lon="29.0796746"/>
  <node id="8780767481" lat="38.1461710" lon="29.0800383"/>
  <node id="8780767482" lat="38.1460461" lon="29.0803354"/>
  <node id="8780767483" lat="38.1458407" lon="29.0809193"/>
  <node id="8780767484" lat="38.1457037" lon="29.0813137"/>
  <node id="8780767485" lat="38.1453210" lon="29.0815032"/>
  <node id="8780767486" lat="38.1447409" lon="29.0820718"/>
  <node id="8780767487" lat="38.1445798" lon="29.0824047"/>
  <node id="8780767488" lat="38.1441286" lon="29.0827838"/>
  <node id="8780767489" lat="38.1435969" lon="29.0828811"/>
  <node id="8780767490" lat="38.1424931" lon="29.0825635"/>
  <node id="8780767491" lat="38.1422272" lon="29.0825994"/>
  <node id="8780767492" lat="38.1419815" lon="29.0828965"/>
  <node id="8780767493" lat="38.1417760" lon="29.0834804"/>
  <node id="8780767494" lat="38.1414981" lon="29.0838441"/>
  <node id="8780767495" lat="38.1410509" lon="29.0837723"/>
  <node id="8780767496" lat="38.1461411" lon="29.0766017"/>
  <node id="8780767497" lat="38.1463582" lon="29.0766810"/>
  <node id="8780767498" lat="38.1465311" lon="29.0769224"/>
  <node id="8780767499" lat="38.1465852" lon="29.0763495"/>
  <node id="8780767500" lat="38.1468328" lon="29.0764986"/>
  <node id="8780767501" lat="38.1472589" lon="29.0768473"/>
  <node id="8780767502" lat="38.1502353" lon="29.0730097"/>
  <node id="8780767503" lat="38.1498567" lon="29.0736817"/>
  <node id="8780767504" lat="38.1497395" lon="29.0722838"/>
  <node id="8780767505" lat="38.1500463" lon="29.0727904"/>
  <node id="8780767506" lat="38.1501394" lon="29.0726176"/>
  <node id="8780767507" lat="38.1536588" lon="29.0658670"/>
  <node id="8780767508" lat="38.1538122" lon="29.0658802"/>
  <node id="8780767509" lat="38.1539257" lon="29.0659229"/>
  <node id="8780767510" lat="38.1525358" lon="29.0582213"/>
  <node id="8780767511" lat="38.1520667" lon="29.0582368"/>
  <node id="8780767512" lat="38.1518820" lon="29.0585900"/>
  <node id="8780767513" lat="38.1517935" lon="29.0586949"/>
  <node id="8780767514" lat="38.1518649" lon="29.0589126"/>
  <node id="8780767515" lat="38.1541372" lon="29.0564836"/>
  <node id="8780767516" lat="38.1543756" lon="29.0572883"/>
  <node id="8780767517" lat="38.1545021" lon="29.0576692"/>
  <node id="8780767518" lat="38.1550372" lon="29.0571397"/>
  <node id="8780767519" lat="38.1598584" lon="29.0699952"/>
  <node id="8780767521" lat="38.1596797" lon="29.0611987"/>
  <node id="8780767522" lat="38.1590301" lon="29.0609090"/>
  <node id="8780767523" lat="38.1581275" lon="29.0607641"/>
  <node id="8780767524" lat="38.1626279" lon="29.0583268"/>
  <node id="8780767542" lat="38.1512724" lon="29.0328048"/>
  <node id="8780767543" lat="38.1472208" lon="29.0272991"/>
  <node id="8780767544" lat="38.1467639" lon="29.0272016"/>
  <node id="8780767545" lat="38.1461671" lon="29.0271507"/>
  <node id="8780767546" lat="38.1444824" lon="29.0260783"/>
  <node id="8780767547" lat="38.1451857" lon="29.0267062"/>
  <node id="8780772917" lat="38.1617091" lon="29.0738206"/>
  <node id="8780772918" lat="38.1613390" lon="29.0732313"/>
  <node id="8780772919" lat="38.1610971" lon="29.0726827"/>
  <node id="8780772920" lat="38.1611751" lon="29.0720500"/>
  <node id="8780772921" lat="38.1618921" lon="29.0742795"/>
  <node id="8780772922" lat="38.1619329" lon="29.0748132"/>
  <node id="8780772923" lat="38.1618658" lon="29.0755138"/>
  <node id="8780772924" lat="38.1619853" lon="29.0756732"/>
  <node id="8780772925" lat="38.1620990" lon="29.0756101"/>
  <node id="8780772926" lat="38.1622360" lon="29.0752988"/>
  <node id="8780772927" lat="38.1623176" lon="29.0751839"/>
  <node id="8780772928" lat="38.1626440" lon="29.0753025"/>
  <node id="8780772929" lat="38.1635620" lon="29.0766517"/>
  <node id="8780772930" lat="38.1640921" lon="29.0706103"/>
  <node id="8780772931" lat="38.1648291" lon="29.0704157"/>
  <node id="8780772932" lat="38.1655057" lon="29.0709689"/>
  <node id="8780772933" lat="38.1659245" lon="29.0710406"/>
  <node id="10929151389" lat="38.1655939" lon="28.9920567"/>
  <node id="10929151390" lat="38.1661538" lon="28.9913054"/>
  <node id="10929151391" lat="38.1683238" lon="28.9869650"/>
  <node id="10929151392" lat="38.1621175" lon="28.9965308"/>
  <node id="10929151393" lat="38.1604272" lon="28.9988255"/>
  <node id="10929151394" lat="38.1602259" lon="28.9991302"/>
  <node id="10929151395" lat="38.1586574" lon="29.0040966"/>
  <node id="10929151396" lat="38.1633005" lon="28.9945190"/>
  <node id="10929151397" lat="38.1630953" lon="28.9944204"/>
  <node id="10929151398" lat="38.1628855" lon="28.9942870"/>
  <node id="10929151399" lat="38.1626483" lon="28.9940840"/>
  <node id="10929151400" lat="38.1624340" lon="28.9938578"/>
  <node id="10929151401" lat="38.1622835" lon="28.9937128"/>
  <node id="10929151402" lat="38.1621330" lon="28.9935794"/>
  <node id="10929151403" lat="38.1616997" lon="28.9932719"/>
  <node id="10929151404" lat="38.1615310" lon="28.9931095"/>
  <node id="10929152705" lat="38.1613622" lon="28.9929471"/>
  <node id="10929152706" lat="38.1612026" lon="28.9928311"/>
  <node id="10929152707" lat="38.1609974" lon="28.9927209"/>
  <node id="10929152708" lat="38.1606097" lon="28.9925121"/>
  <node id="10929152709" lat="38.1603452" lon="28.9923323"/>
  <node id="10929152710" lat="38.1600077" lon="28.9920886"/>
  <node id="10929152711" lat="38.1599210" lon="28.9920016"/>
  <node id="10929152712" lat="38.1598617" lon="28.9918682"/>
  <node id="10929152713" lat="38.1595014" lon="28.9916014"/>
  <node id="10929152714" lat="38.1592095" lon="28.9913578"/>
  <node id="10929152715" lat="38.1587808" lon="28.9909808"/>
  <node id="10929152716" lat="38.1580967" lon="28.9904471"/>
  <node id="10929152717" lat="38.1578002" lon="28.9901745"/>
  <node id="10929152718" lat="38.1574992" lon="28.9898555"/>
  <node id="10929152719" lat="38.1570431" lon="28.9894146"/>
  <node id="10929152720" lat="38.1568059" lon="28.9892406"/>
  <node id="10929152721" lat="38.1565322" lon="28.9890550"/>
  <node id="10929152722" lat="38.1559393" lon="28.9886838"/>
  <node id="10929152723" lat="38.1555243" lon="28.9884344"/>
  <node id="10929152724" lat="38.1554513" lon="28.9883590"/>
  <node id="10929152725" lat="38.1553144" lon="28.9881560"/>
  <node id="10929152726" lat="38.1551867" lon="28.9880109"/>
  <node id="10929152727" lat="38.1548629" lon="28.9878021"/>
  <node id="10929152728" lat="38.1544250" lon="28.9875005"/>
  <node id="10929152729" lat="38.1542745" lon="28.9874019"/>
  <node id="10929152730" lat="38.1540784" lon="28.9873439"/>
  <node id="10929152731" lat="38.1539142" lon="28.9872859"/>
  <node id="10929152732" lat="38.1535173" lon="28.9870307"/>
  <node id="10929152733" lat="38.1533121" lon="28.9868857"/>
  <node id="10929152734" lat="38.1532254" lon="28.9868451"/>
  <node id="10929152735" lat="38.1531388" lon="28.9868509"/>
  <node id="10929152736" lat="38.1530293" lon="28.9869379"/>
  <node id="10929152737" lat="38.1528514" lon="28.9871293"/>
  <node id="10929152738" lat="38.1525686" lon="28.9874657"/>
  <node id="10929152739" lat="38.1524044" lon="28.9877209"/>
  <node id="10929152740" lat="38.1522448" lon="28.9880922"/>
  <node id="10929152741" lat="38.1520760" lon="28.9885098"/>
  <node id="10929152742" lat="38.1519620" lon="28.9887186"/>
  <node id="10929152743" lat="38.1517567" lon="28.9890202"/>
  <node id="10929152744" lat="38.1517020" lon="28.9890898"/>
  <node id="10929152745" lat="38.1516427" lon="28.9891130"/>
  <node id="10929152746" lat="38.1513142" lon="28.9891594"/>
  <node id="10929152747" lat="38.1511637" lon="28.9892174"/>
  <node id="10929152748" lat="38.1509539" lon="28.9893044"/>
  <node id="10929152749" lat="38.1507623" lon="28.9894959"/>
  <node id="10929152750" lat="38.1506392" lon="28.9895945"/>
  <node id="10929152751" lat="38.1504567" lon="28.9897221"/>
  <node id="10929152752" lat="38.1503199" lon="28.9898555"/>
  <node id="10929152753" lat="38.1500735" lon="28.9901977"/>
  <node id="10929152754" lat="38.1498592" lon="28.9905341"/>
  <node id="10929152755" lat="38.1493756" lon="28.9913230"/>
  <node id="10929152756" lat="38.1491886" lon="28.9916652"/>
  <node id="10929152757" lat="38.1490518" lon="28.9918682"/>
  <node id="10929152758" lat="38.1489332" lon="28.9919900"/>
  <node id="10929152759" lat="38.1487963" lon="28.9920886"/>
  <node id="10929152760" lat="38.1487097" lon="28.9921989"/>
  <node id="10929152761" lat="38.1486504" lon="28.9923323"/>
  <node id="10929152762" lat="38.1485956" lon="28.9925411"/>
  <node id="10929152763" lat="38.1485591" lon="28.9927267"/>
  <node id="10929152764" lat="38.1485272" lon="28.9928253"/>
  <node id="10929152765" lat="38.1484542" lon="28.9929181"/>
  <node id="10929152766" lat="38.1482854" lon="28.9931791"/>
  <node id="10929152767" lat="38.1482170" lon="28.9933299"/>
  <node id="10929152768" lat="38.1481623" lon="28.9934866"/>
  <node id="10929152769" lat="38.1481258" lon="28.9936954"/>
  <node id="10929152770" lat="38.1481030" lon="28.9937534"/>
  <node id="10929152771" lat="38.1480619" lon="28.9937882"/>
  <node id="10929152772" lat="38.1479205" lon="28.9938346"/>
  <node id="10929152773" lat="38.1482021" lon="28.9943179"/>
  <node id="10929152774" lat="38.1483251" lon="28.9944863"/>
  <node id="10929152775" lat="38.1483724" lon="28.9946066"/>
  <node id="10929152776" lat="38.1485710" lon="28.9952682"/>
  <node id="10929152777" lat="38.1486420" lon="28.9954306"/>
  <node id="10929152778" lat="38.1488359" lon="28.9957193"/>
  <node id="10929152779" lat="38.1491055" lon="28.9962306"/>
  <node id="10929152780" lat="38.1492474" lon="28.9966155"/>
  <node id="10929152781" lat="38.1493515" lon="28.9970907"/>
  <node id="10929152782" lat="38.1494603" lon="28.9976681"/>
  <node id="10929152783" lat="38.1496116" lon="28.9982214"/>
  <node id="10929152784" lat="38.1498623" lon="28.9989251"/>
  <node id="10929152785" lat="38.1500184" lon="28.9995025"/>
  <node id="10929152786" lat="38.1501272" lon="28.9997491"/>
  <node id="10929152787" lat="38.1501650" lon="28.9999055"/>
  <node id="10929152788" lat="38.1501745" lon="29.0000920"/>
  <node id="10929152789" lat="38.1501650" lon="29.0004890"/>
  <node id="10929152790" lat="38.1501982" lon="29.0009461"/>
  <node id="10929152791" lat="38.1501982" lon="29.0013310"/>
  <node id="10929152792" lat="38.1501509" lon="29.0017641"/>
  <node id="10929152793" lat="38.1500657" lon="29.0022152"/>
  <node id="10929152794" lat="38.1498907" lon="29.0027625"/>
  <node id="10929152795" lat="38.1497866" lon="29.0034241"/>
  <node id="10929152796" lat="38.1497725" lon="29.0036467"/>
  <node id="10929152797" lat="38.1498056" lon="29.0037670"/>
  <node id="10929152798" lat="38.1499806" lon="29.0040075"/>
  <node id="10929152799" lat="38.1501225" lon="29.0042902"/>
  <node id="10929152800" lat="38.1501840" lon="29.0044346"/>
  <node id="10929152801" lat="38.1502691" lon="29.0045308"/>
  <node id="10929152802" lat="38.1506144" lon="29.0048737"/>
  <node id="10929152803" lat="38.1509502" lon="29.0052827"/>
  <node id="10929152804" lat="38.1511630" lon="29.0054511"/>
  <node id="10929152805" lat="38.1515272" lon="29.0056856"/>
  <node id="10929152806" lat="38.1516691" lon="29.0058119"/>
  <node id="10929152807" lat="38.1518394" lon="29.0059984"/>
  <node id="10929152808" lat="38.1519435" lon="29.0061428"/>
  <node id="10929152809" lat="38.1522840" lon="29.0069487"/>
  <node id="10929152810" lat="38.1524448" lon="29.0073938"/>
  <node id="10929152811" lat="38.1527806" lon="29.0084464"/>
  <node id="10929152812" lat="38.1530124" lon="29.0092644"/>
  <node id="10929152813" lat="38.1531023" lon="29.0097335"/>
  <node id="10929152814" lat="38.1532016" lon="29.0105575"/>
  <node id="10929152815" lat="38.1532110" lon="29.0108643"/>
  <node id="10929152816" lat="38.1532205" lon="29.0110989"/>
  <node id="10929152817" lat="38.1532489" lon="29.0111770"/>
  <node id="10929152818" lat="38.1533104" lon="29.0112191"/>
  <node id="10929152819" lat="38.1537171" lon="29.0113635"/>
  <node id="10929152820" lat="38.1538401" lon="29.0113755"/>
  <node id="10929152821" lat="38.1542137" lon="29.0113635"/>
  <node id="10929152822" lat="38.1543982" lon="29.0114176"/>
  <node id="10929152823" lat="38.1546441" lon="29.0114778"/>
  <node id="10929152824" lat="38.1548570" lon="29.0114838"/>
  <node id="10929152825" lat="38.1550083" lon="29.0114597"/>
  <node id="10929152826" lat="38.1551407" lon="29.0114056"/>
  <node id="10929152827" lat="38.1554576" lon="29.0112071"/>
  <node id="10929152828" lat="38.1556090" lon="29.0111530"/>
  <node id="10929152829" lat="38.1558076" lon="29.0111169"/>
  <node id="10929152830" lat="38.1559779" lon="29.0110507"/>
  <node id="10929152831" lat="38.1562096" lon="29.0109545"/>
  <node id="10929152832" lat="38.1563279" lon="29.0109485"/>
  <node id="10929152833" lat="38.1564981" lon="29.0109906"/>
  <node id="10929152834" lat="38.1567251" lon="29.0110207"/>
  <node id="10929152835" lat="38.1572407" lon="29.0110868"/>
  <node id="10929152836" lat="38.1575244" lon="29.0110989"/>
  <node id="10929152837" lat="38.1579170" lon="29.0110628"/>
  <node id="10929152838" lat="38.1579832" lon="29.0110808"/>
  <node id="10929152839" lat="38.1580257" lon="29.0111169"/>
  <node id="10929152840" lat="38.1581629" lon="29.0114838"/>
  <node id="10929152841" lat="38.1592552" lon="29.0194954"/>
  <node id="10929152842" lat="38.1592695" lon="29.0204619"/>
  <node id="10929152843" lat="38.1591523" lon="29.0215316"/>
  <node id="10929152844" lat="38.1581711" lon="29.0264304"/>
  <node id="10929152845" lat="38.1579359" lon="29.0273547"/>
  <node id="10929152846" lat="38.1577473" lon="29.0279251"/>
  <node id="10929152847" lat="38.1572712" lon="29.0289940"/>
  <node id="10929152848" lat="38.1569572" lon="29.0295199"/>
  <node id="10929152849" lat="38.1552590" lon="29.0321966"/>
  <node id="10929152850" lat="38.1550563" lon="29.0325995"/>
  <node id="10929152851" lat="38.1546807" lon="29.0334807"/>
  <node id="10929152852" lat="38.1544125" lon="29.0341498"/>
  <node id="10929152853" lat="38.1541656" lon="29.0349722"/>
  <node id="10929152854" lat="38.1540722" lon="29.0354609"/>
  <node id="10929152855" lat="38.1532119" lon="29.0350952"/>
  <node id="10929152856" lat="38.1537074" lon="29.0356639"/>
  <node id="10929152857" lat="38.1536999" lon="29.0351874"/>
  <node id="10929152858" lat="38.1536801" lon="29.0348853"/>
  <node id="10929152859" lat="38.1536405" lon="29.0346901"/>
  <node id="10929152860" lat="38.1536108" lon="29.0345894"/>
  <node id="10929152861" lat="38.1535959" lon="29.0344446"/>
  <node id="10929152862" lat="38.1535860" lon="29.0341676"/>
  <node id="10929152863" lat="38.1536009" lon="29.0338781"/>
  <node id="10929152864" lat="38.1535910" lon="29.0336955"/>
  <node id="10929152865" lat="38.1535167" lon="29.0333178"/>
  <node id="10929152866" lat="38.1534722" lon="29.0330346"/>
  <node id="10929152867" lat="38.1534524" lon="29.0327576"/>
  <node id="10929152868" lat="38.1534177" lon="29.0325877"/>
  <node id="10929152869" lat="38.1533088" lon="29.0323673"/>
  <node id="10929152870" lat="38.1531653" lon="29.0319141"/>
  <node id="10929152871" lat="38.1531356" lon="29.0317316"/>
  <node id="10929152872" lat="38.1531356" lon="29.0316245"/>
  <node id="10929152873" lat="38.1531554" lon="29.0315175"/>
  <node id="10929152874" lat="38.1532544" lon="29.0313350"/>
  <node id="10929152875" lat="38.1532890" lon="29.0312154"/>
  <node id="10929152876" lat="38.1532841" lon="29.0310769"/>
  <node id="10929152877" lat="38.1532197" lon="29.0308377"/>
  <node id="10929152878" lat="38.1531702" lon="29.0305481"/>
  <node id="10929152879" lat="38.1530910" lon="29.0298368"/>
  <node id="10929152880" lat="38.1530514" lon="29.0291444"/>
  <node id="10929152881" lat="38.1530910" lon="29.0289744"/>
  <node id="10929152882" lat="38.1531554" lon="29.0288234"/>
  <node id="10929152883" lat="38.1532544" lon="29.0286723"/>
  <node id="10929152884" lat="38.1532742" lon="29.0285967"/>
  <node id="10929152885" lat="38.1532742" lon="29.0284960"/>
  <node id="10929152886" lat="38.1532445" lon="29.0283701"/>
  <node id="10929152887" lat="38.1531702" lon="29.0282128"/>
  <node id="10929152888" lat="38.1530712" lon="29.0280113"/>
  <node id="10929152889" lat="38.1530217" lon="29.0278540"/>
  <node id="10929152890" lat="38.1529673" lon="29.0276022"/>
  <node id="10929152891" lat="38.1528683" lon="29.0272685"/>
  <node id="10929152892" lat="38.1527742" lon="29.0271112"/>
  <node id="10929152893" lat="38.1527000" lon="29.0268342"/>
  <node id="10929152894" lat="38.1526356" lon="29.0266642"/>
  <node id="10929152895" lat="38.1525317" lon="29.0263495"/>
  <node id="10929152896" lat="38.1523040" lon="29.0257955"/>
  <node id="10929152897" lat="38.1521802" lon="29.0255689"/>
  <node id="10929152898" lat="38.1519773" lon="29.0253046"/>
  <node id="10929152899" lat="38.1518634" lon="29.0251409"/>
  <node id="10929152900" lat="38.1517149" lon="29.0248639"/>
  <node id="10929152901" lat="38.1516209" lon="29.0246625"/>
  <node id="10929152902" lat="38.1515565" lon="29.0244107"/>
  <node id="10929152903" lat="38.1514773" lon="29.0238253"/>
  <node id="10929152904" lat="38.1514519" lon="29.0235991"/>
  <node id="10929152905" lat="38.1513949" lon="29.0233617"/>
  <node id="10929152906" lat="38.1513586" lon="29.0229991"/>
  <node id="10929152907" lat="38.1513119" lon="29.0226957"/>
  <node id="10929152908" lat="38.1513482" lon="29.0224650"/>
  <node id="10929152909" lat="38.1513430" lon="29.0223133"/>
  <node id="10929152910" lat="38.1512756" lon="29.0217331"/>
  <node id="10929152911" lat="38.1511667" lon="29.0213176"/>
  <node id="10929152912" lat="38.1497370" lon="29.0038570"/>
  <node id="10929152913" lat="38.1496862" lon="29.0039753"/>
  <node id="10929152914" lat="38.1496102" lon="29.0041902"/>
  <node id="10929152915" lat="38.1495172" lon="29.0044482"/>
  <node id="10929152916" lat="38.1494792" lon="29.0045718"/>
  <node id="10929152917" lat="38.1493946" lon="29.0050178"/>
  <node id="10929152918" lat="38.1492805" lon="29.0054102"/>
  <node id="10929152919" lat="38.1489593" lon="29.0062324"/>
  <node id="10929152920" lat="38.1487100" lon="29.0067859"/>
  <node id="10929152921" lat="38.1485240" lon="29.0071299"/>
  <node id="10929152922" lat="38.1483085" lon="29.0074900"/>
  <node id="10929152923" lat="38.1482239" lon="29.0076942"/>
  <node id="10929152924" lat="38.1481310" lon="29.0079253"/>
  <node id="10929152925" lat="38.1480633" lon="29.0082262"/>
  <node id="10929152926" lat="38.1479830" lon="29.0087153"/>
  <node id="10929152927" lat="38.1479239" lon="29.0089571"/>
  <node id="10929152928" lat="38.1478351" lon="29.0091774"/>
  <node id="10929152929" lat="38.1473787" lon="29.0101340"/>
  <node id="10929152930" lat="38.1471547" lon="29.0105532"/>
  <node id="10929152931" lat="38.1469801" lon="29.0108667"/>
  <node id="10929152932" lat="38.1467172" lon="29.0112617"/>
  <node id="10929152933" lat="38.1466044" lon="29.0114476"/>
  <node id="10929152934" lat="38.1464206" lon="29.0118938"/>
  <node id="10929152935" lat="38.1464122" lon="29.0119735"/>
  <node id="10929152936" lat="38.1464582" lon="29.0120479"/>
  <node id="10929152937" lat="38.1464916" lon="29.0121595"/>
  <node id="10929152938" lat="38.1464916" lon="29.0122604"/>
  <node id="10929152939" lat="38.1464498" lon="29.0123826"/>
  <node id="10929152940" lat="38.1463788" lon="29.0124941"/>
  <node id="10929152941" lat="38.1462994" lon="29.0125844"/>
  <node id="10929152942" lat="38.1462576" lon="29.0126535"/>
  <node id="10929152943" lat="38.1462075" lon="29.0127279"/>
  <node id="10929152944" lat="38.1461323" lon="29.0127757"/>
  <node id="10929152945" lat="38.1460863" lon="29.0128288"/>
  <node id="10929152946" lat="38.1460529" lon="29.0129085"/>
  <node id="10929152947" lat="38.1459109" lon="29.0132697"/>
  <node id="10929152948" lat="38.1458357" lon="29.0135885"/>
  <node id="10929152949" lat="38.1456351" lon="29.0143959"/>
  <node id="10929152950" lat="38.1455766" lon="29.0145766"/>
  <node id="10929152951" lat="38.1453719" lon="29.0149537"/>
  <node id="10929152952" lat="38.1451296" lon="29.0154265"/>
  <node id="10929152953" lat="38.1449750" lon="29.0157453"/>
  <node id="10929152954" lat="38.1449416" lon="29.0158143"/>
  <node id="10929152955" lat="38.1448413" lon="29.0159153"/>
  <node id="10929152956" lat="38.1446909" lon="29.0161437"/>
  <node id="10929152957" lat="38.1445948" lon="29.0162393"/>
  <node id="10929152958" lat="38.1443609" lon="29.0163987"/>
  <node id="10929152959" lat="38.1442898" lon="29.0164837"/>
  <node id="10929152960" lat="38.1440642" lon="29.0167971"/>
  <node id="10929152961" lat="38.1439640" lon="29.0169406"/>
  <node id="10929152962" lat="38.1439264" lon="29.0170468"/>
  <node id="10929152963" lat="38.1438720" lon="29.0175621"/>
  <node id="10929152964" lat="38.1438177" lon="29.0177852"/>
  <node id="10929152965" lat="38.1437258" lon="29.0179233"/>
  <node id="10929152966" lat="38.1435921" lon="29.0180721"/>
  <node id="10929152967" lat="38.1432997" lon="29.0183696"/>
  <node id="10929152968" lat="38.1431493" lon="29.0185289"/>
  <node id="10929152969" lat="38.1430615" lon="29.0186511"/>
  <node id="10929152970" lat="38.1430072" lon="29.0187733"/>
  <node id="10929152971" lat="38.1429905" lon="29.0189167"/>
  <node id="10929152972" lat="38.1429821" lon="29.0191505"/>
  <node id="10929152973" lat="38.1429571" lon="29.0194799"/>
  <node id="10929152974" lat="38.1428860" lon="29.0198942"/>
  <node id="10929152975" lat="38.1427900" lon="29.0202342"/>
  <node id="10929152976" lat="38.1425894" lon="29.0207601"/>
  <node id="10929152977" lat="38.1424891" lon="29.0209832"/>
  <node id="10929152978" lat="38.1424432" lon="29.0211585"/>
  <node id="10929152979" lat="38.1423889" lon="29.0213232"/>
  <node id="10929152980" lat="38.1422761" lon="29.0215357"/>
  <node id="10929152981" lat="38.1422426" lon="29.0216367"/>
  <node id="10929152982" lat="38.1422050" lon="29.0218492"/>
  <node id="10929152983" lat="38.1421632" lon="29.0219607"/>
  <node id="10929152984" lat="38.1421089" lon="29.0220404"/>
  <node id="10929152985" lat="38.1420087" lon="29.0221148"/>
  <node id="10929152986" lat="38.1418582" lon="29.0222316"/>
  <node id="10929152987" lat="38.1417747" lon="29.0223273"/>
  <node id="10929152988" lat="38.1416995" lon="29.0224707"/>
  <node id="10929152989" lat="38.1415950" lon="29.0226035"/>
  <node id="10929152990" lat="38.1411604" lon="29.0230394"/>
  <node id="10929152991" lat="38.1478896" lon="29.0280032"/>
  <node id="10929152992" lat="38.1477624" lon="29.0277718"/>
  <node id="10929152993" lat="38.1469586" lon="29.0272197"/>
  <node id="10929152994" lat="38.1459155" lon="29.0271030"/>
  <node id="10929152995" lat="38.1457319" lon="29.0270363"/>
  <node id="10929152996" lat="38.1479261" lon="29.0280870"/>
  <node id="10929152997" lat="38.1479466" lon="29.0278728"/>
  <node id="10929152998" lat="38.1478981" lon="29.0276217"/>
  <node id="10929152999" lat="38.1475274" lon="29.0266305"/>
  <node id="10929153000" lat="38.1473231" lon="29.0261856"/>
  <node id="10929153001" lat="38.1472572" lon="29.0260623"/>
  <node id="10929153002" lat="38.1470528" lon="29.0258552"/>
  <node id="10929153003" lat="38.1470009" lon="29.0257759"/>
  <node id="10929153004" lat="38.1469766" lon="29.0256702"/>
  <node id="10929153005" lat="38.1469628" lon="29.0255381"/>
  <node id="10929153006" lat="38.1469385" lon="29.0254191"/>
  <node id="10929153007" lat="38.1468831" lon="29.0252826"/>
  <node id="10929153008" lat="38.1468484" lon="29.0251857"/>
  <node id="10929153009" lat="38.1468346" lon="29.0250623"/>
  <node id="10929153010" lat="38.1468415" lon="29.0249742"/>
  <node id="10929153011" lat="38.1468727" lon="29.0248949"/>
  <node id="10929153012" lat="38.1469108" lon="29.0248597"/>
  <node id="10929153013" lat="38.1469974" lon="29.0248200"/>
  <node id="10929153014" lat="38.1470424" lon="29.0247760"/>
  <node id="10929153015" lat="38.1470736" lon="29.0246967"/>
  <node id="10929153016" lat="38.1471048" lon="29.0245381"/>
  <node id="10929153017" lat="38.1471464" lon="29.0244192"/>
  <node id="10929153018" lat="38.1472018" lon="29.0243179"/>
  <node id="10929153019" lat="38.1472988" lon="29.0242253"/>
  <node id="10929153020" lat="38.1474027" lon="29.0241769"/>
  <node id="10929153021" lat="38.1474997" lon="29.0241461"/>
  <node id="10929153022" lat="38.1475378" lon="29.0241064"/>
  <node id="10929153023" lat="38.1476626" lon="29.0238201"/>
  <node id="10929153024" lat="38.1478635" lon="29.0234148"/>
  <node id="10929153025" lat="38.1479466" lon="29.0231990"/>
  <node id="10929153026" lat="38.1480124" lon="29.0229831"/>
  <node id="10929153027" lat="38.1480575" lon="29.0229214"/>
  <node id="10929153028" lat="38.1482723" lon="29.0227320"/>
  <node id="10929153029" lat="38.1483866" lon="29.0225910"/>
  <node id="10929153030" lat="38.1484732" lon="29.0224325"/>
  <node id="10929153031" lat="38.1485425" lon="29.0220184"/>
  <node id="10929153032" lat="38.1486429" lon="29.0216792"/>
  <node id="10929153033" lat="38.1487088" lon="29.0213796"/>
  <node id="10929153034" lat="38.1487780" lon="29.0212255"/>
  <node id="10929153035" lat="38.1488716" lon="29.0210669"/>
  <node id="10929153036" lat="38.1489478" lon="29.0208775"/>
  <node id="10929153037" lat="38.1490379" lon="29.0206924"/>
  <node id="10929153038" lat="38.1492769" lon="29.0202916"/>
  <node id="10929153039" lat="38.1493739" lon="29.0200713"/>
  <node id="10929153040" lat="38.1494328" lon="29.0198907"/>
  <node id="10929153041" lat="38.1494466" lon="29.0197586"/>
  <node id="10929153042" lat="38.1494466" lon="29.0196176"/>
  <node id="10929153043" lat="38.1494085" lon="29.0193973"/>
  <node id="10929153044" lat="38.1493635" lon="29.0190802"/>
  <node id="10929153045" lat="38.1431125" lon="29.0198027"/>
  <node id="10929153046" lat="38.1432781" lon="29.0197132"/>
  <node id="10929153047" lat="38.1433816" lon="29.0196711"/>
  <node id="10929153048" lat="38.1437253" lon="29.0195605"/>
  <node id="10929153049" lat="38.1438205" lon="29.0195605"/>
  <node id="10929153050" lat="38.1438909" lon="29.0195921"/>
  <node id="10929153051" lat="38.1441559" lon="29.0199343"/>
  <node id="10929153052" lat="38.1441973" lon="29.0199554"/>
  <node id="10929153053" lat="38.1442552" lon="29.0199659"/>
  <node id="10929153054" lat="38.1444540" lon="29.0199501"/>
  <node id="10929153055" lat="38.1445161" lon="29.0199659"/>
  <node id="10929153056" lat="38.1446444" lon="29.0200659"/>
  <node id="10929153057" lat="38.1447107" lon="29.0200975"/>
  <node id="10929153058" lat="38.1448431" lon="29.0201080"/>
  <node id="10929153059" lat="38.1450460" lon="29.0200817"/>
  <node id="10929153060" lat="38.1452075" lon="29.0200027"/>
  <node id="10929153061" lat="38.1454269" lon="29.0198764"/>
  <node id="10929153062" lat="38.1458326" lon="29.0196026"/>
  <node id="10929153063" lat="38.1459072" lon="29.0195553"/>
  <node id="10929153064" lat="38.1459610" lon="29.0195553"/>
  <node id="10929153065" lat="38.1459983" lon="29.0195869"/>
  <node id="10929153066" lat="38.1461183" lon="29.0198448"/>
  <node id="10929153067" lat="38.1461846" lon="29.0199133"/>
  <node id="10929153068" lat="38.1462715" lon="29.0199554"/>
  <node id="10929153069" lat="38.1463170" lon="29.0200027"/>
  <node id="10929153070" lat="38.1463957" lon="29.0200922"/>
  <node id="10929153071" lat="38.1464495" lon="29.0200975"/>
  <node id="10929153072" lat="38.1465448" lon="29.0200607"/>
  <node id="10929153073" lat="38.1467932" lon="29.0198238"/>
  <node id="10929153074" lat="38.1469339" lon="29.0197185"/>
  <node id="10929153075" lat="38.1470623" lon="29.0196553"/>
  <node id="10929153076" lat="38.1472279" lon="29.0196079"/>
  <node id="10929153077" lat="38.1475508" lon="29.0195763"/>
  <node id="10929153078" lat="38.1478737" lon="29.0195237"/>
  <node id="10929153079" lat="38.1481180" lon="29.0195132"/>
  <node id="10929153080" lat="38.1484202" lon="29.0195289"/>
  <node id="10929153081" lat="38.1486645" lon="29.0195816"/>
  <node id="10929153082" lat="38.1487390" lon="29.0195658"/>
  <node id="10929153083" lat="38.1488094" lon="29.0195395"/>
  <node id="10929153084" lat="38.1490205" lon="29.0193289"/>
  <node id="10929153085" lat="38.1492027" lon="29.0191762"/>
  <node id="10929153086" lat="38.1495835" lon="29.0189130"/>
  <node id="10929153087" lat="38.1497036" lon="29.0187972"/>
  <node id="10929153088" lat="38.1498030" lon="29.0187288"/>
  <node id="10929153089" lat="38.1499106" lon="29.0186761"/>
  <node id="10929153090" lat="38.1500513" lon="29.0186445"/>
  <node id="10929153091" lat="38.1501217" lon="29.0186182"/>
  <node id="10929153092" lat="38.1501631" lon="29.0185708"/>
  <node id="10929153093" lat="38.1501631" lon="29.0184971"/>
  <node id="10929153094" lat="38.1501300" lon="29.0183971"/>
  <node id="10929153095" lat="38.1500513" lon="29.0182602"/>
  <node id="10929153096" lat="38.1499106" lon="29.0180918"/>
  <node id="10929153097" lat="38.1497905" lon="29.0179496"/>
  <node id="10929153098" lat="38.1496995" lon="29.0177970"/>
  <node id="10929153099" lat="38.1495918" lon="29.0175969"/>
  <node id="10929153100" lat="38.1494262" lon="29.0173600"/>
  <node id="10929153101" lat="38.1493476" lon="29.0172389"/>
  <node id="10929153102" lat="38.1493186" lon="29.0171547"/>
  <node id="10929153103" lat="38.1492937" lon="29.0170389"/>
  <node id="10929153104" lat="38.1492565" lon="29.0167757"/>
  <node id="10929153105" lat="38.1492358" lon="29.0164861"/>
  <node id="10929153106" lat="38.1492399" lon="29.0162703"/>
  <node id="10929153107" lat="38.1492689" lon="29.0160913"/>
  <node id="10929153108" lat="38.1492689" lon="29.0159123"/>
  <node id="10929153109" lat="38.1492316" lon="29.0155333"/>
  <node id="10929153110" lat="38.1492482" lon="29.0152858"/>
  <node id="10929153111" lat="38.1492979" lon="29.0150542"/>
  <node id="10929153112" lat="38.1493020" lon="29.0149489"/>
  <node id="10929153113" lat="38.1492606" lon="29.0147594"/>
  <node id="10929153114" lat="38.1492648" lon="29.0146594"/>
  <node id="10929153115" lat="38.1493020" lon="29.0143066"/>
  <node id="10929153116" lat="38.1492937" lon="29.0140697"/>
  <node id="10929153117" lat="38.1492689" lon="29.0137276"/>
  <node id="10929153118" lat="38.1492316" lon="29.0135538"/>
  <node id="10929153119" lat="38.1491902" lon="29.0134591"/>
  <node id="10929153120" lat="38.1491323" lon="29.0134012"/>
  <node id="10929153121" lat="38.1490619" lon="29.0133538"/>
  <node id="10929153122" lat="38.1489129" lon="29.0133380"/>
  <node id="10929153123" lat="38.1487431" lon="29.0133380"/>
  <node id="10929153124" lat="38.1486603" lon="29.0133117"/>
  <node id="10929153125" lat="38.1485071" lon="29.0131485"/>
  <node id="10929153126" lat="38.1484492" lon="29.0130590"/>
  <node id="10929153127" lat="38.1484119" lon="29.0129537"/>
  <node id="10929153128" lat="38.1482877" lon="29.0125694"/>
  <node id="10929153129" lat="38.1481304" lon="29.0121324"/>
  <node id="10929153130" lat="38.1479648" lon="29.0116797"/>
  <node id="10929153131" lat="38.1478696" lon="29.0113217"/>
  <node id="10929153132" lat="38.1477992" lon="29.0111743"/>
  <node id="10929153133" lat="38.1477247" lon="29.0110848"/>
  <node id="10929153134" lat="38.1476502" lon="29.0110322"/>
  <node id="10929153135" lat="38.1475301" lon="29.0109374"/>
  <node id="10929153136" lat="38.1470333" lon="29.0104426"/>
  <node id="10929153137" lat="38.1469463" lon="29.0102794"/>
  <node id="10929153138" lat="38.1468346" lon="29.0100688"/>
  <node id="10929153139" lat="38.1467393" lon="29.0098371"/>
  <node id="10929153140" lat="38.1466317" lon="29.0095476"/>
  <node id="10929153141" lat="38.1465448" lon="29.0092686"/>
  <node id="10929153142" lat="38.1464578" lon="29.0089159"/>
  <node id="10929153143" lat="38.1463998" lon="29.0086105"/>
  <node id="10929153144" lat="38.1463502" lon="29.0084579"/>
  <node id="10929153145" lat="38.1462218" lon="29.0081894"/>
  <node id="10929153146" lat="38.1461597" lon="29.0079999"/>
  <node id="10929153147" lat="38.1461183" lon="29.0077840"/>
  <node id="10929153148" lat="38.1460976" lon="29.0075840"/>
  <node id="10929153149" lat="38.1460272" lon="29.0070417"/>
  <node id="10929153150" lat="38.1459486" lon="29.0065943"/>
  <node id="10929153151" lat="38.1458823" lon="29.0063310"/>
  <node id="10929153152" lat="38.1457954" lon="29.0061573"/>
  <node id="10929153153" lat="38.1456753" lon="29.0059941"/>
  <node id="10929153154" lat="38.1454311" lon="29.0057625"/>
  <node id="10929153155" lat="38.1451164" lon="29.0054782"/>
  <node id="10929153156" lat="38.1449798" lon="29.0053097"/>
  <node id="10929153157" lat="38.1448638" lon="29.0051413"/>
  <node id="10929153158" lat="38.1447065" lon="29.0048465"/>
  <node id="10929153159" lat="38.1445947" lon="29.0046938"/>
  <node id="10929153160" lat="38.1443587" lon="29.0043990"/>
  <node id="10929153161" lat="38.1441973" lon="29.0041832"/>
  <node id="10929153162" lat="38.1440317" lon="29.0039989"/>
  <node id="10929153163" lat="38.1437957" lon="29.0037620"/>
  <node id="10929153164" lat="38.1436135" lon="29.0036199"/>
  <node id="10929153165" lat="38.1434976" lon="29.0035409"/>
  <node id="10929153166" lat="38.1433568" lon="29.0034461"/>
  <node id="10929153167" lat="38.1431400" lon="29.0032308"/>
  <node id="10929153168" lat="38.1430176" lon="29.0030214"/>
  <node id="10929153169" lat="38.1428529" lon="29.0027368"/>
  <node id="10929153170" lat="38.1427811" lon="29.0026402"/>
  <node id="10929153171" lat="38.1426840" lon="29.0025865"/>
  <node id="10929153172" lat="38.1425869" lon="29.0025113"/>
  <node id="10929153173" lat="38.1424053" lon="29.0023556"/>
  <node id="10929153174" lat="38.1422913" lon="29.0022161"/>
  <node id="10929153175" lat="38.1421730" lon="29.0020067"/>
  <node id="10929153176" lat="38.1420717" lon="29.0017758"/>
  <node id="10929153177" lat="38.1415481" lon="29.0004174"/>
  <node id="10929153178" lat="38.1414341" lon="28.9999772"/>
  <node id="10929153179" lat="38.1413792" lon="28.9996174"/>
  <node id="10929153180" lat="38.1413412" lon="28.9991879"/>
  <node id="10929153181" lat="38.1413370" lon="28.9989785"/>
  <node id="10929153182" lat="38.1413454" lon="28.9982913"/>
  <node id="10929153183" lat="38.1413623" lon="28.9981195"/>
  <node id="10929153184" lat="38.1414341" lon="28.9978081"/>
  <node id="10929153185" lat="38.1414383" lon="28.9976900"/>
  <node id="10929153186" lat="38.1414425" lon="28.9975021"/>
  <node id="10929153187" lat="38.1414890" lon="28.9972927"/>
  <node id="10929153188" lat="38.1415439" lon="28.9971262"/>
  <node id="10929153189" lat="38.1415692" lon="28.9969705"/>
  <node id="10929153190" lat="38.1415692" lon="28.9968363"/>
  <node id="10929153191" lat="38.1380856" lon="28.9978362"/>
  <node id="10929153192" lat="38.1382916" lon="28.9978471"/>
  <node id="10929153193" lat="38.1390727" lon="28.9977379"/>
  <node id="10929153194" lat="38.1396735" lon="28.9975961"/>
  <node id="10929153195" lat="38.1400855" lon="28.9974215"/>
  <node id="10929153196" lat="38.1405061" lon="28.9972250"/>
  <node id="10929153197" lat="38.1408151" lon="28.9969740"/>
  <node id="10929153198" lat="38.1410468" lon="28.9968976"/>
  <node id="10929153199" lat="38.1413129" lon="28.9968867"/>
  <node id="10929193680" lat="38.1403760" lon="29.0225720"/>
  <node id="10929193681" lat="38.1405419" lon="29.0224919"/>
  <node id="10929193682" lat="38.1405882" lon="29.0223119"/>
  <node id="10929193683" lat="38.1406037" lon="29.0221875"/>
  <node id="10929193684" lat="38.1405908" lon="29.0220729"/>
  <node id="10929193685" lat="38.1404492" lon="29.0215098"/>
  <node id="10929193686" lat="38.1403230" lon="29.0210745"/>
  <node id="10929193687" lat="38.1402484" lon="29.0206391"/>
  <node id="10929193688" lat="38.1402046" lon="29.0202364"/>
  <node id="10929193689" lat="38.1401685" lon="29.0200073"/>
  <node id="10929193690" lat="38.1401145" lon="29.0197880"/>
  <node id="10929193691" lat="38.1400965" lon="29.0196636"/>
  <node id="10929193692" lat="38.1400939" lon="29.0195130"/>
  <node id="10929193693" lat="38.1401531" lon="29.0189336"/>
  <node id="10929193694" lat="38.1402226" lon="29.0185178"/>
  <node id="10929193695" lat="38.1403024" lon="29.0182199"/>
  <node id="10929193696" lat="38.1403565" lon="29.0179908"/>
  <node id="10929193697" lat="38.1403900" lon="29.0178042"/>
  <node id="10929193698" lat="38.1404260" lon="29.0174736"/>
  <node id="10929193699" lat="38.1404260" lon="29.0173426"/>
  <node id="10929193700" lat="38.1404080" lon="29.0171855"/>
  <node id="10929193701" lat="38.1403848" lon="29.0170709"/>
  <node id="10929193702" lat="38.1403797" lon="29.0169858"/>
  <node id="10929193703" lat="38.1403951" lon="29.0168745"/>
  <node id="10929193704" lat="38.1404569" lon="29.0165340"/>
  <node id="10929196405" lat="38.1405058" lon="29.0163736"/>
  <node id="10929196406" lat="38.1406191" lon="29.0161019"/>
  <node id="10929196407" lat="38.1406654" lon="29.0159252"/>
  <node id="10929196408" lat="38.1406783" lon="29.0157844"/>
  <node id="10929196409" lat="38.1406783" lon="29.0156011"/>
  <node id="10929196410" lat="38.1406603" lon="29.0153785"/>
  <node id="10929196411" lat="38.1406654" lon="29.0151821"/>
  <node id="10929196412" lat="38.1406835" lon="29.0148318"/>
  <node id="10929196413" lat="38.1407066" lon="29.0146354"/>
  <node id="10929196414" lat="38.1407607" lon="29.0144030"/>
  <node id="10929196415" lat="38.1408174" lon="29.0142000"/>
  <node id="10929196416" lat="38.1408688" lon="29.0139119"/>
  <node id="10929196417" lat="38.1408894" lon="29.0137090"/>
  <node id="10929196418" lat="38.1408997" lon="29.0135813"/>
  <node id="10929196419" lat="38.1408920" lon="29.0134667"/>
  <node id="10929196420" lat="38.1408611" lon="29.0132212"/>
  <node id="10929196421" lat="38.1408688" lon="29.0131197"/>
  <node id="10929196422" lat="38.1408972" lon="29.0129626"/>
  <node id="10929196423" lat="38.1409152" lon="29.0128742"/>
  <node id="10929196424" lat="38.1409152" lon="29.0127858"/>
  <node id="10929196425" lat="38.1408946" lon="29.0127171"/>
  <node id="10929196426" lat="38.1408302" lon="29.0125469"/>
  <node id="10929196427" lat="38.1408096" lon="29.0124487"/>
  <node id="10929196428" lat="38.1407993" lon="29.0123472"/>
  <node id="10929196429" lat="38.1408096" lon="29.0122293"/>
  <node id="10929196430" lat="38.1408482" lon="29.0119413"/>
  <node id="10929196431" lat="38.1408688" lon="29.0117285"/>
  <node id="10929196432" lat="38.1408894" lon="29.0111458"/>
  <node id="10929196433" lat="38.1408946" lon="29.0103961"/>
  <node id="10929196434" lat="38.1409178" lon="29.0099280"/>
  <node id="10929196435" lat="38.1409487" lon="29.0096301"/>
  <node id="10929196436" lat="38.1409899" lon="29.0092897"/>
  <node id="10929196437" lat="38.1410748" lon="29.0088183"/>
  <node id="10929196438" lat="38.1411340" lon="29.0085466"/>
  <node id="10929196439" lat="38.1412164" lon="29.0082945"/>
  <node id="10929196440" lat="38.1413091" lon="29.0080719"/>
  <node id="10929196441" lat="38.1413786" lon="29.0079508"/>
  <node id="10929196442" lat="38.1414842" lon="29.0077904"/>
  <node id="10929196443" lat="38.1415640" lon="29.0076791"/>
  <node id="10929196444" lat="38.1416155" lon="29.0075285"/>
  <node id="10929196445" lat="38.1416361" lon="29.0073747"/>
  <node id="10929196446" lat="38.1416773" lon="29.0070735"/>
  <node id="10929196447" lat="38.1417159" lon="29.0068967"/>
  <node id="10929196448" lat="38.1417880" lon="29.0066578"/>
  <node id="10929196449" lat="38.1419270" lon="29.0064024"/>
  <node id="10929196450" lat="38.1421639" lon="29.0060783"/>
  <node id="10929196451" lat="38.1423003" lon="29.0058623"/>
  <node id="10929196452" lat="38.1424265" lon="29.0056004"/>
  <node id="10929196453" lat="38.1426093" lon="29.0051192"/>
  <node id="10929196454" lat="38.1428487" lon="29.0044547"/>
  <node id="10929196455" lat="38.1430135" lon="29.0040029"/>
  <node id="10929196456" lat="38.1431293" lon="29.0037639"/>
  <node id="10929196457" lat="38.1432606" lon="29.0035643"/>
  <node id="10929196458" lat="38.1434228" lon="29.0033580"/>
  <node id="10929196459" lat="38.1434460" lon="29.0032696"/>
  <node id="10929196460" lat="38.1434563" lon="29.0031682"/>
  <node id="10929196461" lat="38.1434434" lon="29.0030438"/>
  <node id="10929196462" lat="38.1434203" lon="29.0028670"/>
  <node id="10929196463" lat="38.1434254" lon="29.0027164"/>
  <node id="10929196464" lat="38.1434692" lon="29.0025364"/>
  <node id="10929196465" lat="38.1435232" lon="29.0024218"/>
  <node id="10929196466" lat="38.1436185" lon="29.0022548"/>
  <node id="10929196467" lat="38.1436932" lon="29.0021566"/>
  <node id="10929196468" lat="38.1437704" lon="29.0021043"/>
  <node id="10929196469" lat="38.1439017" lon="29.0020257"/>
  <node id="10929196470" lat="38.1439892" lon="29.0019471"/>
  <node id="10929196471" lat="38.1440845" lon="29.0018064"/>
  <node id="10929196472" lat="38.1441720" lon="29.0016361"/>
  <node id="10929196473" lat="38.1442415" lon="29.0014692"/>
  <node id="10929196474" lat="38.1442801" lon="29.0013088"/>
  <node id="10929196475" lat="38.1443265" lon="29.0011091"/>
  <node id="10929196476" lat="38.1444320" lon="29.0008276"/>
  <node id="10929196477" lat="38.1446354" lon="29.0002711"/>
  <node id="10929196478" lat="38.1447564" lon="29.0000125"/>
  <node id="10929196479" lat="38.1448646" lon="28.9998062"/>
  <node id="10929196480" lat="38.1449933" lon="28.9996425"/>
  <node id="10929196481" lat="38.1451478" lon="28.9995051"/>
  <node id="10929196482" lat="38.1452739" lon="28.9993250"/>
  <node id="10929196483" lat="38.1453846" lon="28.9991450"/>
  <node id="10929196484" lat="38.1454927" lon="28.9990075"/>
  <node id="10929196485" lat="38.1455828" lon="28.9988569"/>
  <node id="10929196486" lat="38.1456884" lon="28.9986539"/>
  <node id="10929196487" lat="38.1458351" lon="28.9983102"/>
  <node id="10929196488" lat="38.1459973" lon="28.9978814"/>
  <node id="10929196489" lat="38.1461981" lon="28.9974984"/>
  <node id="10929196490" lat="38.1463552" lon="28.9971874"/>
  <node id="10929196491" lat="38.1464762" lon="28.9970139"/>
  <node id="10929196492" lat="38.1466512" lon="28.9968240"/>
  <node id="10929196493" lat="38.1467800" lon="28.9966505"/>
  <node id="10929196494" lat="38.1469318" lon="28.9964607"/>
  <node id="10929196495" lat="38.1472099" lon="28.9962119"/>
  <node id="10929196496" lat="38.1473051" lon="28.9960907"/>
  <node id="10929196497" lat="38.1473618" lon="28.9959860"/>
  <node id="10929196498" lat="38.1474184" lon="28.9958321"/>
  <node id="10929196499" lat="38.1474673" lon="28.9956946"/>
  <node id="10929196500" lat="38.1475445" lon="28.9955768"/>
  <node id="10929196501" lat="38.1476501" lon="28.9953869"/>
  <node id="10929196502" lat="38.1477273" lon="28.9952102"/>
  <node id="10929196503" lat="38.1477737" lon="28.9950268"/>
  <node id="10929196504" lat="38.1478071" lon="28.9948664"/>
  <node id="10929196505" lat="38.1478252" lon="28.9946864"/>
  <node id="10929196506" lat="38.1478509" lon="28.9945915"/>
  <node id="10929196507" lat="38.1478638" lon="28.9944703"/>
  <node id="10929196508" lat="38.1478638" lon="28.9943558"/>
  <node id="10929196509" lat="38.1478432" lon="28.9942085"/>
  <node id="10929196510" lat="38.1478123" lon="28.9940677"/>
  <node id="10929196511" lat="38.1478071" lon="28.9939990"/>
  <node id="10929196512" lat="38.1478303" lon="28.9939269"/>
  <node id="10929196513" lat="38.1478689" lon="28.9938746"/>
  <node id="10929196514" lat="38.1477700" lon="28.9936837"/>
  <node id="10929196515" lat="38.1475923" lon="28.9934578"/>
  <node id="10929196516" lat="38.1474842" lon="28.9933040"/>
  <node id="10929196517" lat="38.1474327" lon="28.9932712"/>
  <node id="10929196518" lat="38.1473349" lon="28.9932483"/>
  <node id="10929196519" lat="38.1471547" lon="28.9932025"/>
  <node id="10929196520" lat="38.1470517" lon="28.9931567"/>
  <node id="10929196521" lat="38.1469487" lon="28.9931272"/>
  <node id="10929196522" lat="38.1468355" lon="28.9931305"/>
  <node id="10929196523" lat="38.1467531" lon="28.9931567"/>
  <node id="10929196524" lat="38.1466707" lon="28.9932156"/>
  <node id="10929196525" lat="38.1465909" lon="28.9932352"/>
  <node id="10929196526" lat="38.1463309" lon="28.9932712"/>
  <node id="10929196527" lat="38.1460657" lon="28.9932712"/>
  <node id="10929196528" lat="38.1458649" lon="28.9932450"/>
  <node id="10929196529" lat="38.1456770" lon="28.9932123"/>
  <node id="10929196530" lat="38.1455766" lon="28.9932123"/>
  <node id="10929196531" lat="38.1454556" lon="28.9932483"/>
  <node id="10929196532" lat="38.1451878" lon="28.9933302"/>
  <node id="10929196533" lat="38.1450025" lon="28.9934218"/>
  <node id="10929196534" lat="38.1449407" lon="28.9934644"/>
  <node id="10929196535" lat="38.1449046" lon="28.9935331"/>
  <node id="10929196536" lat="38.1447965" lon="28.9945021"/>
  <node id="10929196537" lat="38.1447553" lon="28.9946003"/>
  <node id="10929196538" lat="38.1446729" lon="28.9946821"/>
  <node id="10929196539" lat="38.1444309" lon="28.9948622"/>
  <node id="10929196540" lat="38.1443202" lon="28.9949113"/>
  <node id="10929196541" lat="38.1441632" lon="28.9949309"/>
  <node id="10929196542" lat="38.1439855" lon="28.9949637"/>
  <node id="10929196543" lat="38.1438671" lon="28.9950259"/>
  <node id="10929196544" lat="38.1437178" lon="28.9951732"/>
  <node id="10929196545" lat="38.1436405" lon="28.9953074"/>
  <node id="10929196546" lat="38.1434578" lon="28.9957231"/>
  <node id="10929196547" lat="38.1433213" lon="28.9959621"/>
  <node id="10929196548" lat="38.1431128" lon="28.9962502"/>
  <node id="10929196549" lat="38.1429583" lon="28.9964728"/>
  <node id="10929196550" lat="38.1428656" lon="28.9966921"/>
  <node id="10929196551" lat="38.1428064" lon="28.9968721"/>
  <node id="10929196552" lat="38.1427626" lon="28.9969409"/>
  <node id="10929196553" lat="38.1427111" lon="28.9969507"/>
  <node id="10929196554" lat="38.1426699" lon="28.9969212"/>
  <node id="10929196555" lat="38.1426468" lon="28.9968754"/>
  <node id="10929196556" lat="38.1425876" lon="28.9966594"/>
  <node id="10929196557" lat="38.1425180" lon="28.9965448"/>
  <node id="10929196558" lat="38.1424408" lon="28.9964433"/>
  <node id="10929196559" lat="38.1423172" lon="28.9963778"/>
  <node id="10929196560" lat="38.1422220" lon="28.9963680"/>
  <node id="10929196561" lat="38.1421370" lon="28.9963909"/>
  <node id="10929196562" lat="38.1419877" lon="28.9964662"/>
  <node id="10929196563" lat="38.1417946" lon="28.9965120"/>
  <node id="10929196564" lat="38.1416864" lon="28.9965284"/>
  <node id="10929196565" lat="38.1415448" lon="28.9964891"/>
  <node id="10929196566" lat="38.1413929" lon="28.9964531"/>
  <node id="10929196567" lat="38.1411535" lon="28.9963320"/>
  <node id="10929196568" lat="38.1415692" lon="28.9968918"/>
  <node id="10929196569" lat="38.1415114" lon="28.9967412"/>
  <node id="10929196570" lat="38.1413415" lon="28.9965382"/>
  <node id="10929196571" lat="38.1410685" lon="28.9961945"/>
  <node id="10929196572" lat="38.1409733" lon="28.9959752"/>
  <node id="10929196573" lat="38.1408445" lon="28.9957428"/>
  <node id="10929196574" lat="38.1406772" lon="28.9954743"/>
  <node id="10929196575" lat="38.1405819" lon="28.9952976"/>
  <node id="10929196576" lat="38.1405588" lon="28.9951895"/>
  <node id="10929196577" lat="38.1405562" lon="28.9950684"/>
  <node id="10929196578" lat="38.1405665" lon="28.9949211"/>
  <node id="10929196579" lat="38.1405871" lon="28.9947836"/>
  <node id="10929196580" lat="38.1406515" lon="28.9944694"/>
  <node id="10929196581" lat="38.1406952" lon="28.9941224"/>
  <node id="10929196582" lat="38.1407029" lon="28.9939783"/>
  <node id="10929196583" lat="38.1407004" lon="28.9938899"/>
  <node id="10929196584" lat="38.1406720" lon="28.9938408"/>
  <node id="10929196585" lat="38.1406309" lon="28.9938310"/>
  <node id="10929196586" lat="38.1405845" lon="28.9938605"/>
  <node id="10929196587" lat="38.1404738" lon="28.9940602"/>
  <node id="10929196588" lat="38.1403245" lon="28.9943875"/>
  <node id="10929196589" lat="38.1400825" lon="28.9949342"/>
  <node id="10929196590" lat="38.1398945" lon="28.9954547"/>
  <node id="10929196591" lat="38.1398327" lon="28.9955955"/>
  <node id="10929196592" lat="38.1397761" lon="28.9956740"/>
  <node id="10929196593" lat="38.1396782" lon="28.9957591"/>
  <node id="10929196594" lat="38.1394053" lon="28.9959686"/>
  <node id="10929196595" lat="38.1392843" lon="28.9960505"/>
  <node id="10929196596" lat="38.1390268" lon="28.9961880"/>
  <node id="10929196597" lat="38.1388930" lon="28.9962305"/>
  <node id="10929196598" lat="38.1387668" lon="28.9962371"/>
  <node id="10929196599" lat="38.1386329" lon="28.9962142"/>
  <node id="10929196600" lat="38.1385248" lon="28.9961716"/>
  <node id="10929196601" lat="38.1384141" lon="28.9960898"/>
  <node id="10929196602" lat="38.1383394" lon="28.9959785"/>
  <node id="10929196603" lat="38.1382930" lon="28.9958442"/>
  <node id="10929196604" lat="38.1382596" lon="28.9956871"/>
  <node id="10929196605" lat="38.1382441" lon="28.9954481"/>
  <node id="10929196606" lat="38.1382390" lon="28.9948524"/>
  <node id="10929196607" lat="38.1382390" lon="28.9947378"/>
  <node id="10929196608" lat="38.1382210" lon="28.9946658"/>
  <node id="10929196609" lat="38.1381901" lon="28.9946101"/>
  <node id="10929196610" lat="38.1381386" lon="28.9945774"/>
  <node id="10929196611" lat="38.1380793" lon="28.9945512"/>
  <node id="10929196612" lat="38.1380407" lon="28.9945119"/>
  <node id="10929196613" lat="38.1380304" lon="28.9944464"/>
  <node id="10929196614" lat="38.1380201" lon="28.9940209"/>
  <node id="10929196615" lat="38.1380021" lon="28.9938277"/>
  <node id="10929196616" lat="38.1379815" lon="28.9936935"/>
  <node id="10929196617" lat="38.1379841" lon="28.9936182"/>
  <node id="10929196618" lat="38.1380047" lon="28.9934709"/>
  <node id="10929196619" lat="38.1380073" lon="28.9933629"/>
  <node id="10929196620" lat="38.1379789" lon="28.9931861"/>
  <node id="10929196621" lat="38.1379068" lon="28.9928686"/>
  <node id="10929196622" lat="38.1378991" lon="28.9927311"/>
  <node id="10929196623" lat="38.1378759" lon="28.9925445"/>
  <node id="10929196624" lat="38.1378270" lon="28.9922597"/>
  <node id="10929196625" lat="38.1377627" lon="28.9918833"/>
  <node id="10929196626" lat="38.1377549" lon="28.9917359"/>
  <node id="10929196627" lat="38.1377704" lon="28.9915821"/>
  <node id="10929196628" lat="38.1378219" lon="28.9913922"/>
  <node id="10929196629" lat="38.1380356" lon="28.9907277"/>
  <node id="10929196630" lat="38.1381566" lon="28.9904265"/>
  <node id="10929196631" lat="38.1382596" lon="28.9902170"/>
  <node id="10929196632" lat="38.1383960" lon="28.9899977"/>
  <node id="10929196633" lat="38.1385119" lon="28.9897489"/>
  <node id="10929196634" lat="38.1385840" lon="28.9896016"/>
  <node id="10929196635" lat="38.1386715" lon="28.9895132"/>
  <node id="10929196636" lat="38.1387436" lon="28.9894903"/>
  <node id="10929196637" lat="38.1388131" lon="28.9895067"/>
  <node id="10929196638" lat="38.1388672" lon="28.9895623"/>
  <node id="10929196639" lat="38.1389779" lon="28.9897653"/>
  <node id="10929196640" lat="38.1390140" lon="28.9898144"/>
  <node id="10929196641" lat="38.1390603" lon="28.9898275"/>
  <node id="10929196642" lat="38.1391067" lon="28.9898209"/>
  <node id="10929196643" lat="38.1391453" lon="28.9897784"/>
  <node id="10929196644" lat="38.1392534" lon="28.9896114"/>
  <node id="10929196645" lat="38.1393590" lon="28.9894608"/>
  <node id="10929196646" lat="38.1394182" lon="28.9893561"/>
  <node id="10929196647" lat="38.1394362" lon="28.9892775"/>
  <node id="10929196648" lat="38.1394285" lon="28.9890189"/>
  <node id="10929196649" lat="38.1394027" lon="28.9888847"/>
  <node id="10929196650" lat="38.1393693" lon="28.9888159"/>
  <node id="10929196651" lat="38.1393049" lon="28.9887930"/>
  <node id="10929196652" lat="38.1392148" lon="28.9888061"/>
  <node id="10929196653" lat="38.1391350" lon="28.9888061"/>
  <node id="10929196654" lat="38.1390603" lon="28.9887832"/>
  <node id="10929196655" lat="38.1389985" lon="28.9887472"/>
  <node id="10929196656" lat="38.1389290" lon="28.9886555"/>
  <node id="10929196657" lat="38.1385788" lon="28.9880925"/>
  <node id="10929196658" lat="38.1383806" lon="28.9877389"/>
  <node id="10929196659" lat="38.1382725" lon="28.9875949"/>
  <node id="10929196660" lat="38.1381643" lon="28.9874803"/>
  <node id="10929196661" lat="38.1381051" lon="28.9874050"/>
  <node id="10929196662" lat="38.1380407" lon="28.9872676"/>
  <node id="10929196663" lat="38.1379944" lon="28.9871071"/>
  <node id="10929196664" lat="38.1379429" lon="28.9869828"/>
  <node id="10929196665" lat="38.1378682" lon="28.9868682"/>
  <node id="10929196666" lat="38.1377472" lon="28.9866619"/>
  <node id="10929196667" lat="38.1376674" lon="28.9864917"/>
  <node id="10929196668" lat="38.1376262" lon="28.9864426"/>
  <node id="10929196669" lat="38.1375695" lon="28.9864033"/>
  <node id="10929196670" lat="38.1374949" lon="28.9863902"/>
  <node id="10929196671" lat="38.1373945" lon="28.9863837"/>
  <node id="10929196672" lat="38.1373430" lon="28.9863673"/>
  <node id="10929196673" lat="38.1372966" lon="28.9863150"/>
  <node id="10929196674" lat="38.1372065" lon="28.9862135"/>
  <node id="10929196675" lat="38.1370597" lon="28.9859319"/>
  <node id="10929196676" lat="38.1368203" lon="28.9854507"/>
  <node id="10929196677" lat="38.1366581" lon="28.9851103"/>
  <node id="10929196678" lat="38.1365087" lon="28.9846782"/>
  <node id="10929196679" lat="38.1363517" lon="28.9840595"/>
  <node id="10929196680" lat="38.1359294" lon="28.9826977"/>
  <node id="10929196681" lat="38.1357878" lon="28.9822165"/>
  <node id="10929196682" lat="38.1357209" lon="28.9819088"/>
  <node id="10929196683" lat="38.1356745" lon="28.9816796"/>
  <node id="10929196684" lat="38.1356230" lon="28.9815421"/>
  <node id="10929196685" lat="38.1354840" lon="28.9813228"/>
  <node id="10929196686" lat="38.1353115" lon="28.9811002"/>
  <node id="10929196687" lat="38.1352188" lon="28.9809463"/>
  <node id="10929196688" lat="38.1351518" lon="28.9808023"/>
  <node id="10929196689" lat="38.1350591" lon="28.9804880"/>
  <node id="10929196690" lat="38.1349613" lon="28.9802785"/>
  <node id="10929196691" lat="38.1347733" lon="28.9800265"/>
  <node id="10929196692" lat="38.1346060" lon="28.9798824"/>
  <node id="10929196693" lat="38.1344257" lon="28.9797417"/>
  <node id="10929196694" lat="38.1340266" lon="28.9794209"/>
  <node id="10929196695" lat="38.1339700" lon="28.9793587"/>
  <node id="10929196696" lat="38.1339185" lon="28.9792670"/>
  <node id="10929196697" lat="38.1338798" lon="28.9791557"/>
  <node id="10929196698" lat="38.1338155" lon="28.9790182"/>
  <node id="10929196699" lat="38.1337408" lon="28.9788644"/>
  <node id="10929196700" lat="38.1336764" lon="28.9787760"/>
  <node id="10929196701" lat="38.1335786" lon="28.9786909"/>
  <node id="10929196702" lat="38.1334498" lon="28.9786188"/>
  <node id="10929196703" lat="38.1333056" lon="28.9785697"/>
  <node id="10929196704" lat="38.1330610" lon="28.9784814"/>
  <node id="10929196705" lat="38.1329452" lon="28.9784126"/>
  <node id="10929196706" lat="38.1328628" lon="28.9783177"/>
  <node id="10929196707" lat="38.1327726" lon="28.9781835"/>
  <node id="10929196708" lat="38.1326696" lon="28.9779903"/>
  <node id="10929196709" lat="38.1325718" lon="28.9778528"/>
  <node id="10929196710" lat="38.1323117" lon="28.9775549"/>
  <node id="10929196711" lat="38.1320774" lon="28.9772636"/>
  <node id="10929196712" lat="38.1319796" lon="28.9771850"/>
  <node id="10929196713" lat="38.1318251" lon="28.9770868"/>
  <node id="10929196714" lat="38.1317195" lon="28.9769952"/>
  <node id="10929196715" lat="38.1316294" lon="28.9769002"/>
  <node id="10929196716" lat="38.1314981" lon="28.9767431"/>
  <node id="10929196717" lat="38.1313796" lon="28.9766285"/>
  <node id="10929196718" lat="38.1311273" lon="28.9764027"/>
  <node id="10929196719" lat="38.1307796" lon="28.9761931"/>
  <node id="10929196720" lat="38.1305427" lon="28.9760033"/>
  <node id="10929196721" lat="38.1304552" lon="28.9758887"/>
  <node id="10929196722" lat="38.1303985" lon="28.9757905"/>
  <node id="10929196723" lat="38.1303754" lon="28.9756792"/>
  <node id="10929196724" lat="38.1303676" lon="28.9755679"/>
  <node id="10929196725" lat="38.1303522" lon="28.9754042"/>
  <node id="10929196726" lat="38.1303290" lon="28.9752569"/>
  <node id="10929196727" lat="38.1302621" lon="28.9750539"/>
  <node id="10929196728" lat="38.1302312" lon="28.9748739"/>
  <node id="10929196729" lat="38.1302209" lon="28.9746415"/>
  <node id="10929196730" lat="38.1302337" lon="28.9741701"/>
  <node id="10929196731" lat="38.1302543" lon="28.9738689"/>
  <node id="10929196732" lat="38.1302543" lon="28.9737314"/>
  <node id="10929196733" lat="38.1302363" lon="28.9735874"/>
  <node id="10929196734" lat="38.1301874" lon="28.9730669"/>
  <node id="10929196735" lat="38.1301488" lon="28.9728345"/>
  <node id="10929196736" lat="38.1301616" lon="28.9726904"/>
  <node id="10929196737" lat="38.1301977" lon="28.9725137"/>
  <node id="10929196738" lat="38.1302466" lon="28.9723762"/>
  <node id="10929196739" lat="38.1302904" lon="28.9722551"/>
  <node id="10929196740" lat="38.1303496" lon="28.9720423"/>
  <node id="10929196741" lat="38.1303754" lon="28.9719015"/>
  <node id="10929196742" lat="38.1303831" lon="28.9717346"/>
  <node id="10929196743" lat="38.1303651" lon="28.9716004"/>
  <node id="10929196744" lat="38.1303161" lon="28.9714596"/>
  <node id="10929196745" lat="38.1302646" lon="28.9712926"/>
  <node id="10929196746" lat="38.1302389" lon="28.9711159"/>
  <node id="10929196747" lat="38.1302157" lon="28.9709293"/>
  <node id="10929196748" lat="38.1301797" lon="28.9706085"/>
  <node id="10929196749" lat="38.1301385" lon="28.9704513"/>
  <node id="10929196750" lat="38.1300844" lon="28.9703433"/>
  <node id="10929196751" lat="38.1297162" lon="28.9696493"/>
  <node id="10929196752" lat="38.1296415" lon="28.9695577"/>
  <node id="10929196753" lat="38.1295565" lon="28.9695020"/>
  <node id="10929196754" lat="38.1294484" lon="28.9694529"/>
  <node id="10929196755" lat="38.1292836" lon="28.9693613"/>
  <node id="10929196756" lat="38.1291188" lon="28.9692467"/>
  <node id="10929196757" lat="38.1289024" lon="28.9690634"/>
  <node id="10929196758" lat="38.1287943" lon="28.9689160"/>
  <node id="10929196759" lat="38.1287248" lon="28.9687884"/>
  <node id="10929196760" lat="38.1286913" lon="28.9686967"/>
  <node id="10929196761" lat="38.1286810" lon="28.9685789"/>
  <node id="10929196762" lat="38.1286758" lon="28.9683465"/>
  <node id="10929196763" lat="38.1286089" lon="28.9679667"/>
  <node id="10929196764" lat="38.1285728" lon="28.9674593"/>
  <node id="10929196765" lat="38.1284570" lon="28.9666933"/>
  <node id="10929196766" lat="38.1284209" lon="28.9665591"/>
  <node id="10929196767" lat="38.1283849" lon="28.9665002"/>
  <node id="10929196768" lat="38.1283205" lon="28.9664380"/>
  <node id="10929196769" lat="38.1282896" lon="28.9663561"/>
  <node id="10929196770" lat="38.1282329" lon="28.9661270"/>
  <node id="10929196771" lat="38.1280630" lon="28.9658520"/>
  <node id="10929196772" lat="38.1279213" lon="28.9656523"/>
  <node id="10929196773" lat="38.1277565" lon="28.9653610"/>
  <node id="10929196774" lat="38.1276355" lon="28.9651449"/>
  <node id="10929196775" lat="38.1275789" lon="28.9649583"/>
  <node id="10929196776" lat="38.1275999" lon="28.9646400"/>
  <node id="10929196777" lat="38.1276115" lon="28.9645069"/>
  <node id="10929196778" lat="38.1275121" lon="28.9641792"/>
  <node id="11068907234" lat="38.2296119" lon="28.9892927"/>
  <node id="11068907235" lat="38.2142817" lon="29.0033162"/>
  <node id="11068907236" lat="38.2144714" lon="29.0032947"/>
  <node id="11068907237" lat="38.2147664" lon="29.0031338"/>
  <node id="11068907238" lat="38.2149729" lon="29.0031391"/>
  <node id="11068907239" lat="38.2155209" lon="29.0029728"/>
  <node id="11068907240" lat="38.2157063" lon="29.0028602"/>
  <node id="11068907241" lat="38.2159845" lon="29.0024310"/>
  <node id="11068907242" lat="38.2161151" lon="29.0023184"/>
  <node id="11068907243" lat="38.2164607" lon="29.0021199"/>
  <node id="11068907244" lat="38.2166293" lon="29.0019804"/>
  <node id="11068907245" lat="38.2168654" lon="29.0018249"/>
  <node id="11068907246" lat="38.2172573" lon="29.0016532"/>
  <node id="11068907247" lat="38.2176619" lon="29.0013742"/>
  <node id="11068907248" lat="38.2179612" lon="29.0011007"/>
  <node id="11068907249" lat="38.2183068" lon="29.0009022"/>
  <node id="11068907268" lat="38.2229848" lon="28.9965624"/>
  <node id="11068907269" lat="38.2228753" lon="28.9961386"/>
  <node id="11068907270" lat="38.2228331" lon="28.9957362"/>
  <node id="11068907271" lat="38.2227277" lon="28.9953017"/>
  <node id="11068907272" lat="38.2225255" lon="28.9939874"/>
  <node id="11068907273" lat="38.2223569" lon="28.9935100"/>
  <node id="11068907274" lat="38.2221167" lon="28.9929897"/>
  <node id="11068907275" lat="38.2218849" lon="28.9926249"/>
  <node id="11068907276" lat="38.2218090" lon="28.9924264"/>
  <node id="11068907277" lat="38.2216152" lon="28.9920831"/>
  <node id="11068907278" lat="38.2215098" lon="28.9917183"/>
  <node id="11068907279" lat="38.2211010" lon="28.9909834"/>
  <node id="11068907280" lat="38.2209297" lon="28.9907266"/>
  <node id="11068907281" lat="38.2207006" lon="28.9904737"/>
  <node id="11068907282" lat="38.2204393" lon="28.9901358"/>
  <node id="11068907283" lat="38.2201612" lon="28.9896744"/>
  <node id="11068907284" lat="38.2196681" lon="28.9888215"/>
  <node id="11068907285" lat="38.2192171" lon="28.9877862"/>
  <node id="11068907286" lat="38.2189558" lon="28.9872605"/>
  <node id="11068907287" lat="38.2185723" lon="28.9862841"/>
  <node id="11068907288" lat="38.2182646" lon="28.9857048"/>
  <node id="11068907289" lat="38.2180792" lon="28.9854258"/>
  <node id="11068907290" lat="38.2177631" lon="28.9851361"/>
  <node id="11068907291" lat="38.2172910" lon="28.9844817"/>
  <node id="11068907292" lat="38.2171098" lon="28.9841866"/>
  <node id="11068907293" lat="38.2165872" lon="28.9826631"/>
  <node id="11068907294" lat="38.2160266" lon="28.9815581"/>
  <node id="11068907295" lat="38.2158285" lon="28.9810216"/>
  <node id="11068907296" lat="38.2155209" lon="28.9803457"/>
  <node id="11068907297" lat="38.2152511" lon="28.9799648"/>
  <node id="11068907298" lat="38.2148212" lon="28.9795411"/>
  <node id="11068907299" lat="38.2143744" lon="28.9789885"/>
  <node id="11068907300" lat="38.2140710" lon="28.9786988"/>
  <node id="11068907301" lat="38.2139656" lon="28.9785272"/>
  <node id="11068907302" lat="38.2139782" lon="28.9783341"/>
  <node id="11068907303" lat="38.2140523" lon="28.9780752"/>
  <node id="11068923720" lat="38.2285295" lon="28.9908760"/>
  <node id="11068924056" lat="38.2295505" lon="28.9892560"/>
  <node id="11491483295" lat="38.1533517" lon="29.0493160"/>
  <node id="11491483296" lat="38.1532837" lon="29.0488042"/>
  <node id="11491483297" lat="38.1534819" lon="29.0423481"/>
  <node id="11491483298" lat="38.1531106" lon="29.0481389"/>
  <node id="13272849988" lat="38.1541413" lon="29.0540417"/>
  <node id="13272849989" lat="38.1542526" lon="29.0536784"/>
  <node id="13272849990" lat="38.1540392" lon="29.0531451"/>
  <node id="13272849991" lat="38.1541054" lon="29.0541947"/>
  <node id="13369841169" lat="38.1668017" lon="29.0735138"/>
  <node id="13369841170" lat="38.1672968" lon="29.0736605"/>
  <node id="13369841171" lat="38.1676379" lon="29.0738231"/>
  <node id="13369841172" lat="38.1677716" lon="29.0739316"/>
  <node id="13369841173" lat="38.1679014" lon="29.0740647"/>
  <node id="13369841174" lat="38.1680293" lon="29.0742274"/>
  <node id="13369841175" lat="38.1681979" lon="29.0744295"/>
  <node id="13369841176" lat="38.1683510" lon="29.0745872"/>
  <node id="13369841177" lat="38.1684866" lon="29.0747154"/>
  <node id="13369841178" lat="38.1686126" lon="29.0748041"/>
  <node id="13369841179" lat="38.1687754" lon="29.0749003"/>
  <node id="13369841180" lat="38.1689052" lon="29.0750013"/>
  <node id="13369841181" lat="38.1690719" lon="29.0751492"/>
  <node id="13369841182" lat="38.1696590" lon="29.0757137"/>
  <node id="13369841183" lat="38.1697850" lon="29.0758640"/>
  <node id="13369841184" lat="38.1699672" lon="29.0761031"/>
  <node id="13369841185" lat="38.1702055" lon="29.0763348"/>
  <node id="13369841186" lat="38.1704264" lon="29.0764852"/>
  <node id="13369841187" lat="38.1706415" lon="29.0766380"/>
  <node id="13369841188" lat="38.1710526" lon="29.0769816"/>
  <node id="13369841189" lat="38.1715691" lon="29.0774500"/>
  <node id="13369841190" lat="38.1719628" lon="29.0778077"/>
  <node id="13369841191" lat="38.1722543" lon="29.0781070"/>
  <node id="13369841192" lat="38.1724285" lon="29.0783652"/>
  <node id="13369841193" lat="38.1725893" lon="29.0785920"/>
  <node id="13369841194" lat="38.1727715" lon="29.0787916"/>
  <node id="13369841195" lat="38.1729013" lon="29.0789420"/>
  <node id="13369841196" lat="38.1729963" lon="29.0790850"/>
  <node id="13369841197" lat="38.1730776" lon="29.0792476"/>
  <node id="13369841198" lat="38.1731629" lon="29.0794843"/>
  <node id="13369841199" lat="38.1732714" lon="29.0797973"/>
  <node id="13369841200" lat="38.1733295" lon="29.0799649"/>
  <node id="13369886801" lat="38.1733838" lon="29.0800734"/>
  <node id="13369886802" lat="38.1734652" lon="29.0801818"/>
  <node id="13369886803" lat="38.1735660" lon="29.0803001"/>
  <node id="13369886804" lat="38.1737500" lon="29.0804825"/>
  <node id="13369886805" lat="38.1739031" lon="29.0806551"/>
  <node id="13369886806" lat="38.1739922" lon="29.0807906"/>
  <node id="13369886807" lat="38.1741744" lon="29.0811308"/>
  <node id="13369886808" lat="38.1744844" lon="29.0817716"/>
  <node id="13369886809" lat="38.1746046" lon="29.0820107"/>
  <node id="13369886810" lat="38.1747983" lon="29.0822966"/>
  <node id="13369886811" lat="38.1751286" lon="29.0829098"/>
  <node id="13369886812" lat="38.1753594" lon="29.0830360"/>
  <node id="13369886813" lat="38.1756010" lon="29.0831047"/>
  <node id="13369886814" lat="38.1757697" lon="29.0831669"/>
  <node id="13369886815" lat="38.1759131" lon="29.0832484"/>
  <node id="13369886816" lat="38.1761020" lon="29.0833664"/>
  <node id="13369886817" lat="38.1763837" lon="29.0835703"/>
  <node id="13369886818" lat="38.1765473" lon="29.0836475"/>
  <node id="13369886819" lat="38.1767565" lon="29.0837269"/>
  <node id="13369886820" lat="38.1769808" lon="29.0838020"/>
  <node id="13369886821" lat="38.1770972" lon="29.0838664"/>
  <node id="13369886822" lat="38.1772069" lon="29.0839479"/>
  <node id="13369886823" lat="38.1773115" lon="29.0840617"/>
  <node id="13369886824" lat="38.1774498" lon="29.0842526"/>
  <node id="13369886825" lat="38.1776319" lon="29.0844501"/>
  <node id="13369886826" lat="38.1778175" lon="29.0846603"/>
  <node id="13369886827" lat="38.1779372" lon="29.0848062"/>
  <node id="13369886828" lat="38.1780452" lon="29.0849629"/>
  <node id="13369886829" lat="38.1781751" lon="29.0851968"/>
  <node id="13369886830" lat="38.1784079" lon="29.0856495"/>
  <node id="13369886831" lat="38.1785580" lon="29.0858813"/>
  <node id="13369886832" lat="38.1787047" lon="29.0861109"/>
  <node id="13369886833" lat="38.1788042" lon="29.0862868"/>
  <node id="13369886834" lat="38.1788717" lon="29.0864620"/>
  <node id="13369886835" lat="38.1789611" lon="29.0867610"/>
  <node id="13369886836" lat="38.1790961" lon="29.0871473"/>
  <node id="13369886837" lat="38.1792647" lon="29.0874606"/>
  <node id="13369886838" lat="38.1793727" lon="29.0876859"/>
  <node id="13369886839" lat="38.1794756" lon="29.0879391"/>
  <node id="13369886840" lat="38.1795312" lon="29.0881086"/>
  <node id="13369886841" lat="38.1795920" lon="29.0882738"/>
  <node id="13369886842" lat="38.1796780" lon="29.0884047"/>
  <node id="13369886843" lat="38.1797859" lon="29.0885270"/>
  <node id="13369886844" lat="38.1799209" lon="29.0886407"/>
  <node id="13369886845" lat="38.1800507" lon="29.0887545"/>
  <node id="13369886846" lat="38.1801486" lon="29.0888660"/>
  <node id="13369886847" lat="38.1802447" lon="29.0890098"/>
  <node id="13369886848" lat="38.1803527" lon="29.0892051"/>
  <node id="13369886849" lat="38.1804741" lon="29.0894132"/>
  <node id="13369886850" lat="38.1805871" lon="29.0895763"/>
  <node id="13369886851" lat="38.1807187" lon="29.0897072"/>
  <node id="13369886852" lat="38.1809548" lon="29.0899303"/>
  <node id="13369886853" lat="38.1812888" lon="29.0902608"/>
  <node id="13369886854" lat="38.1815604" lon="29.0904818"/>
  <node id="13369886855" lat="38.1817779" lon="29.0906084"/>
  <node id="13369886856" lat="38.1820006" lon="29.0907350"/>
  <node id="13369886857" lat="38.1825555" lon="29.0910697"/>
  <node id="13369886858" lat="38.1828928" lon="29.0912672"/>
  <node id="13369886859" lat="38.1833600" lon="29.0914946"/>
  <node id="13369886860" lat="38.1837041" lon="29.0916813"/>
  <node id="13369886861" lat="38.1837986" lon="29.0917607"/>
  <node id="13369886862" lat="38.1839099" lon="29.0918723"/>
  <node id="13369886863" lat="38.1842017" lon="29.0921684"/>
  <node id="13369886864" lat="38.1846031" lon="29.0925439"/>
  <node id="13369886865" lat="38.1848038" lon="29.0927821"/>
  <node id="13369886866" lat="38.1854869" lon="29.0936125"/>
  <node id="13369886867" lat="38.1856977" lon="29.0939343"/>
  <node id="13369886868" lat="38.1859507" lon="29.0942691"/>
  <node id="13369886869" lat="38.1860873" lon="29.0944193"/>
  <node id="13369886870" lat="38.1862509" lon="29.0945480"/>
  <node id="13369886871" lat="38.1863470" lon="29.0946210"/>
  <node id="13369886872" lat="38.1864077" lon="29.0946982"/>
  <node id="13369886873" lat="38.1864432" lon="29.0947755"/>
  <node id="13369886874" lat="38.1864651" lon="29.0948914"/>
  <node id="13369886875" lat="38.1864718" lon="29.0950330"/>
  <node id="13369886876" lat="38.1864870" lon="29.0952025"/>
  <node id="13369886877" lat="38.1865140" lon="29.0953098"/>
  <node id="13369886878" lat="38.1865612" lon="29.0954299"/>
  <node id="13369886879" lat="38.1866388" lon="29.0955737"/>
  <node id="13369886880" lat="38.1867687" lon="29.0957990"/>
  <node id="13369886881" lat="38.1869525" lon="29.0961144"/>
  <node id="13369886882" lat="38.1874737" lon="29.0968376"/>
  <node id="13369886883" lat="38.1878649" lon="29.0973740"/>
  <node id="13369886884" lat="38.1882444" lon="29.0977216"/>
  <node id="13369886885" lat="38.1884957" lon="29.0979705"/>
  <node id="13369886886" lat="38.1888043" lon="29.0983375"/>
  <node id="13369886887" lat="38.1890135" lon="29.0986164"/>
  <node id="13369886888" lat="38.1891467" lon="29.0988331"/>
  <node id="13369886889" lat="38.1892513" lon="29.0990520"/>
  <node id="13369886890" lat="38.1896156" lon="29.0998266"/>
  <node id="13369886891" lat="38.1900220" lon="29.1006270"/>
  <node id="13369886892" lat="38.1904268" lon="29.1013329"/>
  <node id="13369886893" lat="38.1906393" lon="29.1018007"/>
  <node id="13369886894" lat="38.1907927" lon="29.1021677"/>
  <node id="13369886895" lat="38.1908821" lon="29.1024573"/>
  <node id="13369886896" lat="38.1909732" lon="29.1028028"/>
  <node id="13369886897" lat="38.1910845" lon="29.1031547"/>
  <node id="13369886898" lat="38.1911722" lon="29.1033500"/>
  <node id="13369886899" lat="38.1912160" lon="29.1034422"/>
  <node id="13369886900" lat="38.1913055" lon="29.1035840"/>
  <node id="13369886901" lat="38.1916015" lon="29.1038897"/>
  <node id="13369886902" lat="38.1917239" lon="29.1040002"/>
  <node id="13369886903" lat="38.1918485" lon="29.1041446"/>
  <node id="13369886904" lat="38.1919197" lon="29.1042720"/>
  <node id="13369886905" lat="38.1919620" lon="29.1044107"/>
  <node id="13369886906" lat="38.1920933" lon="29.1050279"/>
  <node id="13369886907" lat="38.1923959" lon="29.1062086"/>
  <node id="13369886908" lat="38.1925494" lon="29.1068004"/>
  <node id="13369886909" lat="38.1977862" lon="29.0845493"/>
  <node id="13369886910" lat="38.1976170" lon="29.0848337"/>
  <node id="13369886911" lat="38.1974930" lon="29.0851069"/>
  <node id="13369886912" lat="38.1974048" lon="29.0853639"/>
  <node id="13369886913" lat="38.1973435" lon="29.0856631"/>
  <node id="13369886914" lat="38.1972476" lon="29.0860404"/>
  <node id="13369886915" lat="38.1971965" lon="29.0863120"/>
  <node id="13369886916" lat="38.1971505" lon="29.0865364"/>
  <node id="13369886917" lat="38.1971390" lon="29.0866616"/>
  <node id="13369886918" lat="38.1971351" lon="29.0868079"/>
  <node id="13369886919" lat="38.1971518" lon="29.0870080"/>
  <node id="13369886920" lat="38.1971530" lon="29.0872161"/>
  <node id="13369886921" lat="38.1971351" lon="29.0874877"/>
  <node id="13369886922" lat="38.1971032" lon="29.0876698"/>
  <node id="13369886923" lat="38.1970444" lon="29.0878763"/>
  <node id="13369886924" lat="38.1969792" lon="29.0880699"/>
  <node id="13369886925" lat="38.1969051" lon="29.0882861"/>
  <node id="13369886926" lat="38.1968450" lon="29.0885008"/>
  <node id="13369886927" lat="38.1968105" lon="29.0886813"/>
  <node id="13369886928" lat="38.1967888" lon="29.0888065"/>
  <node id="13369886929" lat="38.1967735" lon="29.0890488"/>
  <node id="13369886930" lat="38.1967569" lon="29.0891871"/>
  <node id="13369886931" lat="38.1967262" lon="29.0893659"/>
  <node id="13369886932" lat="38.1966572" lon="29.0896359"/>
  <node id="13369886933" lat="38.1965869" lon="29.0899481"/>
  <node id="13369886934" lat="38.1964335" lon="29.0905677"/>
  <node id="13369886935" lat="38.1963211" lon="29.0911612"/>
  <node id="13369886936" lat="38.1962303" lon="29.0915141"/>
  <node id="13369886937" lat="38.1961370" lon="29.0918085"/>
  <node id="13369886938" lat="38.1960386" lon="29.0921337"/>
  <node id="13369886939" lat="38.1959734" lon="29.0923419"/>
  <node id="13369886940" lat="38.1958993" lon="29.0926248"/>
  <node id="13369886941" lat="38.1957753" lon="29.0931045"/>
  <node id="13369886942" lat="38.1956974" lon="29.0934721"/>
  <node id="13369886943" lat="38.1956999" lon="29.0936932"/>
  <node id="13369886944" lat="38.1957191" lon="29.0939697"/>
  <node id="13369886945" lat="38.1957396" lon="29.0942559"/>
  <node id="13369886946" lat="38.1957651" lon="29.0944592"/>
  <node id="13369886947" lat="38.1958124" lon="29.0946218"/>
  <node id="13369886948" lat="38.1958201" lon="29.0947145"/>
  <node id="13369886949" lat="38.1957677" lon="29.0950299"/>
  <node id="13369886950" lat="38.1956820" lon="29.0953779"/>
  <node id="13369886951" lat="38.1956245" lon="29.0955357"/>
  <node id="13369886952" lat="38.1955376" lon="29.0958544"/>
  <node id="13369886953" lat="38.1954814" lon="29.0960219"/>
  <node id="13369886954" lat="38.1952833" lon="29.0964886"/>
  <node id="13369886955" lat="38.1950890" lon="29.0969602"/>
  <node id="13369886956" lat="38.1949932" lon="29.0971977"/>
  <node id="13369886957" lat="38.1948347" lon="29.0974969"/>
  <node id="13369886958" lat="38.1946946" lon="29.0978135"/>
  <node id="13369886959" lat="38.1945604" lon="29.0980509"/>
  <node id="13369886960" lat="38.1944748" lon="29.0982346"/>
  <node id="13369886961" lat="38.1944263" lon="29.0983712"/>
  <node id="13369886962" lat="38.1943432" lon="29.0986396"/>
  <node id="13369886963" lat="38.1942524" lon="29.0989176"/>
  <node id="13369886964" lat="38.1942051" lon="29.0991242"/>
  <node id="13369886965" lat="38.1941706" lon="29.0992982"/>
  <node id="13369886966" lat="38.1941553" lon="29.0994462"/>
  <node id="13369886967" lat="38.1941719" lon="29.0996689"/>
  <node id="13369886968" lat="38.1941783" lon="29.0997698"/>
  <node id="13369886969" lat="38.1941540" lon="29.0998738"/>
  <node id="13369886970" lat="38.1941106" lon="29.0999795"/>
  <node id="13369886971" lat="38.1940262" lon="29.1001470"/>
  <node id="13369886972" lat="38.1938614" lon="29.1004804"/>
  <node id="13369886973" lat="38.1938038" lon="29.1005959"/>
  <node id="13369886974" lat="38.1937205" lon="29.1006971"/>
  <node id="13369886975" lat="38.1935556" lon="29.1008337"/>
  <node id="13369886976" lat="38.1933805" lon="29.1009752"/>
  <node id="13369886977" lat="38.1932924" lon="29.1010500"/>
  <node id="13369886978" lat="38.1931978" lon="29.1011963"/>
  <node id="13369886979" lat="38.1930022" lon="29.1014890"/>
  <node id="13369886980" lat="38.1926904" lon="29.1019834"/>
  <node id="13369886981" lat="38.1926188" lon="29.1021509"/>
  <node id="13369886982" lat="38.1925958" lon="29.1023704"/>
  <node id="13369886983" lat="38.1925741" lon="29.1025282"/>
  <node id="13369886984" lat="38.1925153" lon="29.1027819"/>
  <node id="13369886985" lat="38.1924220" lon="29.1030957"/>
  <node id="13369886986" lat="38.1923351" lon="29.1033478"/>
  <node id="13369886987" lat="38.1922060" lon="29.1036567"/>
  <node id="13369886988" lat="38.1920833" lon="29.1038909"/>
  <node id="13369886989" lat="38.1920232" lon="29.1040422"/>
  <node id="13369886990" lat="38.1919262" lon="29.1042932"/>
  <node id="13369886991" lat="38.1958158" lon="29.0946626"/>
  <node id="13369886992" lat="38.1960996" lon="29.0947994"/>
  <node id="13369886993" lat="38.1965549" lon="29.0951019"/>
  <node id="13369886994" lat="38.1967893" lon="29.0952457"/>
  <node id="13369886995" lat="38.1971300" lon="29.0954431"/>
  <node id="13369886996" lat="38.1976679" lon="29.0958122"/>
  <node id="13369886997" lat="38.1981316" lon="29.0960868"/>
  <node id="13369886998" lat="38.1983778" lon="29.0961405"/>
  <node id="13369886999" lat="38.1982342" lon="29.0961185"/>
  <node id="13369887000" lat="38.1988584" lon="29.0961212"/>
  <node id="13369887001" lat="38.1992851" lon="29.0961169"/>
  <node id="13369887002" lat="38.1994351" lon="29.0960911"/>
  <node id="13369887003" lat="38.1996476" lon="29.0960697"/>
  <node id="13369887004" lat="38.1998348" lon="29.0960160"/>
  <node id="13369887005" lat="38.2001788" lon="29.0959237"/>
  <node id="13369887006" lat="38.2004806" lon="29.0958787"/>
  <node id="13369887007" lat="38.2007487" lon="29.0957585"/>
  <node id="13369887008" lat="38.2010792" lon="29.0955118"/>
  <node id="13369887009" lat="38.2013929" lon="29.0953272"/>
  <node id="13369887010" lat="38.2017116" lon="29.0952028"/>
  <node id="13369887011" lat="38.2021365" lon="29.0950826"/>
  <node id="13369887012" lat="38.2025007" lon="29.0950118"/>
  <node id="13369887013" lat="38.2027051" lon="29.0949085"/>
  <node id="13428971068" lat="38.1533495" lon="29.0689149"/>
  <node id="13428971069" lat="38.1532351" lon="29.0688958"/>
  <node id="13428971070" lat="38.1530823" lon="29.0688366"/>
  <node id="13428971071" lat="38.1529007" lon="29.0687798"/>
  <node id="13431764385" lat="38.1393618" lon="29.0455468"/>
  <node id="13431764386" lat="38.1392957" lon="29.0455440"/>
  <node id="13431764387" lat="38.1391976" lon="29.0454778"/>
  <node id="13431764388" lat="38.1390244" lon="29.0454547"/>
  <node id="13431764389" lat="38.1385545" lon="29.0455071"/>
  <node id="13431764390" lat="38.1383062" lon="29.0454224"/>
  <node id="13431764391" lat="38.1381270" lon="29.0453300"/>
  <node id="13431764392" lat="38.1379405" lon="29.0452114"/>
  <node id="13431764393" lat="38.1378484" lon="29.0450959"/>
  <node id="13431764394" lat="38.1377782" lon="29.0449666"/>
  <node id="13431764395" lat="38.1377164" lon="29.0447726"/>
  <node id="13431764396" lat="38.1377043" lon="29.0445970"/>
  <node id="13431764397" lat="38.1376280" lon="29.0444476"/>
  <node id="13431764398" lat="38.1374948" lon="29.0443414"/>
  <node id="13431764399" lat="38.1374003" lon="29.0442798"/>
  <node id="13431764400" lat="38.1373579" lon="29.0441951"/>
  <node id="13431981055" lat="38.1684501" lon="29.1091200"/>
  <node id="13431981056" lat="38.1684314" lon="29.1091956"/>
  <node id="13431981057" lat="38.1684519" lon="29.1093594"/>
  <node id="13431981058" lat="38.1685031" lon="29.1098613"/>
  <node id="13431981059" lat="38.1685031" lon="29.1100764"/>
  <node id="13431981060" lat="38.1684390" lon="29.1103013"/>
  <node id="13431981061" lat="38.1684134" lon="29.1105229"/>
  <node id="13431981062" lat="38.1684109" lon="29.1108227"/>
  <node id="13431981063" lat="38.1684416" lon="29.1111617"/>
  <node id="13431981064" lat="38.1684160" lon="29.1115952"/>
  <node id="13431981065" lat="38.1684442" lon="29.1120286"/>
  <node id="13431981066" lat="38.1685569" lon="29.1126674"/>
  <node id="13431981067" lat="38.1686696" lon="29.1133649"/>
  <node id="13431981068" lat="38.1687798" lon="29.1138896"/>
  <node id="13431981069" lat="38.1688695" lon="29.1141144"/>
  <node id="13431981070" lat="38.1690386" lon="29.1145870"/>
  <node id="13431981071" lat="38.1691360" lon="29.1149586"/>
  <node id="13431981072" lat="38.1691437" lon="29.1153040"/>
  <node id="13431981073" lat="38.1692077" lon="29.1156430"/>
  <node id="13431981074" lat="38.1693756" lon="29.1162149"/>
  <node id="13431981075" lat="38.1694729" lon="29.1166468"/>
  <node id="13431981076" lat="38.1696305" lon="29.1170020"/>
  <node id="13431981077" lat="38.1699085" lon="29.1176278"/>
  <node id="13431981078" lat="38.1700482" lon="29.1180335"/>
  <node id="13431981079" lat="38.1700648" lon="29.1184197"/>
  <node id="13431981080" lat="38.1700584" lon="29.1186430"/>
  <node id="13431981081" lat="38.1700968" lon="29.1188125"/>
  <node id="13431981082" lat="38.1701839" lon="29.1190129"/>
  <node id="13431981083" lat="38.1702647" lon="29.1192801"/>
  <node id="13431981084" lat="38.1702583" lon="29.1194561"/>
  <node id="13431981085" lat="38.1702147" lon="29.1196044"/>
  <node id="13431981086" lat="38.1702044" lon="29.1197250"/>
  <node id="13431981087" lat="38.1702198" lon="29.1198195"/>
  <node id="13431981088" lat="38.1702788" lon="29.1199857"/>
  <node id="13431981089" lat="38.1703761" lon="29.1201731"/>
  <node id="13431981090" lat="38.1704760" lon="29.1204616"/>
  <node id="13431981091" lat="38.1705978" lon="29.1208999"/>
  <node id="13431981092" lat="38.1706964" lon="29.1213236"/>
  <node id="13431981093" lat="38.1707784" lon="29.1218548"/>
  <node id="13431981094" lat="38.1709270" lon="29.1225621"/>
  <node id="13431981095" lat="38.1673936" lon="29.1060514"/>
  <node id="13431981096" lat="38.1673731" lon="29.1058787"/>
  <node id="13431981097" lat="38.1674372" lon="29.1054419"/>
  <node id="13431981098" lat="38.1675884" lon="29.1049140"/>
  <node id="13431981099" lat="38.1677395" lon="29.1045457"/>
  <node id="13431981100" lat="38.1678651" lon="29.1043958"/>
  <node id="13431982971" lat="38.1510527" lon="29.0736066"/>
  <node id="13431982972" lat="38.1510720" lon="29.0737668"/>
  <node id="13431982973" lat="38.1510091" lon="29.0738561"/>
  <node id="13431982974" lat="38.1508735" lon="29.0740224"/>
  <node id="13431982975" lat="38.1506313" lon="29.0746384"/>
  <node id="13431982976" lat="38.1504351" lon="29.0751465"/>
  <node id="13431982977" lat="38.1502776" lon="29.0757409"/>
  <node id="13431982978" lat="38.1502074" lon="29.0761105"/>
  <node id="13431982979" lat="38.1502510" lon="29.0762091"/>
  <node id="13431982980" lat="38.1503479" lon="29.0761475"/>
  <node id="13431982981" lat="38.1504351" lon="29.0759873"/>
  <node id="13431982982" lat="38.1505562" lon="29.0757348"/>
  <node id="13431982983" lat="38.1506482" lon="29.0754176"/>
  <node id="13432032494" lat="38.1549796" lon="29.0667300"/>
  <node id="13432032495" lat="38.1546600" lon="29.0665554"/>
  <node id="13432032496" lat="38.1554176" lon="29.0664537"/>
  <node id="13432034839" lat="38.1494257" lon="29.0719530"/>
  <node id="13432034840" lat="38.1494717" lon="29.0717312"/>
  <node id="13432034841" lat="38.1495686" lon="29.0714325"/>
  <node id="13432034842" lat="38.1497890" lon="29.0709520"/>
  <node id="13432034843" lat="38.1499633" lon="29.0705332"/>
  <node id="13432034844" lat="38.1500869" lon="29.0703145"/>
  <node id="13432034845" lat="38.1502927" lon="29.0699912"/>
  <node id="13432035001" lat="38.1679112" lon="29.1040992"/>
  <node id="13432035002" lat="38.1678676" lon="29.1038613"/>
  <node id="13432035003" lat="38.1677472" lon="29.1035451"/>
  <node id="13432035004" lat="38.1675935" lon="29.1032681"/>
  <node id="13432035005" lat="38.1675320" lon="29.1029357"/>
  <node id="13432035006" lat="38.1674141" lon="29.1024859"/>
  <node id="13432035007" lat="38.1671348" lon="29.1016092"/>
  <node id="13432035008" lat="38.1668940" lon="29.1008466"/>
  <node id="13432035009" lat="38.1668222" lon="29.1004294"/>
  <node id="13432035010" lat="38.1668914" lon="29.1000090"/>
  <node id="13432035011" lat="38.1669145" lon="29.0995723"/>
  <node id="13432035012" lat="38.1668888" lon="29.0992203"/>
  <node id="13432035013" lat="38.1667658" lon="29.0989531"/>
  <node id="13432035014" lat="38.1666915" lon="29.0986239"/>
  <node id="13432035015" lat="38.1666787" lon="29.0983371"/>
  <node id="13432035016" lat="38.1665890" lon="29.0980633"/>
  <node id="13432035017" lat="38.1664558" lon="29.0975940"/>
  <node id="13432035018" lat="38.1663917" lon="29.0971834"/>
  <node id="13432035019" lat="38.1663097" lon="29.0965706"/>
  <node id="13432035020" lat="38.1663123" lon="29.0960916"/>
  <node id="13432035021" lat="38.1661278" lon="29.0955962"/>
  <node id="13432035022" lat="38.1659997" lon="29.0951236"/>
  <node id="13432035023" lat="38.1591567" lon="29.1254582"/>
  <node id="13432035024" lat="38.1593448" lon="29.1254265"/>
  <node id="13432035025" lat="38.1595217" lon="29.1253853"/>
  <node id="13432035026" lat="38.1596612" lon="29.1253092"/>
  <node id="13432035027" lat="38.1598481" lon="29.1250083"/>
  <node id="13432035028" lat="38.1600648" lon="29.1246819"/>
  <node id="13432035029" lat="38.1601470" lon="29.1244570"/>
  <node id="13432035030" lat="38.1601246" lon="29.1242637"/>
  <node id="13432035031" lat="38.1601769" lon="29.1240737"/>
  <node id="13432035032" lat="38.1602940" lon="29.1238709"/>
  <node id="13432035033" lat="38.1604384" lon="29.1237252"/>
  <node id="13432035034" lat="38.1607449" lon="29.1235192"/>
  <node id="13432035035" lat="38.1610513" lon="29.1233671"/>
  <node id="13432035036" lat="38.1612929" lon="29.1232784"/>
  <node id="13432035037" lat="38.1615669" lon="29.1232974"/>
  <node id="13432035038" lat="38.1617836" lon="29.1232214"/>
  <node id="13432035039" lat="38.1619804" lon="29.1231105"/>
  <node id="13432035040" lat="38.1620701" lon="29.1229996"/>
  <node id="13432035041" lat="38.1621224" lon="29.1228666"/>
  <node id="13432035042" lat="38.1621822" lon="29.1227398"/>
  <node id="13432035043" lat="38.1622370" lon="29.1227335"/>
  <node id="13432035044" lat="38.1623192" lon="29.1227684"/>
  <node id="13432035045" lat="38.1624089" lon="29.1229109"/>
  <node id="13432035046" lat="38.1624836" lon="29.1230662"/>
  <node id="13432035047" lat="38.1625185" lon="29.1232943"/>
  <node id="13432035048" lat="38.1624612" lon="29.1234685"/>
  <node id="13432035049" lat="38.1624761" lon="29.1236459"/>
  <node id="13432035050" lat="38.1625783" lon="29.1237727"/>
  <node id="13432035051" lat="38.1627178" lon="29.1238297"/>
  <node id="13432035052" lat="38.1629096" lon="29.1239374"/>
  <node id="13432035053" lat="38.1630391" lon="29.1241275"/>
  <node id="13432035054" lat="38.1631911" lon="29.1243746"/>
  <node id="13432035055" lat="38.1632309" lon="29.1245330"/>
  <node id="13432035056" lat="38.1633131" lon="29.1246439"/>
  <node id="13432035057" lat="38.1635971" lon="29.1247485"/>
  <node id="13432035058" lat="38.1638063" lon="29.1247865"/>
  <node id="13432035059" lat="38.1639807" lon="29.1249702"/>
  <node id="13432035060" lat="38.1643344" lon="29.1252079"/>
  <node id="13432035061" lat="38.1646383" lon="29.1254106"/>
  <node id="13432035062" lat="38.1649671" lon="29.1255405"/>
  <node id="13432035063" lat="38.1651639" lon="29.1256577"/>
  <node id="13432035064" lat="38.1653731" lon="29.1257084"/>
  <node id="13432035065" lat="38.1655898" lon="29.1257274"/>
  <node id="13432035066" lat="38.1658265" lon="29.1256768"/>
  <node id="13432035067" lat="38.1659510" lon="29.1256546"/>
  <node id="13432035068" lat="38.1660606" lon="29.1257021"/>
  <node id="13432035069" lat="38.1662001" lon="29.1258288"/>
  <node id="13432035070" lat="38.1662823" lon="29.1259619"/>
  <node id="13432035071" lat="38.1665115" lon="29.1261615"/>
  <node id="13432035072" lat="38.1667282" lon="29.1263389"/>
  <node id="13432035073" lat="38.1669847" lon="29.1264656"/>
  <node id="13432035074" lat="38.1674057" lon="29.1266209"/>
  <node id="13432035075" lat="38.1675875" lon="29.1267381"/>
  <node id="13432035076" lat="38.1677146" lon="29.1267508"/>
  <node id="13432035077" lat="38.1678291" lon="29.1266969"/>
  <node id="13432035078" lat="38.1680035" lon="29.1265702"/>
  <node id="13432035079" lat="38.1681679" lon="29.1264498"/>
  <node id="13432035080" lat="38.1684842" lon="29.1262850"/>
  <node id="13432035081" lat="38.1686686" lon="29.1261773"/>
  <node id="13432035082" lat="38.1687507" lon="29.1260506"/>
  <node id="13432035083" lat="38.1687856" lon="29.1258225"/>
  <node id="13432035084" lat="38.1689226" lon="29.1256292"/>
  <node id="13432035085" lat="38.1691916" lon="29.1254962"/>
  <node id="13432035086" lat="38.1693934" lon="29.1254360"/>
  <node id="13432035087" lat="38.1695080" lon="29.1253187"/>
  <node id="13432035088" lat="38.1695154" lon="29.1251889"/>
  <node id="13432035089" lat="38.1694507" lon="29.1250146"/>
  <node id="13432035090" lat="38.1693510" lon="29.1248372"/>
  <node id="13432035091" lat="38.1692389" lon="29.1246376"/>
  <node id="13432035092" lat="38.1691418" lon="29.1244063"/>
  <node id="13432035093" lat="38.1691244" lon="29.1241845"/>
  <node id="13432035094" lat="38.1691368" lon="29.1240008"/>
  <node id="13432035095" lat="38.1691866" lon="29.1239026"/>
  <node id="13432035096" lat="38.1693361" lon="29.1238265"/>
  <node id="13432035097" lat="38.1695627" lon="29.1237853"/>
  <node id="13432035098" lat="38.1697994" lon="29.1237283"/>
  <node id="13432035099" lat="38.1700584" lon="29.1237537"/>
  <node id="13432035100" lat="38.1702851" lon="29.1238424"/>
  <node id="13432035101" lat="38.1705018" lon="29.1238487"/>
  <node id="13432035102" lat="38.1707060" lon="29.1239279"/>
  <node id="13432035103" lat="38.1709302" lon="29.1241053"/>
  <node id="13432035104" lat="38.1710273" lon="29.1241529"/>
  <node id="13432035105" lat="38.1711120" lon="29.1241085"/>
  <node id="13432035106" lat="38.1711120" lon="29.1240071"/>
  <node id="13432035107" lat="38.1710721" lon="29.1237917"/>
  <node id="13432035108" lat="38.1709924" lon="29.1234305"/>
  <node id="13432035109" lat="38.1709601" lon="29.1231264"/>
  <node id="13432035110" lat="38.1709900" lon="29.1229806"/>
  <node id="13432035111" lat="38.1710522" lon="29.1229616"/>
  <node id="13432035112" lat="38.1712216" lon="29.1229236"/>
  <node id="13432035113" lat="38.1712764" lon="29.1228412"/>
  <node id="13432035114" lat="38.1713536" lon="29.1227462"/>
  <node id="13432035115" lat="38.1714707" lon="29.1226701"/>
  <node id="13432035116" lat="38.1717123" lon="29.1226163"/>
  <node id="13432035117" lat="38.1722278" lon="29.1225814"/>
  <node id="13432035118" lat="38.1728381" lon="29.1225688"/>
  <node id="13432035119" lat="38.1731220" lon="29.1225909"/>
  <node id="13432035120" lat="38.1732390" lon="29.1225656"/>
  <node id="13432035121" lat="38.1733038" lon="29.1224706"/>
  <node id="13432035122" lat="38.1733511" lon="29.1223090"/>
  <node id="13432035123" lat="38.1734458" lon="29.1221886"/>
  <node id="13432035124" lat="38.1735628" lon="29.1220682"/>
  <node id="13432035125" lat="38.1736649" lon="29.1217070"/>
  <node id="13432035126" lat="38.1737745" lon="29.1213902"/>
  <node id="13432035127" lat="38.1738468" lon="29.1210037"/>
  <node id="13432035128" lat="38.1738941" lon="29.1205823"/>
  <node id="13432035129" lat="38.1739290" lon="29.1202623"/>
  <node id="13432035130" lat="38.1740236" lon="29.1201578"/>
  <node id="13432035131" lat="38.1741382" lon="29.1201641"/>
  <node id="13432035132" lat="38.1743549" lon="29.1202560"/>
  <node id="13432035133" lat="38.1744844" lon="29.1202877"/>
  <node id="13432035134" lat="38.1745118" lon="29.1202116"/>
  <node id="13432035135" lat="38.1744968" lon="29.1201293"/>
  <node id="13432035136" lat="38.1744470" lon="29.1200310"/>
  <node id="13432035137" lat="38.1743773" lon="29.1198536"/>
  <node id="13432035138" lat="38.1742627" lon="29.1195463"/>
  <node id="13432035139" lat="38.1741083" lon="29.1190299"/>
  <node id="13432035140" lat="38.1740311" lon="29.1185198"/>
  <node id="13432035141" lat="38.1739389" lon="29.1181555"/>
  <node id="13432035142" lat="38.1737596" lon="29.1176549"/>
  <node id="13432035143" lat="38.1735803" lon="29.1170466"/>
  <node id="13432035144" lat="38.1734732" lon="29.1168217"/>
  <node id="13432035145" lat="38.1733910" lon="29.1166094"/>
  <node id="13432035146" lat="38.1733586" lon="29.1163401"/>
  <node id="13432035147" lat="38.1733760" lon="29.1160708"/>
  <node id="13432035148" lat="38.1733113" lon="29.1158871"/>
  <node id="13432035149" lat="38.1731618" lon="29.1156685"/>
  <node id="13432035150" lat="38.1729053" lon="29.1154847"/>
  <node id="13432035151" lat="38.1725043" lon="29.1151869"/>
  <node id="13432035152" lat="38.1718667" lon="29.1148384"/>
  <node id="13432035153" lat="38.1710472" lon="29.1142048"/>
  <node id="13432035154" lat="38.1707733" lon="29.1140083"/>
  <node id="13432035155" lat="38.1705566" lon="29.1137992"/>
  <node id="13432035156" lat="38.1700933" lon="29.1131307"/>
  <node id="13432035157" lat="38.1699090" lon="29.1127632"/>
  <node id="13432035158" lat="38.1698392" lon="29.1123514"/>
  <node id="13432035159" lat="38.1697844" lon="29.1119078"/>
  <node id="13432035160" lat="38.1696599" lon="29.1116068"/>
  <node id="13432035161" lat="38.1695005" lon="29.1110271"/>
  <node id="13432035162" lat="38.1693112" lon="29.1105708"/>
  <node id="13432035163" lat="38.1691717" lon="29.1100988"/>
  <node id="13432035164" lat="38.1690073" lon="29.1097471"/>
  <node id="13432035165" lat="38.1686312" lon="29.1093067"/>
  <node id="13432035166" lat="38.1683547" lon="29.1090216"/>
  <node id="13432035167" lat="38.1681256" lon="29.1085147"/>
  <node id="13432035168" lat="38.1678839" lon="29.1080205"/>
  <node id="13432035169" lat="38.1677918" lon="29.1077322"/>
  <node id="13432035170" lat="38.1677146" lon="29.1072823"/>
  <node id="13432035171" lat="38.1675776" lon="29.1067310"/>
  <node id="13432035172" lat="38.1675041" lon="29.1065092"/>
  <node id="13432035173" lat="38.1673883" lon="29.1062209"/>
  <node id="13432035174" lat="38.1670819" lon="29.1056950"/>
  <node id="13432035175" lat="38.1669424" lon="29.1054099"/>
  <node id="13432035176" lat="38.1668378" lon="29.1050107"/>
  <node id="13432035177" lat="38.1666011" lon="29.1044404"/>
  <node id="13432035178" lat="38.1665314" lon="29.1040951"/>
  <node id="13432035179" lat="38.1664940" lon="29.1037212"/>
  <node id="13432035180" lat="38.1663446" lon="29.1031161"/>
  <node id="13432035181" lat="38.1662649" lon="29.1027644"/>
  <node id="13432035182" lat="38.1661055" lon="29.1025743"/>
  <node id="13432035183" lat="38.1658364" lon="29.1023526"/>
  <node id="13432035184" lat="38.1655176" lon="29.1021118"/>
  <node id="13432035185" lat="38.1654279" lon="29.1019661"/>
  <node id="13432035186" lat="38.1652361" lon="29.1014940"/>
  <node id="13432035187" lat="38.1649422" lon="29.1008097"/>
  <node id="13432035188" lat="38.1648177" lon="29.1005942"/>
  <node id="13432035189" lat="38.1646906" lon="29.1005626"/>
  <node id="13432035190" lat="38.1645486" lon="29.1006386"/>
  <node id="13432035191" lat="38.1643220" lon="29.1005879"/>
  <node id="13432035192" lat="38.1640206" lon="29.1004327"/>
  <node id="13432035193" lat="38.1637964" lon="29.1002172"/>
  <node id="13432035194" lat="38.1635348" lon="29.0997958"/>
  <node id="13432035195" lat="38.1633928" lon="29.0995899"/>
  <node id="13432035196" lat="38.1631861" lon="29.0994473"/>
  <node id="13432035197" lat="38.1629021" lon="29.0992763"/>
  <node id="13432035198" lat="38.1625783" lon="29.0989024"/>
  <node id="13432035199" lat="38.1623815" lon="29.0986395"/>
  <node id="13432035200" lat="38.1623242" lon="29.0984842"/>
  <node id="13432035201" lat="38.1622868" lon="29.0983100"/>
  <node id="13432035202" lat="38.1621473" lon="29.0981959"/>
  <node id="13432035203" lat="38.1617363" lon="29.0980977"/>
  <node id="13432035204" lat="38.1615046" lon="29.0979298"/>
  <node id="13432035205" lat="38.1613153" lon="29.0977365"/>
  <node id="13432035206" lat="38.1611235" lon="29.0972455"/>
  <node id="13432035207" lat="38.1610139" lon="29.0969160"/>
  <node id="13432035208" lat="38.1608868" lon="29.0968146"/>
  <node id="13432035209" lat="38.1602715" lon="29.0966023"/>
  <node id="13432035210" lat="38.1599352" lon="29.0964693"/>
  <node id="13432035211" lat="38.1598057" lon="29.0963108"/>
  <node id="13432035212" lat="38.1596911" lon="29.0960162"/>
  <node id="13432035213" lat="38.1595018" lon="29.0958831"/>
  <node id="13432035214" lat="38.1592427" lon="29.0956360"/>
  <node id="13432035215" lat="38.1590384" lon="29.0955663"/>
  <node id="13432035216" lat="38.1587868" lon="29.0955600"/>
  <node id="13432035217" lat="38.1585253" lon="29.0954586"/>
  <node id="13432035218" lat="38.1583683" lon="29.0953002"/>
  <node id="13432035219" lat="38.1582587" lon="29.0950404"/>
  <node id="13432035220" lat="38.1581018" lon="29.0943719"/>
  <node id="13432035221" lat="38.1579224" lon="29.0935387"/>
  <node id="13432035222" lat="38.1578676" lon="29.0931553"/>
  <node id="13432035223" lat="38.1578003" lon="29.0929114"/>
  <node id="13432035224" lat="38.1575936" lon="29.0924520"/>
  <node id="13432035225" lat="38.1573619" lon="29.0921383"/>
  <node id="13432035226" lat="38.1571975" lon="29.0918786"/>
  <node id="13432035227" lat="38.1567017" lon="29.0909788"/>
  <node id="13432035228" lat="38.1563280" lon="29.0903578"/>
  <node id="13432035229" lat="38.1560914" lon="29.0898984"/>
  <node id="13432035230" lat="38.1559394" lon="29.0894897"/>
  <node id="13432035231" lat="38.1558970" lon="29.0890652"/>
  <node id="13432035232" lat="38.1558298" lon="29.0884221"/>
  <node id="13432035233" lat="38.1557949" lon="29.0880736"/>
  <node id="13432035234" lat="38.1557451" lon="29.0879785"/>
  <node id="13432035235" lat="38.1556280" lon="29.0878866"/>
  <node id="13432035236" lat="38.1553888" lon="29.0877219"/>
  <node id="13432035237" lat="38.1551248" lon="29.0874273"/>
  <node id="13432035238" lat="38.1547984" lon="29.0870312"/>
  <node id="13432035239" lat="38.1547112" lon="29.0868190"/>
  <node id="13432035240" lat="38.1546140" lon="29.0865402"/>
  <node id="13432036442" lat="38.1404637" lon="29.0508708"/>
  <node id="13432036443" lat="38.1404431" lon="29.0509096"/>
  <node id="13432036444" lat="38.1403740" lon="29.0509587"/>
  <node id="13432036445" lat="38.1402980" lon="29.0509888"/>
  <node id="13432036446" lat="38.1402045" lon="29.0510205"/>
  <node id="13432036447" lat="38.1402045" lon="29.0510902"/>
  <node id="13432036448" lat="38.1402307" lon="29.0512977"/>
  <node id="13432036449" lat="38.1402768" lon="29.0515844"/>
  <node id="13432036450" lat="38.1403441" lon="29.0518442"/>
  <node id="13432036451" lat="38.1404412" lon="29.0522498"/>
  <node id="13432036452" lat="38.1404387" lon="29.0527028"/>
  <node id="13432036453" lat="38.1404437" lon="29.0530545"/>
  <node id="13432036454" lat="38.1405085" lon="29.0532652"/>
  <node id="13432036455" lat="38.1405546" lon="29.0533840"/>
  <node id="13432036456" lat="38.1405235" lon="29.0534410"/>
  <node id="13432036457" lat="38.1404512" lon="29.0534663"/>
  <node id="13432036458" lat="38.1402519" lon="29.0534885"/>
  <node id="13432036459" lat="38.1399541" lon="29.0535456"/>
  <node id="13432036460" lat="38.1396625" lon="29.0536453"/>
  <node id="13432036461" lat="38.1395853" lon="29.0537071"/>
  <node id="13432036462" lat="38.1395542" lon="29.0538497"/>
  <node id="13432036463" lat="38.1394906" lon="29.0541792"/>
  <node id="13432036464" lat="38.1394221" lon="29.0544517"/>
  <node id="13432036465" lat="38.1393399" lon="29.0545562"/>
  <node id="13432036466" lat="38.1392153" lon="29.0546417"/>
  <node id="13432036467" lat="38.1390981" lon="29.0546417"/>
  <node id="13432036468" lat="38.1389561" lon="29.0546988"/>
  <node id="13432036469" lat="38.1388639" lon="29.0548097"/>
  <node id="13432036470" lat="38.1388116" lon="29.0552057"/>
  <node id="13432036471" lat="38.1387792" lon="29.0555479"/>
  <node id="13432036472" lat="38.1387742" lon="29.0559439"/>
  <node id="13432036473" lat="38.1388739" lon="29.0564666"/>
  <node id="13432036474" lat="38.1389013" lon="29.0567011"/>
  <node id="13432036475" lat="38.1388764" lon="29.0568658"/>
  <node id="13432036476" lat="38.1388141" lon="29.0569545"/>
  <node id="13432036477" lat="38.1387169" lon="29.0570147"/>
  <node id="13432036478" lat="38.1385898" lon="29.0570433"/>
  <node id="13432036479" lat="38.1384403" lon="29.0571003"/>
  <node id="13432036480" lat="38.1382609" lon="29.0573791"/>
  <node id="13432036481" lat="38.1380491" lon="29.0578100"/>
  <node id="13432036482" lat="38.1379619" lon="29.0580001"/>
  <node id="13432036483" lat="38.1379619" lon="29.0581458"/>
  <node id="13432036484" lat="38.1380092" lon="29.0582060"/>
  <node id="13432036485" lat="38.1381213" lon="29.0582282"/>
  <node id="13432036486" lat="38.1382559" lon="29.0582377"/>
  <node id="13432036487" lat="38.1384528" lon="29.0583264"/>
  <node id="13432036488" lat="38.1386347" lon="29.0583866"/>
  <node id="13432036489" lat="38.1388290" lon="29.0584436"/>
  <node id="13432036490" lat="38.1390383" lon="29.0584341"/>
  <node id="13432036491" lat="38.1391953" lon="29.0584214"/>
  <node id="13432036492" lat="38.1393174" lon="29.0583454"/>
  <node id="13432036493" lat="38.1394844" lon="29.0583074"/>
  <node id="13432036494" lat="38.1396264" lon="29.0583264"/>
  <node id="13432036495" lat="38.1399454" lon="29.0584404"/>
  <node id="13432036496" lat="38.1400849" lon="29.0584594"/>
  <node id="13432036497" lat="38.1402070" lon="29.0584151"/>
  <node id="13432036498" lat="38.1403565" lon="29.0585070"/>
  <node id="13432036499" lat="38.1405559" lon="29.0588174"/>
  <node id="13432036500" lat="38.1406356" lon="29.0589917"/>
  <node id="13432036915" lat="38.1517755" lon="29.0680118"/>
  <node id="13432037693" lat="38.1490342" lon="29.0605866"/>
  <node id="13432037694" lat="38.1488321" lon="29.0605210"/>
  <node id="13432037695" lat="38.1484402" lon="29.0602503"/>
  <node id="13432037696" lat="38.1480944" lon="29.0600330"/>
  <node id="13432037697" lat="38.1479304" lon="29.0599382"/>
  <node id="13432037698" lat="38.1478219" lon="29.0598709"/>
  <node id="13432037699" lat="38.1477134" lon="29.0596985"/>
  <node id="13432037700" lat="38.1476483" lon="29.0594812"/>
  <node id="13432051831" lat="38.1670683" lon="29.0587031"/>
  <node id="13432051832" lat="38.1670075" lon="29.0587435"/>
  <node id="13432051833" lat="38.1669203" lon="29.0588132"/>
  <node id="13432051834" lat="38.1668281" lon="29.0589843"/>
  <node id="13432051835" lat="38.1667310" lon="29.0591918"/>
  <node id="13432051836" lat="38.1665168" lon="29.0595530"/>
  <node id="13432051837" lat="38.1662453" lon="29.0600155"/>
  <node id="13432051838" lat="38.1660697" lon="29.0603751"/>
  <node id="13432051839" lat="38.1660061" lon="29.0604496"/>
  <node id="13432051840" lat="38.1659401" lon="29.0604417"/>
  <node id="13432051841" lat="38.1657844" lon="29.0603625"/>
  <node id="13432051842" lat="38.1655491" lon="29.0602373"/>
  <node id="13432051843" lat="38.1653548" lon="29.0601549"/>
  <node id="13432051844" lat="38.1652203" lon="29.0601803"/>
  <node id="13432051845" lat="38.1651480" lon="29.0603324"/>
  <node id="13432051846" lat="38.1650409" lon="29.0605066"/>
  <node id="13432051847" lat="38.1648217" lon="29.0607220"/>
  <node id="13432051848" lat="38.1645801" lon="29.0608583"/>
  <node id="13432051849" lat="38.1641641" lon="29.0608393"/>
  <node id="13432051850" lat="38.1639997" lon="29.0609026"/>
  <node id="13432051851" lat="38.1638527" lon="29.0610579"/>
  <node id="13432061987" lat="38.1492526" lon="29.0625611"/>
  <node id="13432061988" lat="38.1492610" lon="29.0623255"/>
  <node id="13432064101" lat="38.1475832" lon="29.0592398"/>
  <node id="13432064102" lat="38.1475764" lon="29.0590519"/>
  <node id="13432064103" lat="38.1476022" lon="29.0587846"/>
  <node id="13432064104" lat="38.1476117" lon="29.0585466"/>
  <node id="13432064105" lat="38.1475886" lon="29.0582311"/>
  <node id="13432064106" lat="38.1476239" lon="29.0578983"/>
  <node id="13432064107" lat="38.1476713" lon="29.0576499"/>
  <node id="13432064108" lat="38.1477080" lon="29.0573464"/>
  <node id="13432064109" lat="38.1477758" lon="29.0570447"/>
  <node id="13432064110" lat="38.1478083" lon="29.0568136"/>
  <node id="13432064111" lat="38.1478069" lon="29.0565860"/>
  <node id="13432064112" lat="38.1478558" lon="29.0562566"/>
  <node id="13432064113" lat="38.1479995" lon="29.0558842"/>
  <node id="13432064114" lat="38.1481134" lon="29.0556255"/>
  <node id="13432064115" lat="38.1482409" lon="29.0552824"/>
  <node id="13432064116" lat="38.1483141" lon="29.0551582"/>
  <node id="13432064117" lat="38.1483480" lon="29.0550392"/>
  <node id="13432064118" lat="38.1483589" lon="29.0547651"/>
  <node id="13432064119" lat="38.1482612" lon="29.0545719"/>
  <node id="13432064120" lat="38.1481894" lon="29.0543650"/>
  <node id="13432064121" lat="38.1481039" lon="29.0542184"/>
  <node id="13432064122" lat="38.1479778" lon="29.0541253"/>
  <node id="13432064123" lat="38.1478598" lon="29.0540201"/>
  <node id="13432064124" lat="38.1478395" lon="29.0539098"/>
  <node id="13432064125" lat="38.1478517" lon="29.0537356"/>
  <node id="13432064126" lat="38.1478300" lon="29.0536028"/>
  <node id="13432064127" lat="38.1477527" lon="29.0534200"/>
  <node id="13432064128" lat="38.1476551" lon="29.0532666"/>
  <node id="13432064129" lat="38.1475968" lon="29.0530631"/>
  <node id="13432064130" lat="38.1476062" lon="29.0528907"/>
  <node id="13432064131" lat="38.1476374" lon="29.0527079"/>
  <node id="13432064132" lat="38.1476578" lon="29.0524544"/>
  <node id="13432064133" lat="38.1476374" lon="29.0523337"/>
  <node id="13432064134" lat="38.1476090" lon="29.0521371"/>
  <node id="13432064135" lat="38.1476062" lon="29.0519336"/>
  <node id="13432064136" lat="38.1476388" lon="29.0516732"/>
  <node id="13432064137" lat="38.1476361" lon="29.0514560"/>
  <node id="13432064138" lat="38.1476157" lon="29.0513103"/>
  <node id="13432064139" lat="38.1476578" lon="29.0511783"/>
  <node id="13432064140" lat="38.1476580" lon="29.0509765"/>
  <node id="13432064141" lat="38.1476594" lon="29.0507669"/>
  <node id="13432064142" lat="38.1477266" lon="29.0505591"/>
  <node id="13432064143" lat="38.1476897" lon="29.0503613"/>
  <node id="13432064144" lat="38.1476145" lon="29.0501987"/>
  <node id="13432064145" lat="38.1475961" lon="29.0500210"/>
  <node id="13432064146" lat="38.1476356" lon="29.0498349"/>
  <node id="13432064147" lat="38.1477437" lon="29.0494393"/>
  <node id="13432064148" lat="38.1478268" lon="29.0493085"/>
  <node id="13432064149" lat="38.1479098" lon="29.0491342"/>
  <node id="13432064150" lat="38.1479349" lon="29.0489967"/>
  <node id="13432064151" lat="38.1479309" lon="29.0488258"/>
  <node id="13432064152" lat="38.1478887" lon="29.0486682"/>
  <node id="13432064153" lat="38.1478967" lon="29.0485022"/>
  <node id="13432064154" lat="38.1479402" lon="29.0483380"/>
  <node id="13432064155" lat="38.1479517" lon="29.0481076"/>
  <node id="13432064156" lat="38.1479325" lon="29.0478582"/>
  <node id="13432064157" lat="38.1478633" lon="29.0477295"/>
  <node id="13432064158" lat="38.1477723" lon="29.0476334"/>
  <node id="13432064159" lat="38.1477531" lon="29.0474965"/>
  <node id="13432064160" lat="38.1477774" lon="29.0473514"/>
  <node id="13432064161" lat="38.1478569" lon="29.0470337"/>
  <node id="13432064162" lat="38.1478620" lon="29.0467860"/>
  <node id="13432064163" lat="38.1478543" lon="29.0465937"/>
  <node id="13432064164" lat="38.1478941" lon="29.0464927"/>
  <node id="13432064165" lat="38.1479953" lon="29.0464324"/>
  <node id="13432064166" lat="38.1481234" lon="29.0464471"/>
  <node id="13432064167" lat="38.1481850" lon="29.0464405"/>
  <node id="13432064168" lat="38.1482542" lon="29.0463346"/>
  <node id="13432064169" lat="38.1483439" lon="29.0462694"/>
  <node id="13432064170" lat="38.1484284" lon="29.0462678"/>
  <node id="13432064171" lat="38.1485143" lon="29.0461929"/>
  <node id="13432066666" lat="38.1810000" lon="29.0589587"/>
  <node id="13432066667" lat="38.1808669" lon="29.0588878"/>
  <node id="13432066668" lat="38.1807047" lon="29.0589063"/>
  <node id="13432066669" lat="38.1805982" lon="29.0589833"/>
  <node id="13432066670" lat="38.1805255" lon="29.0590726"/>
  <node id="13432066671" lat="38.1804868" lon="29.0591619"/>
  <node id="13432066672" lat="38.1803754" lon="29.0592143"/>
  <node id="13432066673" lat="38.1801721" lon="29.0592358"/>
  <node id="13432066674" lat="38.1799857" lon="29.0593128"/>
  <node id="13432066675" lat="38.1797823" lon="29.0595223"/>
  <node id="13432066676" lat="38.1794942" lon="29.0597933"/>
  <node id="13432066677" lat="38.1792497" lon="29.0599534"/>
  <node id="13432066678" lat="38.1788745" lon="29.0601013"/>
  <node id="13432066679" lat="38.1784290" lon="29.0602275"/>
  <node id="13432066680" lat="38.1781966" lon="29.0602306"/>
  <node id="13432066681" lat="38.1780344" lon="29.0601690"/>
  <node id="13432066682" lat="38.1778407" lon="29.0601844"/>
  <node id="13432066683" lat="38.1777173" lon="29.0601321"/>
  <node id="13432066684" lat="38.1776107" lon="29.0600612"/>
  <node id="13432066685" lat="38.1775478" lon="29.0599011"/>
  <node id="13432066686" lat="38.1774727" lon="29.0597933"/>
  <node id="13432066687" lat="38.1772960" lon="29.0596947"/>
  <node id="13432066688" lat="38.1770636" lon="29.0595253"/>
  <node id="13432066689" lat="38.1768191" lon="29.0594730"/>
  <node id="13432066690" lat="38.1764753" lon="29.0593282"/>
  <node id="13432066691" lat="38.1762065" lon="29.0592235"/>
  <node id="13432066692" lat="38.1759160" lon="29.0589710"/>
  <node id="13432066693" lat="38.1756860" lon="29.0588478"/>
  <node id="13432066694" lat="38.1755504" lon="29.0587646"/>
  <node id="13432066695" lat="38.1754560" lon="29.0586538"/>
  <node id="13432066696" lat="38.1752987" lon="29.0585829"/>
  <node id="13432066697" lat="38.1751461" lon="29.0585213"/>
  <node id="13432066698" lat="38.1749839" lon="29.0584967"/>
  <node id="13432066699" lat="38.1747927" lon="29.0585213"/>
  <node id="13432066700" lat="38.1746740" lon="29.0586045"/>
  <node id="13432073001" lat="38.1406804" lon="29.0591881"/>
  <node id="13432073002" lat="38.1407801" lon="29.0592800"/>
  <node id="13432073003" lat="38.1409795" lon="29.0594036"/>
  <node id="13432073004" lat="38.1412536" lon="29.0595303"/>
  <node id="13432073005" lat="38.1415252" lon="29.0595778"/>
  <node id="13432073006" lat="38.1418591" lon="29.0595715"/>
  <node id="13432073007" lat="38.1421456" lon="29.0595303"/>
  <node id="13432073008" lat="38.1424969" lon="29.0596475"/>
  <node id="13432073009" lat="38.1428782" lon="29.0597426"/>
  <node id="13432073010" lat="38.1431199" lon="29.0597331"/>
  <node id="13432073011" lat="38.1433391" lon="29.0596475"/>
  <node id="13432073012" lat="38.1436257" lon="29.0595778"/>
  <node id="13432073013" lat="38.1439272" lon="29.0594479"/>
  <node id="13432073014" lat="38.1442860" lon="29.0593909"/>
  <node id="13432073015" lat="38.1446074" lon="29.0594448"/>
  <node id="13432073016" lat="38.1448690" lon="29.0594321"/>
  <node id="13432073017" lat="38.1450908" lon="29.0593560"/>
  <node id="13432073018" lat="38.1451855" lon="29.0592388"/>
  <node id="13432073019" lat="38.1453686" lon="29.0589600"/>
  <node id="13432073020" lat="38.1454982" lon="29.0587620"/>
  <node id="13432073021" lat="38.1455766" lon="29.0586955"/>
  <node id="13432073022" lat="38.1456327" lon="29.0586939"/>
  <node id="13432073023" lat="38.1456900" lon="29.0587398"/>
  <node id="13432073024" lat="38.1457062" lon="29.0587889"/>
  <node id="13432073025" lat="38.1456763" lon="29.0588998"/>
  <node id="13432073026" lat="38.1456315" lon="29.0591089"/>
  <node id="13432073027" lat="38.1456340" lon="29.0593624"/>
  <node id="13432073028" lat="38.1456663" lon="29.0596950"/>
  <node id="13432073029" lat="38.1456414" lon="29.0599263"/>
  <node id="13432073030" lat="38.1457928" lon="29.0604800"/>
  <node id="13432073031" lat="38.1459398" lon="29.0604420"/>
  <node id="13432073032" lat="38.1459037" lon="29.0603675"/>
  <node id="13432073033" lat="38.1458532" lon="29.0603461"/>
  <node id="13432073034" lat="38.1458040" lon="29.0604190"/>
  <node id="13432073035" lat="38.1457330" lon="29.0605996"/>
  <node id="13432073036" lat="38.1457585" lon="29.0606075"/>
  <node id="13432073037" lat="38.1457866" lon="29.0605885"/>
  <node id="13432073038" lat="38.1456327" lon="29.0601671"/>
  <node id="13432073039" lat="38.1456800" lon="29.0604063"/>
  <node id="13432073040" lat="38.1457099" lon="29.0605394"/>
  <node id="13432073041" lat="38.1457934" lon="29.0605489"/>
  <node id="13432073042" lat="38.1458258" lon="29.0603730"/>
  <node id="13432073043" lat="38.1458806" lon="29.0603477"/>
  <node id="13432073044" lat="38.1459342" lon="29.0604364"/>
  <node id="13432073045" lat="38.1460737" lon="29.0606471"/>
  <node id="13432073046" lat="38.1462220" lon="29.0608023"/>
  <node id="13432073047" lat="38.1463266" lon="29.0608704"/>
  <node id="13432073048" lat="38.1464151" lon="29.0609481"/>
  <node id="13432073049" lat="38.1465135" lon="29.0611160"/>
  <node id="13432073050" lat="38.1466244" lon="29.0613029"/>
  <node id="13432073053" lat="38.1544542" lon="29.0538102"/>
  <node id="13432073054" lat="38.1545209" lon="29.0534680"/>
  <node id="13432073055" lat="38.1545824" lon="29.0530476"/>
  <node id="13432073056" lat="38.1545721" lon="29.0527445"/>
  <node id="13432073057" lat="38.1545824" lon="29.0525425"/>
  <node id="13432073058" lat="38.1546874" lon="29.0523437"/>
  <node id="13432073059" lat="38.1548105" lon="29.0519819"/>
  <node id="13432073060" lat="38.1549078" lon="29.0518026"/>
  <node id="13432073061" lat="38.1550027" lon="29.0516136"/>
  <node id="13432073062" lat="38.1550821" lon="29.0513724"/>
  <node id="13432073063" lat="38.1551180" lon="29.0509716"/>
  <node id="13432073064" lat="38.1552333" lon="29.0505088"/>
  <node id="13432073065" lat="38.1553640" lon="29.0500753"/>
  <node id="13432073066" lat="38.1554678" lon="29.0497771"/>
  <node id="13432073067" lat="38.1555665" lon="29.0494952"/>
  <node id="13432073068" lat="38.1556767" lon="29.0493616"/>
  <node id="13432073069" lat="38.1557894" lon="29.0492312"/>
  <node id="13432073070" lat="38.1558509" lon="29.0490960"/>
  <node id="13432073071" lat="38.1558535" lon="29.0489689"/>
  <node id="13432073072" lat="38.1558086" lon="29.0488711"/>
  <node id="13432073073" lat="38.1557074" lon="29.0486739"/>
  <node id="13432073074" lat="38.1556664" lon="29.0485273"/>
  <node id="13432073075" lat="38.1556613" lon="29.0482079"/>
  <node id="13432073076" lat="38.1556152" lon="29.0480417"/>
  <node id="13432073077" lat="38.1555178" lon="29.0479113"/>
  <node id="13432073078" lat="38.1554511" lon="29.0477549"/>
  <node id="13432073079" lat="38.1554204" lon="29.0475952"/>
  <node id="13432073080" lat="38.1554511" lon="29.0474257"/>
  <node id="13432073081" lat="38.1555460" lon="29.0472236"/>
  <node id="13432073082" lat="38.1556664" lon="29.0469825"/>
  <node id="13432073083" lat="38.1558586" lon="29.0465588"/>
  <node id="13432073084" lat="38.1560636" lon="29.0461383"/>
  <node id="13432073085" lat="38.1562225" lon="29.0457147"/>
  <node id="13432073086" lat="38.1563071" lon="29.0453464"/>
  <node id="13432073087" lat="38.1565326" lon="29.0447500"/>
  <node id="13432073088" lat="38.1567889" lon="29.0442513"/>
  <node id="13432073089" lat="38.1571784" lon="29.0435604"/>
  <node id="13432073090" lat="38.1573911" lon="29.0431661"/>
  <node id="13432073091" lat="38.1575551" lon="29.0428271"/>
  <node id="13432073092" lat="38.1578191" lon="29.0423545"/>
  <node id="13432073093" lat="38.1580446" lon="29.0420221"/>
  <node id="13432073094" lat="38.1582906" lon="29.0418592"/>
  <node id="13432073095" lat="38.1584213" lon="29.0417092"/>
  <node id="13432073096" lat="38.1586596" lon="29.0413964"/>
  <node id="13432073097" lat="38.1588134" lon="29.0413182"/>
  <node id="13432073098" lat="38.1589928" lon="29.0411650"/>
  <node id="13432073099" lat="38.1592106" lon="29.0410802"/>
  <node id="13432073100" lat="38.1595540" lon="29.0408945"/>
  <node id="13432073901" lat="38.1373531" lon="29.0440950"/>
  <node id="13432073902" lat="38.1373882" lon="29.0439749"/>
  <node id="13432073903" lat="38.1374475" lon="29.0438071"/>
  <node id="13432073904" lat="38.1374681" lon="29.0436669"/>
  <node id="13432073905" lat="38.1374633" lon="29.0435730"/>
  <node id="13432073906" lat="38.1374318" lon="29.0435022"/>
  <node id="13432075433" lat="38.1603755" lon="29.0689247"/>
  <node id="13432075434" lat="38.1607727" lon="29.0689585"/>
  <node id="13432075435" lat="38.1612498" lon="29.0689247"/>
  <node id="13432075436" lat="38.1622837" lon="29.0688507"/>
  <node id="13432077401" lat="38.1598794" lon="29.0407348"/>
  <node id="13432077402" lat="38.1610997" lon="29.0467889"/>
  <node id="13432077403" lat="38.1610018" lon="29.0466663"/>
  <node id="13432077404" lat="38.1608814" lon="29.0463534"/>
  <node id="13432077405" lat="38.1608071" lon="29.0459982"/>
  <node id="13432077406" lat="38.1607251" lon="29.0456821"/>
  <node id="13432077407" lat="38.1605841" lon="29.0453692"/>
  <node id="13432077408" lat="38.1604253" lon="29.0451085"/>
  <node id="13432077409" lat="38.1600306" lon="29.0447565"/>
  <node id="13432077410" lat="38.1598538" lon="29.0445707"/>
  <node id="13432077411" lat="38.1597897" lon="29.0444501"/>
  <node id="13432077412" lat="38.1597846" lon="29.0442448"/>
  <node id="13432077413" lat="38.1598154" lon="29.0438896"/>
  <node id="13432077414" lat="38.1598820" lon="29.0433746"/>
  <node id="13432077415" lat="38.1599640" lon="29.0430259"/>
  <node id="13432077416" lat="38.1599973" lon="29.0426805"/>
  <node id="13432077417" lat="38.1600178" lon="29.0422405"/>
  <node id="13432077418" lat="38.1600588" lon="29.0417386"/>
  <node id="13432077419" lat="38.1601613" lon="29.0413475"/>
  <node id="13432077420" lat="38.1601664" lon="29.0411161"/>
  <node id="13432077421" lat="38.1601383" lon="29.0408814"/>
  <node id="13432077422" lat="38.1600434" lon="29.0406338"/>
  <node id="13432077423" lat="38.1600716" lon="29.0403176"/>
  <node id="13432077424" lat="38.1601254" lon="29.0399428"/>
  <node id="13432077425" lat="38.1602100" lon="29.0394214"/>
  <node id="13432077426" lat="38.1602023" lon="29.0391900"/>
  <node id="13432077427" lat="38.1601844" lon="29.0388054"/>
  <node id="13432077428" lat="38.1601972" lon="29.0383817"/>
  <node id="13432077429" lat="38.1602023" lon="29.0378440"/>
  <node id="13432077430" lat="38.1601716" lon="29.0373812"/>
  <node id="13432077431" lat="38.1600742" lon="29.0369184"/>
  <node id="13432077432" lat="38.1599512" lon="29.0366446"/>
  <node id="13432077433" lat="38.1598615" lon="29.0364165"/>
  <node id="13432077434" lat="38.1597795" lon="29.0362894"/>
  <node id="13432077435" lat="38.1596155" lon="29.0361721"/>
  <node id="13432077436" lat="38.1595258" lon="29.0360417"/>
  <node id="13432077437" lat="38.1594669" lon="29.0358983"/>
  <node id="13432077438" lat="38.1594566" lon="29.0355789"/>
  <node id="13432077439" lat="38.1594489" lon="29.0350477"/>
  <node id="13432077440" lat="38.1594156" lon="29.0347772"/>
  <node id="13432077441" lat="38.1594105" lon="29.0345393"/>
  <node id="13432077442" lat="38.1594489" lon="29.0342883"/>
  <node id="13432077443" lat="38.1595155" lon="29.0340602"/>
  <node id="13432077444" lat="38.1597385" lon="29.0335126"/>
  <node id="13432077445" lat="38.1599051" lon="29.0330531"/>
  <node id="13432077446" lat="38.1599896" lon="29.0327924"/>
  <node id="13432077447" lat="38.1600050" lon="29.0325349"/>
  <node id="13432077448" lat="38.1599819" lon="29.0322579"/>
  <node id="13432077449" lat="38.1598820" lon="29.0319841"/>
  <node id="13432077450" lat="38.1596180" lon="29.0312965"/>
  <node id="13432077451" lat="38.1595335" lon="29.0309738"/>
  <node id="13432077452" lat="38.1593028" lon="29.0305045"/>
  <node id="13432077453" lat="38.1592132" lon="29.0301819"/>
  <node id="13432077454" lat="38.1590953" lon="29.0296539"/>
  <node id="13432077455" lat="38.1590312" lon="29.0293182"/>
  <node id="13432077456" lat="38.1589159" lon="29.0288489"/>
  <node id="13432077457" lat="38.1588108" lon="29.0284578"/>
  <node id="13432077458" lat="38.1585776" lon="29.0278646"/>
  <node id="13432077459" lat="38.1585289" lon="29.0276984"/>
  <node id="13432077460" lat="38.1584034" lon="29.0276072"/>
  <node id="13432077461" lat="38.1582214" lon="29.0275941"/>
  <node id="13432077462" lat="38.1580753" lon="29.0275974"/>
  <node id="13432077463" lat="38.1578853" lon="29.0275076"/>
  <node id="13432078804" lat="38.1622419" lon="29.0674033"/>
  <node id="13432078805" lat="38.1626148" lon="29.0673325"/>
  <node id="13432078806" lat="38.1628110" lon="29.0672894"/>
  <node id="13432078807" lat="38.1630240" lon="29.0671015"/>
  <node id="13432078808" lat="38.1632928" lon="29.0669506"/>
  <node id="13432078809" lat="38.1634478" lon="29.0667042"/>
  <node id="13432078810" lat="38.1637892" lon="29.0663747"/>
  <node id="13432078811" lat="38.1639975" lon="29.0662053"/>
  <node id="13432078812" lat="38.1642759" lon="29.0660821"/>
  <node id="13432078813" lat="38.1644914" lon="29.0659343"/>
  <node id="13432078814" lat="38.1646972" lon="29.0657341"/>
  <node id="13432078815" lat="38.1648328" lon="29.0655801"/>
  <node id="13432078816" lat="38.1649224" lon="29.0653707"/>
  <node id="13432078817" lat="38.1649951" lon="29.0651521"/>
  <node id="13432078818" lat="38.1650605" lon="29.0650042"/>
  <node id="13432078819" lat="38.1651525" lon="29.0649426"/>
  <node id="13432078820" lat="38.1653050" lon="29.0648841"/>
  <node id="13432078821" lat="38.1655883" lon="29.0648040"/>
  <node id="13432078822" lat="38.1659176" lon="29.0647917"/>
  <node id="13432078823" lat="38.1661307" lon="29.0648872"/>
  <node id="13432078824" lat="38.1663971" lon="29.0649580"/>
  <node id="13432078825" lat="38.1667724" lon="29.0650258"/>
  <node id="13432078826" lat="38.1670992" lon="29.0649734"/>
  <node id="13432078827" lat="38.1673607" lon="29.0649857"/>
  <node id="13432078828" lat="38.1675278" lon="29.0650412"/>
  <node id="13432078829" lat="38.1677118" lon="29.0651613"/>
  <node id="13432078830" lat="38.1679443" lon="29.0653307"/>
  <node id="13432078831" lat="38.1681259" lon="29.0653430"/>
  <node id="13432078832" lat="38.1683268" lon="29.0653800"/>
  <node id="13432078833" lat="38.1685012" lon="29.0654385"/>
  <node id="13432088887" lat="38.1817437" lon="29.0828530"/>
  <node id="13432088888" lat="38.1818318" lon="29.0828659"/>
  <node id="13432088889" lat="38.1819083" lon="29.0829011"/>
  <node id="13432088890" lat="38.1821006" lon="29.0829145"/>
  <node id="13432088891" lat="38.1824169" lon="29.0828575"/>
  <node id="13432088892" lat="38.1827278" lon="29.0829011"/>
  <node id="13432088893" lat="38.1830704" lon="29.0829245"/>
  <node id="13432088894" lat="38.1831890" lon="29.0828944"/>
  <node id="13432088895" lat="38.1833340" lon="29.0827938"/>
  <node id="13432088896" lat="38.1834367" lon="29.0827904"/>
  <node id="13432088897" lat="38.1789262" lon="29.0864345"/>
  <node id="13432088898" lat="38.1790057" lon="29.0864150"/>
  <node id="13432088899" lat="38.1791043" lon="29.0864867"/>
  <node id="13432088900" lat="38.1791991" lon="29.0865584"/>
  <node id="13432089839" lat="38.1668797" lon="29.0732581"/>
  <node id="13432089840" lat="38.1671163" lon="29.0725484"/>
  <node id="13432089841" lat="38.1673878" lon="29.0721112"/>
  <node id="13432089842" lat="38.1677141" lon="29.0715124"/>
  <node id="13432089843" lat="38.1678661" lon="29.0712938"/>
  <node id="13432089844" lat="38.1679408" lon="29.0711829"/>
  <node id="13432089845" lat="38.1679682" lon="29.0710594"/>
  <node id="13432089846" lat="38.1679632" lon="29.0708820"/>
  <node id="13432089847" lat="38.1679134" lon="29.0707521"/>
  <node id="13432089848" lat="38.1679433" lon="29.0706063"/>
  <node id="13432089849" lat="38.1681102" lon="29.0703814"/>
  <node id="13432089850" lat="38.1681849" lon="29.0703751"/>
  <node id="13432089851" lat="38.1682920" lon="29.0703244"/>
  <node id="13432089852" lat="38.1684116" lon="29.0701406"/>
  <node id="13432089853" lat="38.1684390" lon="29.0699822"/>
  <node id="13432089854" lat="38.1685510" lon="29.0697161"/>
  <node id="13432089855" lat="38.1686482" lon="29.0696622"/>
  <node id="13432089856" lat="38.1688126" lon="29.0696464"/>
  <node id="13432089857" lat="38.1690542" lon="29.0695323"/>
  <node id="13432089858" lat="38.1692609" lon="29.0693454"/>
  <node id="13432089859" lat="38.1694826" lon="29.0691743"/>
  <node id="13432089860" lat="38.1697790" lon="29.0688924"/>
  <node id="13432089861" lat="38.1701028" lon="29.0686263"/>
  <node id="13432089862" lat="38.1703842" lon="29.0682588"/>
  <node id="13432089863" lat="38.1706657" lon="29.0678374"/>
  <node id="13432089864" lat="38.1708774" lon="29.0674129"/>
  <node id="13432089865" lat="38.1711613" lon="29.0670834"/>
  <node id="13432089866" lat="38.1715175" lon="29.0665828"/>
  <node id="13432089867" lat="38.1718811" lon="29.0661773"/>
  <node id="13432089868" lat="38.1721451" lon="29.0658066"/>
  <node id="13432089869" lat="38.1725885" lon="29.0654233"/>
  <node id="13432089870" lat="38.1730069" lon="29.0651476"/>
  <node id="13432089871" lat="38.1734876" lon="29.0647896"/>
  <node id="13432089872" lat="38.1737840" lon="29.0645520"/>
  <node id="13432089873" lat="38.1739409" lon="29.0644221"/>
  <node id="13432089874" lat="38.1740704" lon="29.0643746"/>
  <node id="13432089875" lat="38.1742721" lon="29.0643493"/>
  <node id="13432089876" lat="38.1746333" lon="29.0642891"/>
  <node id="13432089877" lat="38.1749645" lon="29.0641845"/>
  <node id="13432089878" lat="38.1752285" lon="29.0641940"/>
  <node id="13432089879" lat="38.1754676" lon="29.0642732"/>
  <node id="13432089880" lat="38.1758337" lon="29.0643968"/>
  <node id="13432089881" lat="38.1762870" lon="29.0644760"/>
  <node id="13432089882" lat="38.1765221" lon="29.0645667"/>
  <node id="13432091436" lat="38.1713024" lon="29.0829154"/>
  <node id="13432091437" lat="38.1710530" lon="29.0827553"/>
  <node id="13432091438" lat="38.1707624" lon="29.0825150"/>
  <node id="13432091439" lat="38.1705542" lon="29.0823272"/>
  <node id="13432091440" lat="38.1704041" lon="29.0822810"/>
  <node id="13432091441" lat="38.1701329" lon="29.0822871"/>
  <node id="13432091442" lat="38.1697576" lon="29.0823426"/>
  <node id="13432091443" lat="38.1696365" lon="29.0822132"/>
  <node id="13432091444" lat="38.1691982" lon="29.0818960"/>
  <node id="13432091445" lat="38.1690820" lon="29.0817605"/>
  <node id="13432091446" lat="38.1690311" lon="29.0815633"/>
  <node id="13432091447" lat="38.1690578" lon="29.0812677"/>
  <node id="13432091448" lat="38.1690796" lon="29.0809504"/>
  <node id="13432091449" lat="38.1691934" lon="29.0804299"/>
  <node id="13432091450" lat="38.1693096" lon="29.0799864"/>
  <node id="13432091451" lat="38.1693169" lon="29.0798263"/>
  <node id="13432091452" lat="38.1692684" lon="29.0796754"/>
  <node id="13432091453" lat="38.1692854" lon="29.0793797"/>
  <node id="13432091454" lat="38.1693604" lon="29.0790717"/>
  <node id="13432091455" lat="38.1694089" lon="29.0787914"/>
  <node id="13432091456" lat="38.1694985" lon="29.0786682"/>
  <node id="13432091457" lat="38.1695324" lon="29.0785327"/>
  <node id="13432091458" lat="38.1695057" lon="29.0783479"/>
  <node id="13432091459" lat="38.1694379" lon="29.0780030"/>
  <node id="13432091460" lat="38.1693290" lon="29.0776365"/>
  <node id="13432091461" lat="38.1692297" lon="29.0773408"/>
  <node id="13432091462" lat="38.1691837" lon="29.0771006"/>
  <node id="13432091463" lat="38.1692200" lon="29.0768357"/>
  <node id="13432091464" lat="38.1692660" lon="29.0766540"/>
  <node id="13432091465" lat="38.1693992" lon="29.0765031"/>
  <node id="13432091466" lat="38.1695735" lon="29.0763737"/>
  <node id="13432091467" lat="38.1697261" lon="29.0761581"/>
  <node id="13432091468" lat="38.1698604" lon="29.0759630"/>
  <node id="13432093311" lat="38.1604360" lon="29.0700133"/>
  <node id="13432093312" lat="38.1604167" lon="29.0697423"/>
  <node id="13432093313" lat="38.1603755" lon="29.0685473"/>
  <node id="13432093314" lat="38.1603658" lon="29.0680145"/>
  <node id="13432094696" lat="38.1887065" lon="29.0456572"/>
  <node id="13432094697" lat="38.1885068" lon="29.0456849"/>
  <node id="13432094698" lat="38.1869818" lon="29.0459451"/>
  <node id="13432094699" lat="38.1868196" lon="29.0461053"/>
  <node id="13432094700" lat="38.1866598" lon="29.0461700"/>
  <node id="13432095141" lat="38.1609105" lon="29.0700855"/>
  <node id="13432095142" lat="38.1606116" lon="29.0701005"/>
  <node id="13432096773" lat="38.1625359" lon="29.0740658"/>
  <node id="13432096774" lat="38.1627465" lon="29.0740689"/>
  <node id="13432096775" lat="38.1631134" lon="29.0740304"/>
  <node id="13432096776" lat="38.1633689" lon="29.0740073"/>
  <node id="13432096777" lat="38.1634718" lon="29.0740411"/>
  <node id="13432096778" lat="38.1637260" lon="29.0741843"/>
  <node id="13432096779" lat="38.1639416" lon="29.0743075"/>
  <node id="13432096780" lat="38.1640832" lon="29.0743676"/>
  <node id="13432096781" lat="38.1645155" lon="29.0744985"/>
  <node id="13432096782" lat="38.1664248" lon="29.0771379"/>
  <node id="13432096783" lat="38.1663642" lon="29.0770840"/>
  <node id="13432096784" lat="38.1662904" lon="29.0768900"/>
  <node id="13432096785" lat="38.1661657" lon="29.0766990"/>
  <node id="13432096786" lat="38.1661027" lon="29.0765127"/>
  <node id="13432096787" lat="38.1659901" lon="29.0762509"/>
  <node id="13432096788" lat="38.1658218" lon="29.0759968"/>
  <node id="13432096789" lat="38.1656051" lon="29.0757150"/>
  <node id="13432096790" lat="38.1653581" lon="29.0753624"/>
  <node id="13432096791" lat="38.1650409" lon="29.0749497"/>
  <node id="13432096792" lat="38.1647770" lon="29.0746571"/>
  <node id="13432096793" lat="38.1646244" lon="29.0745647"/>
  <node id="13432096794" lat="38.1645893" lon="29.0745031"/>
  <node id="13432096795" lat="38.1646111" lon="29.0744169"/>
  <node id="13432096796" lat="38.1646511" lon="29.0743229"/>
  <node id="13432096797" lat="38.1647164" lon="29.0741797"/>
  <node id="13432096798" lat="38.1647733" lon="29.0739888"/>
  <node id="13432096799" lat="38.1648097" lon="29.0736808"/>
  <node id="13432096800" lat="38.1648278" lon="29.0734313"/>
  <node id="13432098101" lat="38.1611984" lon="29.0719936"/>
  <node id="13432098102" lat="38.1612577" lon="29.0718963"/>
  <node id="13432098103" lat="38.1612753" lon="29.0716867"/>
  <node id="13432098104" lat="38.1612941" lon="29.0714292"/>
  <node id="13432098105" lat="38.1612788" lon="29.0712316"/>
  <node id="13432098106" lat="38.1612948" lon="29.0710527"/>
  <node id="13432103301" lat="38.1648170" lon="29.0733199"/>
  <node id="13432118701" lat="38.1792939" lon="29.0865730"/>
  <node id="13432118702" lat="38.1793823" lon="29.0865192"/>
  <node id="13432118703" lat="38.1794066" lon="29.0864198"/>
  <node id="13432118704" lat="38.1794937" lon="29.0862716"/>
  <node id="13432118705" lat="38.1795526" lon="29.0862406"/>
  <node id="13432118706" lat="38.1796423" lon="29.0862553"/>
  <node id="13432118707" lat="38.1797422" lon="29.0863351"/>
  <node id="13432118708" lat="38.1799741" lon="29.0864084"/>
  <node id="13432118709" lat="38.1802789" lon="29.0864541"/>
  <node id="13432118710" lat="38.1804839" lon="29.0864427"/>
  <node id="13432118711" lat="38.1806786" lon="29.0863954"/>
  <node id="13432118712" lat="38.1810039" lon="29.0862341"/>
  <node id="13432118713" lat="38.1810949" lon="29.0862145"/>
  <node id="13432118714" lat="38.1811628" lon="29.0861885"/>
  <node id="13432118715" lat="38.1811871" lon="29.0861168"/>
  <node id="13432118716" lat="38.1811781" lon="29.0860288"/>
  <node id="13432118717" lat="38.1812178" lon="29.0859489"/>
  <node id="13432118718" lat="38.1812908" lon="29.0858071"/>
  <node id="13432118719" lat="38.1813933" lon="29.0855871"/>
  <node id="13432118720" lat="38.1816572" lon="29.0850755"/>
  <node id="13432118721" lat="38.1817084" lon="29.0848864"/>
  <node id="13432118722" lat="38.1818544" lon="29.0846192"/>
  <node id="13432118723" lat="38.1821029" lon="29.0843259"/>
  <node id="13432118724" lat="38.1815957" lon="29.0827354"/>
  <node id="13432118725" lat="38.1814317" lon="29.0827322"/>
  <node id="13432118726" lat="38.1811858" lon="29.0826181"/>
  <node id="13432118727" lat="38.1810603" lon="29.0825269"/>
  <node id="13432118728" lat="38.1806965" lon="29.0822270"/>
  <node id="13432118729" lat="38.1803609" lon="29.0820021"/>
  <node id="13432118730" lat="38.1802046" lon="29.0817838"/>
  <node id="13432118731" lat="38.1801201" lon="29.0815752"/>
  <node id="13432118732" lat="38.1800586" lon="29.0814318"/>
  <node id="13432118733" lat="38.1799459" lon="29.0813145"/>
  <node id="13432118734" lat="38.1795898" lon="29.0810798"/>
  <node id="13432118735" lat="38.1793874" lon="29.0810277"/>
  <node id="13432118736" lat="38.1790466" lon="29.0810114"/>
  <node id="13432118737" lat="38.1787469" lon="29.0809169"/>
  <node id="13432118738" lat="38.1784036" lon="29.0807702"/>
  <node id="13432118739" lat="38.1778630" lon="29.0806594"/>
  <node id="13432118740" lat="38.1772533" lon="29.0804802"/>
  <node id="13432118741" lat="38.1769177" lon="29.0803465"/>
  <node id="13432118742" lat="38.1764386" lon="29.0800891"/>
  <node id="13432118743" lat="38.1759877" lon="29.0799033"/>
  <node id="13432118744" lat="38.1754163" lon="29.0796589"/>
  <node id="13432118745" lat="38.1747194" lon="29.0793786"/>
  <node id="13432118746" lat="38.1741558" lon="29.0791374"/>
  <node id="13432118747" lat="38.1738970" lon="29.0790266"/>
  <node id="13432118748" lat="38.1737766" lon="29.0789223"/>
  <node id="13432118749" lat="38.1737023" lon="29.0788865"/>
  <node id="13432118750" lat="38.1735281" lon="29.0789060"/>
  <node id="13432118751" lat="38.1732206" lon="29.0790706"/>
  <node id="13432118752" lat="38.1730346" lon="29.0791615"/>
  <node id="13432118753" lat="38.1827538" lon="29.0911858"/>
  <node id="13432118754" lat="38.1829535" lon="29.0906941"/>
  <node id="13432118755" lat="38.1831789" lon="29.0901434"/>
  <node id="13432118756" lat="38.1832557" lon="29.0897783"/>
  <node id="13432118757" lat="38.1833198" lon="29.0894068"/>
  <node id="13432118758" lat="38.1834351" lon="29.0890287"/>
  <node id="13432118759" lat="38.1836631" lon="29.0888006"/>
  <node id="13432118760" lat="38.1838987" lon="29.0886181"/>
  <node id="13432118761" lat="38.1841062" lon="29.0884095"/>
  <node id="13432118762" lat="38.1841677" lon="29.0883183"/>
  <node id="13432118763" lat="38.1841677" lon="29.0882205"/>
  <node id="13432118764" lat="38.1841216" lon="29.0880445"/>
  <node id="13432118765" lat="38.1839551" lon="29.0877153"/>
  <node id="13432118766" lat="38.1838373" lon="29.0875165"/>
  <node id="13432118767" lat="38.1837169" lon="29.0873536"/>
  <node id="13432118768" lat="38.1835965" lon="29.0872102"/>
  <node id="13432118769" lat="38.1835375" lon="29.0870961"/>
  <node id="13432118770" lat="38.1834786" lon="29.0869201"/>
  <node id="13432118771" lat="38.1834018" lon="29.0868126"/>
  <node id="13432118772" lat="38.1831033" lon="29.0864948"/>
  <node id="13432118773" lat="38.1829048" lon="29.0862650"/>
  <node id="13432118774" lat="38.1827959" lon="29.0860467"/>
  <node id="13432118775" lat="38.1827511" lon="29.0858022"/>
  <node id="13432118776" lat="38.1827280" lon="29.0855513"/>
  <node id="13432118777" lat="38.1825256" lon="29.0849810"/>
  <node id="13432118778" lat="38.1824642" lon="29.0846322"/>
  <node id="13432118779" lat="38.1823566" lon="29.0844204"/>
  <node id="13432118780" lat="38.1821900" lon="29.0841857"/>
  <node id="13432118781" lat="38.1820953" lon="29.0839120"/>
  <node id="13432118782" lat="38.1819364" lon="29.0835926"/>
  <node id="13432118783" lat="38.1817955" lon="29.0832602"/>
  <node id="13432118784" lat="38.1817622" lon="29.0829799"/>
  <node id="13432118785" lat="38.1817289" lon="29.0827517"/>
  <node id="13432118786" lat="38.1817059" lon="29.0825432"/>
  <node id="13432118787" lat="38.1816111" lon="29.0822466"/>
  <node id="13432118788" lat="38.1815470" lon="29.0819793"/>
  <node id="13432118789" lat="38.1815086" lon="29.0816991"/>
  <node id="13432118790" lat="38.1815419" lon="29.0814253"/>
  <node id="13432118791" lat="38.1815598" lon="29.0810603"/>
  <node id="13432118792" lat="38.1815291" lon="29.0802683"/>
  <node id="13432118793" lat="38.1814855" lon="29.0800630"/>
  <node id="13432118794" lat="38.1814804" lon="29.0798544"/>
  <node id="13432118795" lat="38.1815419" lon="29.0796491"/>
  <node id="13432118796" lat="38.1815163" lon="29.0791472"/>
  <node id="13432118797" lat="38.1814369" lon="29.0783943"/>
  <node id="13432118798" lat="38.1813754" lon="29.0780945"/>
  <node id="13432118799" lat="38.1812345" lon="29.0779087"/>
  <node id="13432118800" lat="38.1808323" lon="29.0775796"/>
  <node id="13432118801" lat="38.1807016" lon="29.0775111"/>
  <node id="13432118802" lat="38.1805761" lon="29.0775861"/>
  <node id="13432118803" lat="38.1804967" lon="29.0776252"/>
  <node id="13432118804" lat="38.1802943" lon="29.0775633"/>
  <node id="13432118805" lat="38.1800612" lon="29.0774459"/>
  <node id="13432118806" lat="38.1799433" lon="29.0773417"/>
  <node id="13432118807" lat="38.1798434" lon="29.0771363"/>
  <node id="13432118808" lat="38.1796615" lon="29.0767909"/>
  <node id="13432118809" lat="38.1795027" lon="29.0765888"/>
  <node id="13432118810" lat="38.1792567" lon="29.0763313"/>
  <node id="13432118811" lat="38.1788929" lon="29.0758588"/>
  <node id="13432118812" lat="38.1786419" lon="29.0755752"/>
  <node id="13432118813" lat="38.1784574" lon="29.0753080"/>
  <node id="13432118814" lat="38.1780834" lon="29.0749299"/>
  <node id="13432118815" lat="38.1779348" lon="29.0746953"/>
  <node id="13432118816" lat="38.1778835" lon="29.0745225"/>
  <node id="13432129856" lat="38.1545247" lon="29.0744849"/>
  <node id="13432129857" lat="38.1545299" lon="29.0743823"/>
  <node id="13432129858" lat="38.1545786" lon="29.0742731"/>
  <node id="13432129859" lat="38.1546298" lon="29.0741525"/>
  <node id="13432129860" lat="38.1547016" lon="29.0740271"/>
  <node id="13432129861" lat="38.1547054" lon="29.0738853"/>
  <node id="13432129862" lat="38.1546708" lon="29.0737598"/>
  <node id="13432129863" lat="38.1545760" lon="29.0735480"/>
  <node id="13432129864" lat="38.1545081" lon="29.0733394"/>
  <node id="13432129865" lat="38.1544889" lon="29.0730819"/>
  <node id="13432129866" lat="38.1544543" lon="29.0729711"/>
  <node id="13432129867" lat="38.1544081" lon="29.0728929"/>
  <node id="13432129868" lat="38.1543351" lon="29.0728049"/>
  <node id="13432129869" lat="38.1542787" lon="29.0728359"/>
  <node id="13432129870" lat="38.1542428" lon="29.0729450"/>
  <node id="13432129871" lat="38.1542838" lon="29.0730412"/>
  <node id="13432129872" lat="38.1543607" lon="29.0731129"/>
  <node id="13432129873" lat="38.1544530" lon="29.0731683"/>
  <node id="13432129874" lat="38.1544914" lon="29.0731830"/>
  <node id="13432129875" lat="38.1546170" lon="29.0734469"/>
  <node id="13432129876" lat="38.1547720" lon="29.0736718"/>
  <node id="13432129877" lat="38.1548617" lon="29.0737093"/>
  <node id="13432129878" lat="38.1549412" lon="29.0736441"/>
  <node id="13432129879" lat="38.1550924" lon="29.0735789"/>
  <node id="13432129880" lat="38.1552795" lon="29.0736017"/>
  <node id="13432129881" lat="38.1554717" lon="29.0736963"/>
  <node id="13432129882" lat="38.1556075" lon="29.0738951"/>
  <node id="13432129883" lat="38.1557818" lon="29.0742601"/>
  <node id="13432129884" lat="38.1558689" lon="29.0746349"/>
  <node id="13432129885" lat="38.1558868" lon="29.0749054"/>
  <node id="13432129886" lat="38.1564609" lon="29.0756973"/>
  <node id="13432129887" lat="38.1562815" lon="29.0754887"/>
  <node id="13432129888" lat="38.1559022" lon="29.0751726"/>
  <node id="13432129889" lat="38.1555383" lon="29.0749575"/>
  <node id="13432129890" lat="38.1553410" lon="29.0749249"/>
  <node id="13432129891" lat="38.1550796" lon="29.0748923"/>
  <node id="13432129892" lat="38.1549873" lon="29.0748369"/>
  <node id="13432129893" lat="38.1549309" lon="29.0747554"/>
  <node id="13432129894" lat="38.1547849" lon="29.0746544"/>
  <node id="13432129895" lat="38.1545452" lon="29.0745664"/>
  <node id="13432129896" lat="38.1543108" lon="29.0745534"/>
  <node id="13432129897" lat="38.1539597" lon="29.0745404"/>
  <node id="13432129898" lat="38.1536829" lon="29.0746446"/>
  <node id="13432129899" lat="38.1534676" lon="29.0746805"/>
  <node id="13432129900" lat="38.1532600" lon="29.0746772"/>
  <node id="13432130601" lat="38.1745578" lon="29.0586291"/>
  <node id="13432130602" lat="38.1744731" lon="29.0586014"/>
  <node id="13432130603" lat="38.1743835" lon="29.0585059"/>
  <node id="13432130604" lat="38.1742891" lon="29.0583828"/>
  <node id="13432130605" lat="38.1741995" lon="29.0583088"/>
  <node id="13432130606" lat="38.1739114" lon="29.0582842"/>
  <node id="13432130607" lat="38.1736329" lon="29.0582288"/>
  <node id="13432130608" lat="38.1734635" lon="29.0582626"/>
  <node id="13432130609" lat="38.1730809" lon="29.0584074"/>
  <node id="13432130610" lat="38.1726451" lon="29.0586353"/>
  <node id="13432130611" lat="38.1723933" lon="29.0586784"/>
  <node id="13432130612" lat="38.1720108" lon="29.0586723"/>
  <node id="13432130613" lat="38.1715992" lon="29.0588047"/>
  <node id="13432130614" lat="38.1708220" lon="29.0589371"/>
  <node id="13432130615" lat="38.1703159" lon="29.0589587"/>
  <node id="13432130616" lat="38.1699116" lon="29.0589556"/>
  <node id="13432130617" lat="38.1697566" lon="29.0588909"/>
  <node id="13432130618" lat="38.1695968" lon="29.0588540"/>
  <node id="13432130619" lat="38.1693426" lon="29.0588694"/>
  <node id="13432130620" lat="38.1689431" lon="29.0588540"/>
  <node id="13432130621" lat="38.1686283" lon="29.0588447"/>
  <node id="13432130622" lat="38.1683959" lon="29.0587308"/>
  <node id="13432131374" lat="38.1579035" lon="29.0657718"/>
  <node id="13432131375" lat="38.1584339" lon="29.0667744"/>
  <node id="13432131376" lat="38.1584303" lon="29.0666466"/>
  <node id="13432131377" lat="38.1584121" lon="29.0664218"/>
  <node id="13432131378" lat="38.1584049" lon="29.0660738"/>
  <node id="13432135201" lat="38.1864081" lon="29.0462008"/>
  <node id="13432135202" lat="38.1859191" lon="29.0460899"/>
  <node id="13432135203" lat="38.1857206" lon="29.0461022"/>
  <node id="13432135204" lat="38.1855487" lon="29.0462285"/>
  <node id="13432135205" lat="38.1852848" lon="29.0464810"/>
  <node id="13432135206" lat="38.1851081" lon="29.0465857"/>
  <node id="13432135207" lat="38.1848661" lon="29.0466720"/>
  <node id="13432135208" lat="38.1843771" lon="29.0469707"/>
  <node id="13432135209" lat="38.1841301" lon="29.0472079"/>
  <node id="13432135210" lat="38.1839849" lon="29.0472725"/>
  <node id="13432135211" lat="38.1836048" lon="29.0473865"/>
  <node id="13432135212" lat="38.1827769" lon="29.0476113"/>
  <node id="13432135213" lat="38.1821136" lon="29.0478485"/>
  <node id="13432135214" lat="38.1818013" lon="29.0479562"/>
  <node id="13432135215" lat="38.1815955" lon="29.0481380"/>
  <node id="13432135216" lat="38.1811210" lon="29.0485044"/>
  <node id="13432135217" lat="38.1806876" lon="29.0488247"/>
  <node id="13432135218" lat="38.1802446" lon="29.0492867"/>
  <node id="13432135219" lat="38.1799856" lon="29.0495362"/>
  <node id="13432135220" lat="38.1797483" lon="29.0496748"/>
  <node id="13432135221" lat="38.1795014" lon="29.0497918"/>
  <node id="13432135222" lat="38.1790269" lon="29.0502415"/>
  <node id="13432135223" lat="38.1785088" lon="29.0505125"/>
  <node id="13432135224" lat="38.1777195" lon="29.0509375"/>
  <node id="13432135225" lat="38.1767777" lon="29.0514549"/>
  <node id="13432135226" lat="38.1762136" lon="29.0518245"/>
  <node id="13432135227" lat="38.1755188" lon="29.0520863"/>
  <node id="13432135228" lat="38.1747101" lon="29.0525020"/>
  <node id="13432135229" lat="38.1739087" lon="29.0529732"/>
  <node id="13432135230" lat="38.1735577" lon="29.0531396"/>
  <node id="13432135231" lat="38.1732695" lon="29.0531796"/>
  <node id="13432135232" lat="38.1729548" lon="29.0530964"/>
  <node id="13432135233" lat="38.1727466" lon="29.0530164"/>
  <node id="13432135234" lat="38.1725141" lon="29.0529086"/>
  <node id="13432135235" lat="38.1723204" lon="29.0529117"/>
  <node id="13432135236" lat="38.1721219" lon="29.0529979"/>
  <node id="13432135237" lat="38.1860425" lon="29.0461361"/>
  <node id="13432135238" lat="38.1861006" lon="29.0460868"/>
  <node id="13432135239" lat="38.1862168" lon="29.0460899"/>
  <node id="13432135240" lat="38.1864032" lon="29.0460591"/>
  <node id="13432135241" lat="38.1865533" lon="29.0459852"/>
  <node id="13432135242" lat="38.1866913" lon="29.0458250"/>
  <node id="13432135243" lat="38.1868656" lon="29.0457080"/>
  <node id="13432135244" lat="38.1776711" lon="29.0430717"/>
  <node id="13432135245" lat="38.1775743" lon="29.0431179"/>
  <node id="13432135246" lat="38.1774314" lon="29.0430717"/>
  <node id="13432135247" lat="38.1771845" lon="29.0429485"/>
  <node id="13432135248" lat="38.1768504" lon="29.0428592"/>
  <node id="13432135249" lat="38.1767027" lon="29.0427298"/>
  <node id="13432135250" lat="38.1763541" lon="29.0426066"/>
  <node id="13432135251" lat="38.1758819" lon="29.0424465"/>
  <node id="13432135252" lat="38.1752815" lon="29.0422309"/>
  <node id="13432135253" lat="38.1751871" lon="29.0421139"/>
  <node id="13432135254" lat="38.1750346" lon="29.0420615"/>
  <node id="13432135255" lat="38.1744535" lon="29.0418675"/>
  <node id="13432135256" lat="38.1743494" lon="29.0417936"/>
  <node id="13432135257" lat="38.1743227" lon="29.0416519"/>
  <node id="13432135258" lat="38.1742646" lon="29.0415318"/>
  <node id="13432135259" lat="38.1741484" lon="29.0414702"/>
  <node id="13432135260" lat="38.1739741" lon="29.0414486"/>
  <node id="13432135261" lat="38.1737877" lon="29.0413901"/>
  <node id="13432135262" lat="38.1736269" lon="29.0413586"/>
  <node id="13432135263" lat="38.1839655" lon="29.0403060"/>
  <node id="13432135264" lat="38.1836556" lon="29.0403768"/>
  <node id="13432135265" lat="38.1829173" lon="29.0403707"/>
  <node id="13432135266" lat="38.1823363" lon="29.0404723"/>
  <node id="13432135267" lat="38.1819272" lon="29.0405770"/>
  <node id="13432135268" lat="38.1811960" lon="29.0408388"/>
  <node id="13432135269" lat="38.1808595" lon="29.0409127"/>
  <node id="13432135270" lat="38.1806876" lon="29.0410359"/>
  <node id="13432135271" lat="38.1804213" lon="29.0414794"/>
  <node id="13432135272" lat="38.1802640" lon="29.0417381"/>
  <node id="13432135273" lat="38.1800388" lon="29.0418705"/>
  <node id="13432135274" lat="38.1797774" lon="29.0419537"/>
  <node id="13432135275" lat="38.1795135" lon="29.0419599"/>
  <node id="13432135276" lat="38.1790099" lon="29.0419537"/>
  <node id="13432135277" lat="38.1787146" lon="29.0420892"/>
  <node id="13432135278" lat="38.1783563" lon="29.0423202"/>
  <node id="13432135279" lat="38.1780101" lon="29.0426682"/>
  <node id="13432135280" lat="38.1777631" lon="29.0429423"/>
  <node id="13432135281" lat="38.1778406" lon="29.0429947"/>
  <node id="13432135282" lat="38.1779858" lon="29.0429947"/>
  <node id="13432135283" lat="38.1780827" lon="29.0430409"/>
  <node id="13432135284" lat="38.1781359" lon="29.0431579"/>
  <node id="13432135285" lat="38.1781311" lon="29.0432472"/>
  <node id="13432135286" lat="38.1780851" lon="29.0433427"/>
  <node id="13432135287" lat="38.1778309" lon="29.0439771"/>
  <node id="13432135288" lat="38.1772377" lon="29.0452121"/>
  <node id="13432135289" lat="38.1770562" lon="29.0454246"/>
  <node id="13432135290" lat="38.1768722" lon="29.0458589"/>
  <node id="13432135291" lat="38.1766761" lon="29.0466042"/>
  <node id="13432135292" lat="38.1766155" lon="29.0469430"/>
  <node id="13432135293" lat="38.1765598" lon="29.0475189"/>
  <node id="13432135294" lat="38.1763710" lon="29.0482211"/>
  <node id="13432135295" lat="38.1762500" lon="29.0485568"/>
  <node id="13432135296" lat="38.1761652" lon="29.0487139"/>
  <node id="13432135297" lat="38.1760054" lon="29.0488679"/>
  <node id="13432135298" lat="38.1755842" lon="29.0492559"/>
  <node id="13432135299" lat="38.1751508" lon="29.0495824"/>
  <node id="13432135300" lat="38.1745867" lon="29.0500536"/>
  <node id="13432135301" lat="38.1741896" lon="29.0502938"/>
  <node id="13432135302" lat="38.1737417" lon="29.0505956"/>
  <node id="13432135303" lat="38.1732938" lon="29.0507958"/>
  <node id="13432135304" lat="38.1729742" lon="29.0510453"/>
  <node id="13432135305" lat="38.1726667" lon="29.0513687"/>
  <node id="13432135306" lat="38.1724028" lon="29.0517567"/>
  <node id="13432135307" lat="38.1722212" lon="29.0522187"/>
  <node id="13432135308" lat="38.1719984" lon="29.0527330"/>
  <node id="13432135309" lat="38.1718531" lon="29.0531149"/>
  <node id="13432135310" lat="38.1716619" lon="29.0532196"/>
  <node id="13432135311" lat="38.1713374" lon="29.0533890"/>
  <node id="13432135312" lat="38.1708193" lon="29.0535184"/>
  <node id="13432135313" lat="38.1705118" lon="29.0536077"/>
  <node id="13432135314" lat="38.1702818" lon="29.0537032"/>
  <node id="13432137330" lat="38.1583357" lon="29.0668520"/>
  <node id="13432137331" lat="38.1582180" lon="29.0668730"/>
  <node id="13432137332" lat="38.1580132" lon="29.0667921"/>
  <node id="13432137333" lat="38.1579708" lon="29.0665047"/>
  <node id="13432137334" lat="38.1579543" lon="29.0660377"/>
  <node id="13432151901" lat="38.1519325" lon="29.0833300"/>
  <node id="13432151902" lat="38.1521093" lon="29.0829520"/>
  <node id="13432151903" lat="38.1522439" lon="29.0825039"/>
  <node id="13432151904" lat="38.1523105" lon="29.0822529"/>
  <node id="13432151905" lat="38.1523528" lon="29.0821796"/>
  <node id="13432151906" lat="38.1524271" lon="29.0821796"/>
  <node id="13432151907" lat="38.1530294" lon="29.0824142"/>
  <node id="13432151908" lat="38.1533651" lon="29.0825381"/>
  <node id="13432151909" lat="38.1534343" lon="29.0825348"/>
  <node id="13432151910" lat="38.1534855" lon="29.0824664"/>
  <node id="13432151911" lat="38.1535445" lon="29.0822219"/>
  <node id="13432151912" lat="38.1536534" lon="29.0820101"/>
  <node id="13432151913" lat="38.1537636" lon="29.0818765"/>
  <node id="13432151914" lat="38.1538392" lon="29.0817298"/>
  <node id="13432151915" lat="38.1539560" lon="29.0815679"/>
  <node id="13432151916" lat="38.1538698" lon="29.0815559"/>
  <node id="13432151917" lat="38.1538776" lon="29.0813987"/>
  <node id="13432151918" lat="38.1539249" lon="29.0811754"/>
  <node id="13432151919" lat="38.1539673" lon="29.0808221"/>
  <node id="13432151920" lat="38.1540146" lon="29.0803944"/>
  <node id="13432151921" lat="38.1541193" lon="29.0801251"/>
  <node id="13432151922" lat="38.1542264" lon="29.0796784"/>
  <node id="13432151923" lat="38.1542712" lon="29.0791430"/>
  <node id="13432151924" lat="38.1542314" lon="29.0787755"/>
  <node id="13432151925" lat="38.1541940" lon="29.0783668"/>
  <node id="13432151926" lat="38.1541118" lon="29.0781070"/>
  <node id="13432151927" lat="38.1537057" lon="29.0775811"/>
  <node id="13432151928" lat="38.1528960" lon="29.0765704"/>
  <node id="13432151929" lat="38.1522433" lon="29.0756960"/>
  <node id="13432151930" lat="38.1520689" lon="29.0754426"/>
  <node id="13432151931" lat="38.1520814" lon="29.0752873"/>
  <node id="13432151932" lat="38.1521611" lon="29.0751701"/>
  <node id="13432151933" lat="38.1523405" lon="29.0751036"/>
  <node id="13432151934" lat="38.1524351" lon="29.0749769"/>
  <node id="13432151935" lat="38.1525323" lon="29.0746442"/>
  <node id="13432151936" lat="38.1526519" lon="29.0742799"/>
  <node id="13432151937" lat="38.1527889" lon="29.0737951"/>
  <node id="13432151938" lat="38.1528910" lon="29.0733579"/>
  <node id="13432151939" lat="38.1530032" lon="29.0727148"/>
  <node id="13432151940" lat="38.1531912" lon="29.0716915"/>
  <node id="13432151941" lat="38.1532784" lon="29.0712400"/>
  <node id="13432151942" lat="38.1533171" lon="29.0710119"/>
  <node id="13432151943" lat="38.1532853" lon="29.0708036"/>
  <node id="13432155330" lat="38.1444673" lon="29.0679996"/>
  <node id="13432155331" lat="38.1442614" lon="29.0679996"/>
  <node id="13432155332" lat="38.1439538" lon="29.0680057"/>
  <node id="13432155333" lat="38.1436316" lon="29.0679041"/>
  <node id="13432155334" lat="38.1433725" lon="29.0679257"/>
  <node id="13432155335" lat="38.1430091" lon="29.0680088"/>
  <node id="13432155336" lat="38.1426676" lon="29.0681690"/>
  <node id="13432155337" lat="38.1424108" lon="29.0681659"/>
  <node id="13432155338" lat="38.1422219" lon="29.0680889"/>
  <node id="13432155339" lat="38.1420693" lon="29.0679811"/>
  <node id="13432155340" lat="38.1419870" lon="29.0680088"/>
  <node id="13432155341" lat="38.1419070" lon="29.0681566"/>
  <node id="13432155342" lat="38.1418223" lon="29.0682152"/>
  <node id="13432155343" lat="38.1416963" lon="29.0681936"/>
  <node id="13432155344" lat="38.1415631" lon="29.0680643"/>
  <node id="13432155345" lat="38.1413911" lon="29.0678825"/>
  <node id="13432155346" lat="38.1411004" lon="29.0674945"/>
  <node id="13432155347" lat="38.1408703" lon="29.0673436"/>
  <way id="20110854">
    <nd ref="1307446866"/>
    <nd ref="1889561056"/>
    <nd ref="1889561059"/>
    <nd ref="1889561063"/>
    <nd ref="212617609"/>
    <nd ref="1889561072"/>
    <nd ref="1889561071"/>
    <nd ref="1889561065"/>
    <nd ref="212617610"/>
    <nd ref="1889561042"/>
    <nd ref="1889561017"/>
    <nd ref="1889560999"/>
    <nd ref="1889560976"/>
    <nd ref="1889560964"/>
    <nd ref="1889560957"/>
    <nd ref="1889560936"/>
    <nd ref="1889560921"/>
    <nd ref="1889560904"/>
    <nd ref="1889560820"/>
    <nd ref="1889560803"/>
    <nd ref="1889560773"/>
    <nd ref="1889560760"/>
    <nd ref="1889560754"/>
    <nd ref="1889560750"/>
    <nd ref="1889560721"/>
    <nd ref="1889560716"/>
    <nd ref="1889560706"/>
    <nd ref="1889560681"/>
    <nd ref="1889560679"/>
    <nd ref="1889560676"/>
    <nd ref="1889560673"/>
    <nd ref="1889560666"/>
    <nd ref="1889560664"/>
    <nd ref="1889560660"/>
    <nd ref="1889560658"/>
    <nd ref="1889560642"/>
    <nd ref="1889560638"/>
    <nd ref="1889560627"/>
    <nd ref="1889560617"/>
    <nd ref="1889560611"/>
    <nd ref="1889560607"/>
    <nd ref="1889560604"/>
    <nd ref="1889560602"/>
    <nd ref="1889560600"/>
    <nd ref="1889560595"/>
    <nd ref="1889560586"/>
    <nd ref="1889560584"/>
    <nd ref="1889560581"/>
    <nd ref="1889560582"/>
    <nd ref="1889560585"/>
    <nd ref="1889560589"/>
    <nd ref="1889560590"/>
    <nd ref="1889560593"/>
    <nd ref="1889560596"/>
    <nd ref="1889560597"/>
    <nd ref="1889560599"/>
    <nd ref="1889560603"/>
    <nd ref="1889560613"/>
    <nd ref="1889560661"/>
    <nd ref="1889560670"/>
    <nd ref="1889560682"/>
    <nd ref="1889560720"/>
    <nd ref="1889560739"/>
    <nd ref="1889560758"/>
    <nd ref="1889560788"/>
    <nd ref="1889560918"/>
    <nd ref="1889560931"/>
    <nd ref="3706429743"/>
    <nd ref="1889560973"/>
    <nd ref="1889560993"/>
    <nd ref="1889561086"/>
    <nd ref="1889561093"/>
    <nd ref="1889561098"/>
    <nd ref="1889561099"/>
    <nd ref="13432035023"/>
    <nd ref="212613708"/>
    <nd ref="1889561089"/>
    <nd ref="1889561084"/>
    <nd ref="1889561077"/>
    <nd ref="1889561067"/>
    <nd ref="1889561054"/>
    <nd ref="1889561034"/>
    <nd ref="1889560982"/>
    <nd ref="1889560941"/>
    <nd ref="1889560927"/>
    <nd ref="1889560915"/>
    <nd ref="1889560903"/>
    <nd ref="1889560893"/>
    <nd ref="1889560873"/>
    <nd ref="1889560866"/>
    <nd ref="1889560872"/>
    <nd ref="1889560889"/>
    <nd ref="1889560887"/>
    <nd ref="1889560881"/>
    <nd ref="1889560869"/>
    <nd ref="1889560846"/>
    <nd ref="1889560832"/>
    <nd ref="1889560828"/>
    <nd ref="1889560838"/>
    <nd ref="1889560853"/>
    <nd ref="1889560871"/>
    <nd ref="1889560908"/>
    <nd ref="1889560987"/>
    <nd ref="1889561031"/>
    <tag k="highway" v="secondary"/>
    <tag k="name" v="Güney-Çal yolu"/>
    <tag k="ref" v="20-08"/>
    <tag k="source" v="bing"/>
    <tag k="surface" v="asphalt"/>
  </way>
  <way id="83497498">
    <nd ref="972229121"/>
    <nd ref="972231677"/>
    <nd ref="972230344"/>
    <nd ref="972230940"/>
    <nd ref="972229744"/>
    <nd ref="972228913"/>
    <nd ref="972231278"/>
    <nd ref="972231482"/>
    <nd ref="972230243"/>
    <nd ref="972229183"/>
    <nd ref="972231951"/>
    <nd ref="972228805"/>
    <nd ref="972231221"/>
    <nd ref="972229940"/>
    <nd ref="972229072"/>
    <nd ref="972229700"/>
    <nd ref="972228865"/>
    <nd ref="972231252"/>
    <nd ref="972230036"/>
    <nd ref="972230456"/>
    <nd ref="972229399"/>
    <nd ref="972228607"/>
    <nd ref="972230880"/>
    <nd ref="972231097"/>
    <nd ref="972229848"/>
    <nd ref="972229030"/>
    <nd ref="972231381"/>
    <nd ref="972228444"/>
    <nd ref="972230669"/>
    <nd ref="972229570"/>
    <nd ref="972228759"/>
    <nd ref="972229335"/>
    <nd ref="972228521"/>
    <nd ref="972230767"/>
    <nd ref="972229640"/>
    <nd ref="972230186"/>
    <nd ref="972229161"/>
    <nd ref="972231877"/>
    <nd ref="972230412"/>
    <nd ref="972230550"/>
    <nd ref="972229508"/>
    <nd ref="972228701"/>
    <nd ref="972231022"/>
    <nd ref="972231654"/>
    <nd ref="972230332"/>
    <nd ref="972229221"/>
    <nd ref="972228367"/>
    <nd ref="972229136"/>
    <nd ref="972231799"/>
    <nd ref="972230370"/>
    <nd ref="972229272"/>
    <nd ref="972229787"/>
    <nd ref="972228959"/>
    <nd ref="972231304"/>
    <nd ref="972230131"/>
    <nd ref="972229058"/>
    <nd ref="972231440"/>
    <nd ref="972230219"/>
    <nd ref="972229174"/>
    <nd ref="972229608"/>
    <nd ref="972228784"/>
    <nd ref="972231192"/>
    <nd ref="13431764385"/>
    <nd ref="972229897"/>
    <nd ref="972230854"/>
    <nd ref="972229687"/>
    <nd ref="972228848"/>
    <nd ref="972231239"/>
    <nd ref="972231920"/>
    <nd ref="972230439"/>
    <nd ref="972229367"/>
    <nd ref="972228571"/>
    <nd ref="972228736"/>
    <nd ref="972231060"/>
    <nd ref="972229820"/>
    <nd ref="972228999"/>
    <nd ref="972229243"/>
    <nd ref="972228412"/>
    <nd ref="972230619"/>
    <nd ref="972229544"/>
    <nd ref="972230396"/>
    <nd ref="972229306"/>
    <nd ref="972228491"/>
    <nd ref="972230748"/>
    <nd ref="972231333"/>
    <nd ref="972230165"/>
    <nd ref="972229151"/>
    <nd ref="972231845"/>
    <nd ref="972228338"/>
    <nd ref="972230508"/>
    <nd ref="972229469"/>
    <nd ref="972228684"/>
    <nd ref="972229102"/>
    <nd ref="972231618"/>
    <nd ref="972230302"/>
    <nd ref="3706074357"/>
    <nd ref="3706074362"/>
    <nd ref="8780767391"/>
    <nd ref="972229214"/>
    <nd ref="3706074380"/>
    <nd ref="972230102"/>
    <nd ref="972229126"/>
    <nd ref="972231727"/>
    <nd ref="972230357"/>
    <nd ref="3706074421"/>
    <nd ref="972230978"/>
    <nd ref="972229762"/>
    <nd ref="972228930"/>
    <nd ref="4441763471"/>
    <nd ref="972231286"/>
    <nd ref="972231503"/>
    <nd ref="4441819703"/>
    <nd ref="972230257"/>
    <nd ref="1889560734"/>
    <nd ref="1889560733"/>
    <nd ref="1889560735"/>
    <nd ref="1889560738"/>
    <nd ref="1889560736"/>
    <nd ref="4441765375"/>
    <nd ref="1889560740"/>
    <nd ref="1889560746"/>
    <nd ref="4441749543"/>
    <nd ref="4441746828"/>
    <nd ref="1889560751"/>
    <nd ref="1889560766"/>
    <nd ref="4441758627"/>
    <nd ref="1889560793"/>
    <nd ref="3706085157"/>
    <nd ref="1889560817"/>
    <nd ref="1889560834"/>
    <nd ref="1889560841"/>
    <nd ref="1889560842"/>
    <nd ref="1889560833"/>
    <nd ref="1889560825"/>
    <nd ref="1889560827"/>
    <tag k="highway" v="tertiary"/>
    <tag k="source" v="GPS"/>
  </way>
  <way id="83497507">
    <nd ref="8118349275"/>
    <nd ref="972230209"/>
    <nd ref="8118349289"/>
    <nd ref="972229168"/>
    <nd ref="8118349310"/>
    <nd ref="8118349282"/>
    <nd ref="3706430029"/>
    <nd ref="1889561127"/>
    <nd ref="8780772920"/>
    <nd ref="972231903"/>
    <tag k="highway" v="secondary"/>
    <tag k="oneway" v="yes"/>
    <tag k="ref" v="20-77"/>
    <tag k="source" v="GPS"/>
  </way>
  <way id="83497509">
    <nd ref="972230652"/>
    <nd ref="972229551"/>
    <nd ref="972228745"/>
    <nd ref="972229131"/>
    <nd ref="972231746"/>
    <nd ref="972230363"/>
    <nd ref="972229254"/>
    <nd ref="972229426"/>
    <nd ref="972228643"/>
    <nd ref="972230900"/>
    <nd ref="972230265"/>
    <nd ref="972229194"/>
    <nd ref="972228299"/>
    <nd ref="972230477"/>
    <nd ref="972231626"/>
    <nd ref="972230312"/>
    <nd ref="972229216"/>
    <nd ref="972228358"/>
    <nd ref="972228888"/>
    <nd ref="972231264"/>
    <nd ref="972230063"/>
    <nd ref="972229109"/>
    <nd ref="972229171"/>
    <nd ref="972231906"/>
    <nd ref="972230431"/>
    <nd ref="972229877"/>
    <nd ref="972229049"/>
    <nd ref="972231432"/>
    <nd ref="972230210"/>
    <nd ref="972231234"/>
    <nd ref="972229985"/>
    <nd ref="972229086"/>
    <nd ref="972231546"/>
    <nd ref="972228560"/>
    <nd ref="972230821"/>
    <nd ref="972229672"/>
    <nd ref="972228832"/>
    <nd ref="972228991"/>
    <nd ref="972231320"/>
    <nd ref="972230153"/>
    <nd ref="972229146"/>
    <nd ref="972229537"/>
    <nd ref="972228722"/>
    <nd ref="972231051"/>
    <nd ref="972229814"/>
    <nd ref="972230720"/>
    <nd ref="972229603"/>
    <nd ref="972228776"/>
    <nd ref="972231170"/>
    <nd ref="972231839"/>
    <nd ref="972230390"/>
    <nd ref="972229289"/>
    <nd ref="972228481"/>
    <nd ref="972228668"/>
    <nd ref="972230959"/>
    <nd ref="972229752"/>
    <nd ref="972228914"/>
    <nd ref="972229207"/>
    <nd ref="972228328"/>
    <nd ref="972230503"/>
    <nd ref="972229455"/>
    <nd ref="972230346"/>
    <nd ref="972229231"/>
    <nd ref="972228395"/>
    <nd ref="972230604"/>
    <nd ref="972231282"/>
    <nd ref="972230090"/>
    <nd ref="972229123"/>
    <nd ref="972231710"/>
    <nd ref="972231954"/>
    <nd ref="972230459"/>
    <nd ref="972229400"/>
    <nd ref="972228609"/>
    <nd ref="972229073"/>
    <nd ref="972231484"/>
    <nd ref="972230246"/>
    <nd ref="972229184"/>
    <nd ref="972230040"/>
    <nd ref="972229098"/>
    <nd ref="972231597"/>
    <nd ref="972230290"/>
    <nd ref="972230884"/>
    <nd ref="972229709"/>
    <nd ref="972228866"/>
    <nd ref="972231254"/>
    <nd ref="972231385"/>
    <nd ref="972230188"/>
    <nd ref="972229162"/>
    <nd ref="972231889"/>
    <nd ref="972228761"/>
    <nd ref="972231102"/>
    <nd ref="972229851"/>
    <nd ref="972229032"/>
    <nd ref="972229655"/>
    <nd ref="972228807"/>
    <nd ref="972231222"/>
    <nd ref="972229944"/>
    <nd ref="3706424983"/>
    <nd ref="972230413"/>
    <nd ref="972229336"/>
    <nd ref="972228522"/>
    <nd ref="972230775"/>
    <nd ref="972231024"/>
    <nd ref="972229790"/>
    <nd ref="972228965"/>
    <nd ref="972231305"/>
    <nd ref="972228370"/>
    <nd ref="972230554"/>
    <nd ref="972229510"/>
    <nd ref="972228707"/>
    <nd ref="972229274"/>
    <nd ref="972228446"/>
    <nd ref="972230671"/>
    <nd ref="972229571"/>
    <nd ref="972230134"/>
    <nd ref="972229137"/>
    <nd ref="3706425380"/>
    <nd ref="972231801"/>
    <nd ref="972230374"/>
    <tag k="highway" v="tertiary"/>
    <tag k="source" v="GPS"/>
  </way>
  <way id="83497515">
    <nd ref="972230374"/>
    <nd ref="972230491"/>
    <nd ref="972229440"/>
    <nd ref="972228654"/>
    <nd ref="972230928"/>
    <nd ref="972231569"/>
    <nd ref="972230274"/>
    <nd ref="972229200"/>
    <nd ref="972228313"/>
    <nd ref="972229114"/>
    <nd ref="972231659"/>
    <nd ref="972230335"/>
    <nd ref="972229223"/>
    <nd ref="972229740"/>
    <nd ref="972228906"/>
    <nd ref="972231269"/>
    <nd ref="972230077"/>
    <nd ref="972230226"/>
    <nd ref="972229177"/>
    <nd ref="972231922"/>
    <nd ref="972230448"/>
    <nd ref="972231207"/>
    <nd ref="972229903"/>
    <nd ref="972229061"/>
    <nd ref="972231448"/>
    <nd ref="972228851"/>
    <nd ref="972231246"/>
    <nd ref="972229998"/>
    <nd ref="972229090"/>
    <nd ref="972229384"/>
    <nd ref="972228591"/>
    <nd ref="972230857"/>
    <nd ref="972229689"/>
    <nd ref="972229832"/>
    <nd ref="972229005"/>
    <nd ref="972231348"/>
    <nd ref="972230172"/>
    <nd ref="972230630"/>
    <nd ref="972229547"/>
    <nd ref="972228743"/>
    <nd ref="972231064"/>
    <nd ref="972228510"/>
    <nd ref="972230749"/>
    <nd ref="972229630"/>
    <nd ref="972228787"/>
    <nd ref="972229155"/>
    <nd ref="972231857"/>
    <nd ref="972230404"/>
    <nd ref="972229312"/>
    <nd ref="972229481"/>
    <nd ref="972228690"/>
    <nd ref="972230987"/>
    <nd ref="972229765"/>
    <nd ref="972230309"/>
    <nd ref="972229215"/>
    <nd ref="972228356"/>
    <nd ref="972230515"/>
    <nd ref="972231738"/>
    <nd ref="972230361"/>
    <nd ref="972229251"/>
    <nd ref="972228417"/>
    <nd ref="972228935"/>
    <nd ref="972231292"/>
    <nd ref="972230110"/>
    <nd ref="972229130"/>
    <nd ref="972229193"/>
    <nd ref="972228295"/>
    <nd ref="972230475"/>
    <nd ref="972229421"/>
    <nd ref="972229973"/>
    <nd ref="972229081"/>
    <nd ref="972231539"/>
    <nd ref="972230262"/>
    <nd ref="972231263"/>
    <nd ref="972230058"/>
    <nd ref="972229107"/>
    <nd ref="972231625"/>
    <nd ref="972228640"/>
    <nd ref="972230898"/>
    <nd ref="972229723"/>
    <nd ref="972228885"/>
    <nd ref="972229047"/>
    <nd ref="972231404"/>
    <nd ref="972230199"/>
    <nd ref="972229167"/>
    <nd ref="972229599"/>
    <nd ref="972228768"/>
    <nd ref="972231151"/>
    <nd ref="972229871"/>
    <nd ref="972230812"/>
    <nd ref="972229664"/>
    <nd ref="972228828"/>
    <nd ref="972231229"/>
    <nd ref="972231899"/>
    <nd ref="972230426"/>
    <nd ref="972229356"/>
    <nd ref="972228550"/>
    <nd ref="972228718"/>
    <nd ref="972231037"/>
    <nd ref="972229809"/>
    <nd ref="972228977"/>
    <nd ref="972229230"/>
    <nd ref="972228391"/>
    <nd ref="972230568"/>
    <nd ref="972229518"/>
    <nd ref="972230385"/>
    <nd ref="972229282"/>
    <nd ref="972228478"/>
    <nd ref="972230708"/>
    <nd ref="972231318"/>
    <nd ref="972230144"/>
    <nd ref="972229143"/>
    <nd ref="972231837"/>
    <nd ref="972228326"/>
    <nd ref="972230497"/>
    <nd ref="972229452"/>
    <nd ref="972228665"/>
    <nd ref="972229097"/>
    <nd ref="972231589"/>
    <nd ref="972230286"/>
    <nd ref="972229206"/>
    <nd ref="972230087"/>
    <nd ref="972229121"/>
    <tag k="highway" v="tertiary"/>
    <tag k="source" v="GPS"/>
  </way>
  <way id="83497520">
    <nd ref="972231903"/>
    <nd ref="8118349309"/>
    <nd ref="972230428"/>
    <nd ref="8118349308"/>
    <nd ref="8780752215"/>
    <nd ref="972231157"/>
    <nd ref="13432103301"/>
    <nd ref="972229874"/>
    <nd ref="8118359854"/>
    <nd ref="972229048"/>
    <nd ref="13369841169"/>
    <nd ref="972231427"/>
    <nd ref="8118359856"/>
    <nd ref="8118359855"/>
    <nd ref="972228830"/>
    <nd ref="972231230"/>
    <nd ref="8118359857"/>
    <nd ref="972229983"/>
    <nd ref="3706084800"/>
    <nd ref="972229085"/>
    <nd ref="972229359"/>
    <nd ref="8118359858"/>
    <nd ref="972228556"/>
    <nd ref="972230815"/>
    <nd ref="972229669"/>
    <nd ref="972229811"/>
    <nd ref="972228989"/>
    <nd ref="972231319"/>
    <nd ref="972230150"/>
    <nd ref="972230598"/>
    <nd ref="972229519"/>
    <nd ref="972228720"/>
    <nd ref="972231046"/>
    <nd ref="3706086863"/>
    <nd ref="972228480"/>
    <nd ref="972230712"/>
    <nd ref="972229602"/>
    <nd ref="3706087385"/>
    <nd ref="3706087542"/>
    <nd ref="3706088054"/>
    <nd ref="3706088303"/>
    <nd ref="972229145"/>
    <nd ref="3706430904"/>
    <nd ref="972230387"/>
    <nd ref="972229285"/>
    <nd ref="972231949"/>
    <nd ref="3706089076"/>
    <tag k="highway" v="secondary"/>
    <tag k="name" v="Ulubey-Güney yolu"/>
    <tag k="ref" v="20-77"/>
    <tag k="source" v="GPS"/>
  </way>
  <way id="115774173">
    <nd ref="212625788"/>
    <nd ref="8780767546"/>
    <nd ref="8780767547"/>
    <nd ref="212625789"/>
    <nd ref="10929152995"/>
    <nd ref="10929152994"/>
    <nd ref="8780767545"/>
    <nd ref="8780767544"/>
    <nd ref="10929152993"/>
    <nd ref="8780767543"/>
    <nd ref="212625791"/>
    <nd ref="10929152992"/>
    <nd ref="10929152991"/>
    <nd ref="10929152996"/>
    <nd ref="212625792"/>
    <nd ref="212625794"/>
    <nd ref="212625795"/>
    <nd ref="212625797"/>
    <nd ref="212625799"/>
    <nd ref="8780767542"/>
    <nd ref="212625801"/>
    <nd ref="212625803"/>
    <nd ref="212625805"/>
    <nd ref="10929152855"/>
    <nd ref="212625807"/>
    <nd ref="10929152856"/>
    <nd ref="212625808"/>
    <tag k="highway" v="tertiary"/>
  </way>
  <way id="115774182">
    <nd ref="1307069918"/>
    <nd ref="1307070080"/>
    <nd ref="1307068946"/>
    <nd ref="1307071607"/>
    <nd ref="1307070416"/>
    <nd ref="1307071071"/>
    <nd ref="1307069747"/>
    <nd ref="1307068707"/>
    <nd ref="1307071476"/>
    <nd ref="1307071793"/>
    <nd ref="1307070690"/>
    <nd ref="1307069272"/>
    <nd ref="1307068409"/>
    <nd ref="1307068905"/>
    <nd ref="1307071582"/>
    <nd ref="1307070357"/>
    <nd ref="1307069039"/>
    <nd ref="1307069988"/>
    <nd ref="1307068882"/>
    <nd ref="1307071557"/>
    <nd ref="1307071993"/>
    <nd ref="1307070949"/>
    <tag k="highway" v="tertiary"/>
    <tag k="source" v="mapbox"/>
  </way>
  <way id="115774184">
    <nd ref="3706086829"/>
    <nd ref="3706086693"/>
    <nd ref="3706086687"/>
    <nd ref="3706086673"/>
    <nd ref="3706086518"/>
    <nd ref="3706086441"/>
    <nd ref="3706086297"/>
    <nd ref="3706086185"/>
    <nd ref="3706086279"/>
    <nd ref="3706086250"/>
    <nd ref="3706086232"/>
    <nd ref="3706086002"/>
    <nd ref="3706085996"/>
    <nd ref="3706085924"/>
    <nd ref="3706085917"/>
    <nd ref="3706085912"/>
    <nd ref="3706085908"/>
    <nd ref="3706085893"/>
    <nd ref="3706085888"/>
    <nd ref="3706085879"/>
    <nd ref="3706085846"/>
    <nd ref="3706086042"/>
    <nd ref="3706085693"/>
    <nd ref="3706085967"/>
    <nd ref="3706085825"/>
    <nd ref="3706085784"/>
    <nd ref="3706085491"/>
    <nd ref="8780738594"/>
    <nd ref="3706085447"/>
    <nd ref="8780738593"/>
    <nd ref="1307069589"/>
    <tag k="highway" v="tertiary"/>
    <tag k="source" v="bing"/>
  </way>
  <way id="115774186">
    <nd ref="1307071584"/>
    <nd ref="1307068907"/>
    <nd ref="1307070031"/>
    <nd ref="1307068805"/>
    <nd ref="1307069858"/>
    <nd ref="1307071226"/>
    <nd ref="1307068497"/>
    <nd ref="1307071661"/>
    <nd ref="1307068987"/>
    <nd ref="1307070182"/>
    <nd ref="1307071522"/>
    <nd ref="1307069540"/>
    <nd ref="1307068999"/>
    <nd ref="1307071693"/>
    <nd ref="3706085774"/>
    <nd ref="1307070594"/>
    <nd ref="1307069140"/>
    <nd ref="1307068825"/>
    <tag k="highway" v="tertiary"/>
    <tag k="source" v="mapbox"/>
  </way>
  <way id="115774197">
    <nd ref="1307069211"/>
    <nd ref="1307071528"/>
    <nd ref="1307068993"/>
    <nd ref="3706084760"/>
    <nd ref="1307069478"/>
    <nd ref="1307068510"/>
    <nd ref="1307071244"/>
    <nd ref="1307069874"/>
    <nd ref="3706084765"/>
    <nd ref="1307069625"/>
    <nd ref="1307068656"/>
    <nd ref="1307071384"/>
    <nd ref="1307070027"/>
    <nd ref="1307070618"/>
    <nd ref="1307069178"/>
    <nd ref="3706084774"/>
    <nd ref="1307068340"/>
    <nd ref="1307070991"/>
    <nd ref="10929151391"/>
    <nd ref="1307071542"/>
    <nd ref="1307070277"/>
    <nd ref="1307069011"/>
    <nd ref="1307071719"/>
    <nd ref="1307068607"/>
    <nd ref="1307071298"/>
    <nd ref="10929151390"/>
    <nd ref="10929151389"/>
    <nd ref="1307069918"/>
    <nd ref="1307068849"/>
    <nd ref="10929151392"/>
    <nd ref="1307069631"/>
    <nd ref="10929151393"/>
    <nd ref="10929151394"/>
    <nd ref="1307068669"/>
    <nd ref="1307071387"/>
    <nd ref="1307068766"/>
    <nd ref="1307071509"/>
    <nd ref="1307070150"/>
    <nd ref="10929151395"/>
    <nd ref="1307068974"/>
    <nd ref="1307068472"/>
    <nd ref="1307071195"/>
    <nd ref="1307069834"/>
    <nd ref="1307070434"/>
    <nd ref="1307069071"/>
    <nd ref="8780738537"/>
    <nd ref="1307071859"/>
    <nd ref="10929152841"/>
    <nd ref="1307070779"/>
    <nd ref="10929152842"/>
    <nd ref="1307071480"/>
    <nd ref="10929152843"/>
    <nd ref="1307070087"/>
    <nd ref="1307068442"/>
    <nd ref="212612019"/>
    <tag k="highway" v="secondary"/>
    <tag k="ref" v="20-77"/>
    <tag k="source" v="bing"/>
    <tag k="surface" v="asphalt"/>
  </way>
  <way id="115774198">
    <nd ref="3706086455"/>
    <nd ref="3706086311"/>
    <nd ref="3706086300"/>
    <nd ref="3706086292"/>
    <nd ref="3706086298"/>
    <nd ref="3706086317"/>
    <nd ref="3706086323"/>
    <nd ref="3706086315"/>
    <nd ref="3706086314"/>
    <nd ref="3706086305"/>
    <nd ref="3706086211"/>
    <nd ref="3706086164"/>
    <nd ref="3706086136"/>
    <nd ref="3706086258"/>
    <nd ref="3706086227"/>
    <nd ref="3706085923"/>
    <nd ref="3706085853"/>
    <nd ref="1307069827"/>
    <nd ref="1307071191"/>
    <nd ref="1307068466"/>
    <nd ref="1307069403"/>
    <nd ref="1307068972"/>
    <nd ref="1307070145"/>
    <nd ref="1307068825"/>
    <nd ref="1307068763"/>
    <nd ref="1307071898"/>
    <nd ref="1307069093"/>
    <nd ref="1307070493"/>
    <nd ref="1307071634"/>
    <nd ref="1307071253"/>
    <nd ref="1307068526"/>
    <nd ref="1307069485"/>
    <nd ref="1307070880"/>
    <nd ref="1307069326"/>
    <nd ref="1307070695"/>
    <nd ref="1307071797"/>
    <nd ref="1307069041"/>
    <nd ref="1307068712"/>
    <nd ref="1307069753"/>
    <nd ref="1307071074"/>
    <nd ref="1307071824"/>
    <nd ref="1307071475"/>
    <nd ref="1307071786"/>
    <nd ref="1307070684"/>
    <nd ref="1307069254"/>
    <nd ref="1307068402"/>
    <nd ref="1307068901"/>
    <nd ref="3706085313"/>
    <nd ref="1307071573"/>
    <nd ref="1307070349"/>
    <nd ref="1307069035"/>
    <nd ref="1307069614"/>
    <nd ref="1307068651"/>
    <nd ref="1307071363"/>
    <nd ref="1307070013"/>
    <nd ref="1307069792"/>
    <nd ref="1307068739"/>
    <nd ref="1307071495"/>
    <nd ref="1307070121"/>
    <nd ref="3706085290"/>
    <nd ref="1307070737"/>
    <nd ref="1307069371"/>
    <nd ref="1307068440"/>
    <nd ref="1307070949"/>
    <tag k="highway" v="tertiary"/>
    <tag k="source" v="mapbox"/>
  </way>
  <way id="115774212">
    <nd ref="1307068526"/>
    <nd ref="1307070859"/>
    <nd ref="1307069449"/>
    <nd ref="1307070129"/>
    <nd ref="1307068963"/>
    <nd ref="1307071625"/>
    <nd ref="1307070472"/>
    <nd ref="1307071167"/>
    <nd ref="1307069805"/>
    <nd ref="1307068748"/>
    <nd ref="1307071499"/>
    <nd ref="1307071839"/>
    <nd ref="1307070751"/>
    <nd ref="1307069382"/>
    <nd ref="1307068447"/>
    <tag k="highway" v="tertiary"/>
    <tag k="source" v="mapbox"/>
  </way>
  <way id="115774214">
    <nd ref="3706427980"/>
    <nd ref="3706428004"/>
    <nd ref="3706428011"/>
    <nd ref="3706427734"/>
    <nd ref="3706427742"/>
    <nd ref="3706427747"/>
    <nd ref="3706427752"/>
    <nd ref="3706427763"/>
    <nd ref="3706427768"/>
    <nd ref="3706427776"/>
    <nd ref="3706427783"/>
    <nd ref="3706427801"/>
    <nd ref="3706427822"/>
    <nd ref="1307071359"/>
    <nd ref="1307068649"/>
    <nd ref="1307071783"/>
    <nd ref="3706428242"/>
    <nd ref="1307069034"/>
    <nd ref="1307070338"/>
    <nd ref="1307071568"/>
    <nd ref="1307071049"/>
    <nd ref="1307068396"/>
    <nd ref="1307069247"/>
    <nd ref="1307070679"/>
    <nd ref="1307070927"/>
    <nd ref="1307071940"/>
    <nd ref="1307069118"/>
    <nd ref="1307070562"/>
    <nd ref="1307069961"/>
    <nd ref="1307071304"/>
    <nd ref="1307068612"/>
    <nd ref="1307069556"/>
    <nd ref="1307069015"/>
    <nd ref="1307070283"/>
    <nd ref="1307071546"/>
    <nd ref="1307068863"/>
    <nd ref="1307068349"/>
    <nd ref="1307069183"/>
    <nd ref="1307070634"/>
    <nd ref="1307071750"/>
    <nd ref="1307070486"/>
    <nd ref="1307071628"/>
    <nd ref="10929193680"/>
    <nd ref="1307068966"/>
    <nd ref="1307069455"/>
    <nd ref="10929152990"/>
    <nd ref="1307070861"/>
    <nd ref="212625785"/>
    <nd ref="1307070894"/>
    <nd ref="212625788"/>
    <tag k="highway" v="tertiary"/>
    <tag k="source" v="bing"/>
  </way>
  <way id="115774224">
    <nd ref="3706086068"/>
    <nd ref="3706086869"/>
    <nd ref="3706086835"/>
    <nd ref="3706086675"/>
    <nd ref="3706086652"/>
    <nd ref="3706086487"/>
    <nd ref="3706086312"/>
    <nd ref="3706086206"/>
    <nd ref="3706086198"/>
    <nd ref="3706086205"/>
    <nd ref="3706086195"/>
    <nd ref="3706086178"/>
    <nd ref="3706086167"/>
    <nd ref="3706086168"/>
    <nd ref="3706086187"/>
    <nd ref="3706086193"/>
    <nd ref="3706086189"/>
    <nd ref="3706086171"/>
    <nd ref="3706086149"/>
    <nd ref="3706086274"/>
    <nd ref="3706086244"/>
    <nd ref="3706085992"/>
    <nd ref="3706085890"/>
    <nd ref="3706085859"/>
    <nd ref="3706085826"/>
    <nd ref="3706086029"/>
    <nd ref="3706085667"/>
    <nd ref="3706085974"/>
    <nd ref="3706085936"/>
    <nd ref="3706085620"/>
    <nd ref="3706085609"/>
    <nd ref="1307070359"/>
    <nd ref="1307069721"/>
    <nd ref="1307070333"/>
    <nd ref="1307069030"/>
    <nd ref="1307071775"/>
    <nd ref="1307070662"/>
    <nd ref="1307071338"/>
    <nd ref="1307069991"/>
    <nd ref="1307068885"/>
    <nd ref="1307071559"/>
    <nd ref="1307071998"/>
    <nd ref="1307070961"/>
    <nd ref="1307069597"/>
    <nd ref="1307070182"/>
    <tag k="highway" v="tertiary"/>
    <tag k="source" v="mapbox"/>
  </way>
  <way id="178610399">
    <nd ref="1889561101"/>
    <nd ref="8118349291"/>
    <nd ref="8118349301"/>
    <nd ref="3706428759"/>
    <nd ref="1889561039"/>
    <nd ref="1889561031"/>
    <tag k="highway" v="secondary"/>
    <tag k="name" v="Güney-Çal yolu"/>
    <tag k="oneway" v="yes"/>
    <tag k="ref" v="20-08"/>
    <tag k="source" v="bing"/>
  </way>
  <way id="178610401">
    <nd ref="1889561031"/>
    <nd ref="1889561044"/>
    <nd ref="3706428760"/>
    <nd ref="8118349286"/>
    <nd ref="1889561100"/>
    <nd ref="8118349275"/>
    <nd ref="1889561108"/>
    <tag k="highway" v="secondary"/>
    <tag k="name" v="Güney-Çal yolu"/>
    <tag k="oneway" v="yes"/>
    <tag k="ref" v="20-08"/>
    <tag k="source" v="bing"/>
  </way>
  <way id="178610403">
    <nd ref="972230894"/>
    <nd ref="972231113"/>
    <nd ref="972229865"/>
    <nd ref="972229042"/>
    <nd ref="972231401"/>
    <nd ref="972228451"/>
    <nd ref="972230701"/>
    <nd ref="972229582"/>
    <nd ref="1889561066"/>
    <nd ref="8118359839"/>
    <nd ref="1889561080"/>
    <tag k="highway" v="residential"/>
    <tag k="source" v="GPS"/>
  </way>
  <way id="178610405">
    <nd ref="1889561043"/>
    <nd ref="1889561032"/>
    <nd ref="8118349294"/>
    <nd ref="1889561029"/>
    <nd ref="8118349295"/>
    <nd ref="1889561012"/>
    <nd ref="1889561003"/>
    <nd ref="1889560972"/>
    <nd ref="1889560956"/>
    <nd ref="8780767415"/>
    <nd ref="1889560943"/>
    <nd ref="8780767414"/>
    <nd ref="1889560923"/>
    <nd ref="1889560914"/>
    <nd ref="1889560896"/>
    <nd ref="1889560879"/>
    <nd ref="1889560874"/>
    <tag k="highway" v="tertiary"/>
    <tag k="source" v="bing"/>
  </way>
  <way id="178610406">
    <nd ref="1889560654"/>
    <nd ref="3706074361"/>
    <nd ref="1889560662"/>
    <nd ref="3706074366"/>
    <nd ref="1889560665"/>
    <nd ref="1889560667"/>
    <nd ref="13432061987"/>
    <nd ref="3706074383"/>
    <nd ref="1889560688"/>
    <nd ref="1889560690"/>
    <nd ref="3706074394"/>
    <nd ref="4441813324"/>
    <nd ref="1889560700"/>
    <nd ref="1889560714"/>
    <nd ref="1889560718"/>
    <nd ref="1889560724"/>
    <nd ref="1889560730"/>
    <nd ref="1889560742"/>
    <nd ref="1889560745"/>
    <nd ref="972228930"/>
    <tag k="highway" v="residential"/>
    <tag k="source" v="bing"/>
  </way>
  <way id="178610409">
    <nd ref="1889560874"/>
    <nd ref="1889560840"/>
    <nd ref="1889560827"/>
    <nd ref="1889560808"/>
    <nd ref="1889560795"/>
    <nd ref="1889560789"/>
    <nd ref="4462310494"/>
    <nd ref="4441746816"/>
    <nd ref="1889560777"/>
    <nd ref="1889560775"/>
    <nd ref="1889560776"/>
    <nd ref="4441758637"/>
    <nd ref="1889560784"/>
    <nd ref="1889560791"/>
    <nd ref="1889560811"/>
    <nd ref="4441758650"/>
    <nd ref="1889560837"/>
    <nd ref="364943963"/>
    <nd ref="4441758651"/>
    <nd ref="1889560870"/>
    <nd ref="1889560886"/>
    <nd ref="1889560899"/>
    <tag k="highway" v="tertiary"/>
    <tag k="source" v="bing"/>
  </way>
  <way id="178610410">
    <nd ref="1889560659"/>
    <nd ref="1889560674"/>
    <nd ref="8780767433"/>
    <nd ref="8780767503"/>
    <nd ref="1889560684"/>
    <nd ref="8780767427"/>
    <nd ref="1889560694"/>
    <nd ref="1889560715"/>
    <nd ref="1889560727"/>
    <nd ref="1889560757"/>
    <nd ref="3706085136"/>
    <nd ref="13432151943"/>
    <nd ref="1889560780"/>
    <nd ref="4441847785"/>
    <nd ref="1889560877"/>
    <nd ref="1889560883"/>
    <nd ref="1889560898"/>
    <nd ref="1889560911"/>
    <nd ref="1889560942"/>
    <nd ref="1889560974"/>
    <nd ref="1889560989"/>
    <nd ref="1889560998"/>
    <nd ref="1889561008"/>
    <nd ref="8118349293"/>
    <nd ref="1889561029"/>
    <tag k="highway" v="residential"/>
    <tag k="source" v="bing"/>
  </way>
  <way id="178610411">
    <nd ref="972229715"/>
    <nd ref="972228882"/>
    <tag k="highway" v="residential"/>
    <tag k="source" v="GPS"/>
  </way>
  <way id="178610419">
    <nd ref="1889560816"/>
    <nd ref="1889560815"/>
    <nd ref="1889560813"/>
    <tag k="highway" v="secondary_link"/>
    <tag k="oneway" v="yes"/>
    <tag k="source" v="bing"/>
  </way>
  <way id="178610420">
    <nd ref="972228882"/>
    <nd ref="972231258"/>
    <nd ref="972230054"/>
    <tag k="highway" v="residential"/>
    <tag k="source" v="GPS"/>
  </way>
  <way id="178610423">
    <nd ref="1889560813"/>
    <nd ref="1889560805"/>
    <nd ref="1889560792"/>
    <nd ref="8780738600"/>
    <nd ref="1889560783"/>
    <nd ref="1889560769"/>
    <nd ref="1889560759"/>
    <nd ref="4441795951"/>
    <nd ref="1889560755"/>
    <nd ref="1889560753"/>
    <nd ref="1889560756"/>
    <nd ref="1889560761"/>
    <nd ref="1889560772"/>
    <nd ref="1889560778"/>
    <nd ref="1889560785"/>
    <nd ref="1889560797"/>
    <nd ref="1889560800"/>
    <nd ref="1889560810"/>
    <nd ref="4441795918"/>
    <nd ref="1889560823"/>
    <nd ref="1889560831"/>
    <nd ref="4441786725"/>
    <nd ref="1889560830"/>
    <nd ref="4441795897"/>
    <nd ref="1889560819"/>
    <nd ref="1889560824"/>
    <nd ref="1889560839"/>
    <nd ref="1889560857"/>
    <nd ref="1889560861"/>
    <nd ref="4441795767"/>
    <nd ref="1889560862"/>
    <nd ref="1889560868"/>
    <nd ref="1889560892"/>
    <nd ref="1889560897"/>
    <nd ref="1889560899"/>
    <nd ref="972230470"/>
    <nd ref="972230054"/>
    <nd ref="1889560890"/>
    <nd ref="4441883314"/>
    <nd ref="1889560882"/>
    <nd ref="4441883297"/>
    <nd ref="1889560880"/>
    <nd ref="13432032495"/>
    <nd ref="1889560874"/>
    <tag k="highway" v="tertiary"/>
    <tag k="source" v="bing"/>
  </way>
  <way id="178610425">
    <nd ref="13272849989"/>
    <nd ref="1889560835"/>
    <nd ref="1889560813"/>
    <tag k="highway" v="tertiary"/>
    <tag k="oneway" v="yes"/>
    <tag k="source" v="bing"/>
  </way>
  <way id="178610426">
    <nd ref="972230470"/>
    <nd ref="972229417"/>
    <nd ref="972228627"/>
    <nd ref="4441882382"/>
    <nd ref="972230894"/>
    <tag k="highway" v="residential"/>
    <tag k="source" v="GPS"/>
  </way>
  <way id="178610431">
    <nd ref="1889560813"/>
    <nd ref="1889560829"/>
    <nd ref="13272849988"/>
    <nd ref="6696632656"/>
    <tag k="highway" v="tertiary"/>
    <tag k="oneway" v="yes"/>
    <tag k="source" v="bing"/>
  </way>
  <way id="178610432">
    <nd ref="1889561043"/>
    <nd ref="8118349307"/>
    <nd ref="3706428764"/>
    <nd ref="8118349305"/>
    <nd ref="1889561069"/>
    <nd ref="8118349304"/>
    <nd ref="1889561081"/>
    <nd ref="1889561092"/>
    <nd ref="8118349303"/>
    <nd ref="8118349291"/>
    <nd ref="8118349275"/>
    <tag k="highway" v="secondary"/>
    <tag k="oneway" v="yes"/>
    <tag k="source" v="bing"/>
  </way>
  <way id="178610433">
    <nd ref="972230894"/>
    <nd ref="1889560934"/>
    <nd ref="13432032496"/>
    <nd ref="1889560926"/>
    <nd ref="1889560922"/>
    <nd ref="1889560914"/>
    <tag k="highway" v="residential"/>
    <tag k="source" v="bing"/>
  </way>
  <way id="178610438">
    <nd ref="972230257"/>
    <nd ref="972229188"/>
    <nd ref="4441749558"/>
    <nd ref="972231959"/>
    <nd ref="972228813"/>
    <nd ref="972231227"/>
    <nd ref="4441847441"/>
    <nd ref="972229958"/>
    <nd ref="364943963"/>
    <tag k="highway" v="residential"/>
    <tag k="source" v="GPS"/>
  </way>
  <way id="178610439">
    <nd ref="1889561101"/>
    <nd ref="8118349300"/>
    <nd ref="1889561094"/>
    <nd ref="8118349302"/>
    <nd ref="1889561083"/>
    <nd ref="1889561075"/>
    <nd ref="1889561060"/>
    <nd ref="8118349292"/>
    <nd ref="3706428762"/>
    <nd ref="8118349306"/>
    <nd ref="3706428757"/>
    <nd ref="1889561043"/>
    <tag k="highway" v="secondary"/>
    <tag k="oneway" v="yes"/>
    <tag k="source" v="bing"/>
  </way>
  <way id="178610453">
    <nd ref="6696632656"/>
    <nd ref="13272849989"/>
    <nd ref="13272849990"/>
    <nd ref="212612004"/>
    <nd ref="11491483295"/>
    <nd ref="11491483296"/>
    <nd ref="212612006"/>
    <nd ref="212612008"/>
    <nd ref="1889560790"/>
    <nd ref="1889560796"/>
    <tag k="highway" v="secondary"/>
    <tag k="oneway" v="yes"/>
    <tag k="ref" v="20-77"/>
    <tag k="source" v="bing"/>
  </way>
  <way id="178610455">
    <nd ref="1889560796"/>
    <nd ref="11491483297"/>
    <nd ref="1889560782"/>
    <nd ref="1889560764"/>
    <nd ref="1889560765"/>
    <nd ref="11491483298"/>
    <nd ref="1889560770"/>
    <nd ref="1889560774"/>
    <nd ref="1889560794"/>
    <nd ref="1889560812"/>
    <nd ref="1889560816"/>
    <nd ref="1889560835"/>
    <tag k="highway" v="secondary"/>
    <tag k="oneway" v="yes"/>
    <tag k="ref" v="20-77"/>
    <tag k="source" v="bing"/>
  </way>
  <way id="178610456">
    <nd ref="972231903"/>
    <nd ref="13432098101"/>
    <nd ref="1889561124"/>
    <nd ref="8118349281"/>
    <nd ref="8118349280"/>
    <nd ref="1889561108"/>
    <nd ref="1889561101"/>
    <tag k="highway" v="secondary"/>
    <tag k="oneway" v="yes"/>
    <tag k="ref" v="20-77"/>
    <tag k="source" v="GPS"/>
  </way>
  <way id="178610457">
    <nd ref="1889560796"/>
    <nd ref="212612010"/>
    <nd ref="212625808"/>
    <nd ref="10929152854"/>
    <nd ref="10929152853"/>
    <nd ref="212612012"/>
    <nd ref="10929152852"/>
    <nd ref="10929152851"/>
    <nd ref="10929152850"/>
    <nd ref="10929152849"/>
    <nd ref="212612014"/>
    <nd ref="212612017"/>
    <nd ref="10929152848"/>
    <nd ref="10929152847"/>
    <nd ref="212612018"/>
    <nd ref="10929152846"/>
    <nd ref="13432077463"/>
    <nd ref="10929152845"/>
    <nd ref="10929152844"/>
    <nd ref="212612019"/>
    <tag k="highway" v="secondary"/>
    <tag k="ref" v="20-77"/>
    <tag k="source" v="GPS"/>
  </way>
  <way id="215205398">
    <nd ref="2246129707"/>
    <nd ref="8118404984"/>
    <nd ref="2246129735"/>
    <nd ref="2246129746"/>
    <nd ref="2246129750"/>
    <nd ref="2246129766"/>
    <nd ref="2246129782"/>
    <nd ref="2300035327"/>
    <nd ref="2246129789"/>
    <nd ref="2246129798"/>
    <nd ref="8118379516"/>
    <nd ref="2246129774"/>
    <nd ref="8118404975"/>
    <nd ref="2246129771"/>
    <tag k="highway" v="residential"/>
    <tag k="source" v="bing"/>
  </way>
  <way id="215205404">
    <nd ref="2246130141"/>
    <nd ref="2246130180"/>
    <nd ref="2246130187"/>
    <nd ref="2246130192"/>
    <nd ref="2246130205"/>
    <nd ref="2246130220"/>
    <nd ref="2246130234"/>
    <nd ref="2246130246"/>
    <nd ref="2246130250"/>
    <nd ref="2246130256"/>
    <tag k="highway" v="residential"/>
    <tag k="source" v="bing"/>
  </way>
  <way id="215205425">
    <nd ref="2246129371"/>
    <nd ref="2246129363"/>
    <nd ref="2300035133"/>
    <nd ref="2300035129"/>
    <nd ref="2246129342"/>
    <nd ref="8118404998"/>
    <nd ref="2300035121"/>
    <nd ref="2246129335"/>
    <nd ref="2246129326"/>
    <nd ref="8118404999"/>
    <nd ref="2300035097"/>
    <nd ref="2246129302"/>
    <nd ref="2246129276"/>
    <nd ref="2300035082"/>
    <nd ref="2246129271"/>
    <nd ref="2246129267"/>
    <nd ref="2246129262"/>
    <nd ref="2246129261"/>
    <nd ref="2246129257"/>
    <nd ref="2246129250"/>
    <nd ref="2246129245"/>
    <nd ref="2246129232"/>
    <nd ref="2246129219"/>
    <nd ref="2246129214"/>
    <tag k="highway" v="tertiary"/>
    <tag k="source" v="bing"/>
  </way>
  <way id="215205432">
    <nd ref="2246130196"/>
    <nd ref="2246130180"/>
    <tag k="highway" v="residential"/>
    <tag k="source" v="bing"/>
  </way>
  <way id="215205434">
    <nd ref="2246130225"/>
    <nd ref="2246130187"/>
    <tag k="highway" v="residential"/>
    <tag k="source" v="bing"/>
  </way>
  <way id="215205448">
    <nd ref="2246129731"/>
    <nd ref="8118416117"/>
    <nd ref="2300035292"/>
    <nd ref="2300035274"/>
    <nd ref="2300035256"/>
    <nd ref="2300035242"/>
    <nd ref="2300035237"/>
    <nd ref="8118404978"/>
    <nd ref="2300035227"/>
    <nd ref="2300035218"/>
    <nd ref="2300035178"/>
    <nd ref="2246129363"/>
    <nd ref="2300035115"/>
    <nd ref="2300035069"/>
    <nd ref="2300035053"/>
    <nd ref="2300035050"/>
    <nd ref="2300035039"/>
    <nd ref="2300035014"/>
    <nd ref="8118405008"/>
    <nd ref="8118405007"/>
    <nd ref="2300035010"/>
    <nd ref="2246129207"/>
    <tag k="highway" v="tertiary"/>
    <tag k="oneway" v="yes"/>
    <tag k="source" v="bing"/>
  </way>
  <way id="215205460">
    <nd ref="2246129971"/>
    <nd ref="2246129909"/>
    <nd ref="2300035355"/>
    <nd ref="2246129875"/>
    <nd ref="2246129810"/>
    <nd ref="2246129753"/>
    <nd ref="2246129731"/>
    <tag k="highway" v="residential"/>
    <tag k="source" v="bing"/>
  </way>
  <way id="215205465">
    <nd ref="2246130246"/>
    <nd ref="2246130242"/>
    <nd ref="8118416123"/>
    <nd ref="2246130228"/>
    <nd ref="2246130215"/>
    <nd ref="2246130210"/>
    <nd ref="2246130192"/>
    <tag k="highway" v="residential"/>
    <tag k="source" v="bing"/>
  </way>
  <way id="215205475">
    <nd ref="2246129731"/>
    <nd ref="2246129702"/>
    <nd ref="8118404993"/>
    <nd ref="2246129590"/>
    <nd ref="2246129573"/>
    <nd ref="2246129541"/>
    <nd ref="2246129521"/>
    <nd ref="2246129510"/>
    <nd ref="2246129502"/>
    <tag k="highway" v="residential"/>
    <tag k="source" v="bing"/>
  </way>
  <way id="220927286">
    <nd ref="2299992217"/>
    <nd ref="2299992200"/>
    <nd ref="2299992173"/>
    <nd ref="2299992158"/>
    <nd ref="2299992180"/>
    <nd ref="2299992202"/>
    <nd ref="2299992228"/>
    <nd ref="2299992234"/>
    <nd ref="2299992248"/>
    <nd ref="2299992244"/>
    <tag k="highway" v="living_street"/>
    <tag k="source" v="bing"/>
  </way>
  <way id="220927287">
    <nd ref="2299992244"/>
    <nd ref="3706427009"/>
    <nd ref="3706427007"/>
    <nd ref="3706427002"/>
    <nd ref="3706427001"/>
    <nd ref="2299992209"/>
    <nd ref="2299992162"/>
    <nd ref="2299992121"/>
    <nd ref="2299992110"/>
    <nd ref="2299992093"/>
    <nd ref="2299992076"/>
    <nd ref="2299992091"/>
    <nd ref="2299992106"/>
    <nd ref="2299992170"/>
    <tag k="highway" v="living_street"/>
    <tag k="source" v="bing"/>
  </way>
  <way id="220927288">
    <nd ref="2299991875"/>
    <nd ref="2299991871"/>
    <nd ref="2299991870"/>
    <nd ref="2299991860"/>
    <nd ref="2299991856"/>
    <nd ref="2299991858"/>
    <nd ref="2299991868"/>
    <nd ref="2299991917"/>
    <nd ref="2299991930"/>
    <nd ref="2299991944"/>
    <tag k="highway" v="living_street"/>
    <tag k="source" v="bing"/>
  </way>
  <way id="220927290">
    <nd ref="2299992552"/>
    <nd ref="2299992544"/>
    <nd ref="2299992542"/>
    <nd ref="2299992534"/>
    <nd ref="2299992523"/>
    <nd ref="2299992519"/>
    <nd ref="2299992518"/>
    <nd ref="2299992516"/>
    <nd ref="2299992517"/>
    <nd ref="2299992520"/>
    <nd ref="2299992524"/>
    <nd ref="2299992537"/>
    <nd ref="2299992548"/>
    <nd ref="2299992564"/>
    <tag k="highway" v="tertiary"/>
    <tag k="source" v="GPS"/>
  </way>
  <way id="220927291">
    <nd ref="2299992176"/>
    <nd ref="2299992198"/>
    <nd ref="2299992215"/>
    <nd ref="2299992217"/>
    <nd ref="2299992213"/>
    <nd ref="2299992211"/>
    <nd ref="2299992207"/>
    <nd ref="2299992230"/>
    <nd ref="2299992265"/>
    <nd ref="2299992271"/>
    <nd ref="2299992277"/>
    <nd ref="2299992284"/>
    <nd ref="2299992290"/>
    <nd ref="2299992292"/>
    <nd ref="2299992286"/>
    <nd ref="2299992269"/>
    <tag k="highway" v="residential"/>
    <tag k="source" v="bing"/>
  </way>
  <way id="220927292">
    <nd ref="2299992271"/>
    <nd ref="2299992288"/>
    <nd ref="2299992319"/>
    <nd ref="2299992366"/>
    <nd ref="2299992385"/>
    <nd ref="2299992415"/>
    <nd ref="2299992432"/>
    <nd ref="2299992438"/>
    <nd ref="2299992451"/>
    <nd ref="2299992454"/>
    <nd ref="2299992463"/>
    <nd ref="2299992476"/>
    <nd ref="2299992487"/>
    <nd ref="2299992480"/>
    <nd ref="2299992461"/>
    <nd ref="3706427277"/>
    <nd ref="3706427283"/>
    <nd ref="3706427290"/>
    <tag k="highway" v="living_street"/>
    <tag k="source" v="bing"/>
  </way>
  <way id="220927293">
    <nd ref="2299992383"/>
    <nd ref="2299992408"/>
    <nd ref="2299992417"/>
    <nd ref="2299992421"/>
    <nd ref="2299992426"/>
    <nd ref="2299992428"/>
    <nd ref="2299992434"/>
    <nd ref="2299992442"/>
    <nd ref="2299992447"/>
    <nd ref="2299992478"/>
    <nd ref="2299992492"/>
    <nd ref="2299992494"/>
    <nd ref="2299992490"/>
    <nd ref="2299992465"/>
    <nd ref="2299992459"/>
    <nd ref="2299992471"/>
    <nd ref="2299992473"/>
    <tag k="highway" v="living_street"/>
    <tag k="source" v="bing"/>
  </way>
  <way id="220927294">
    <nd ref="2299992564"/>
    <nd ref="2299992572"/>
    <nd ref="2299992582"/>
    <nd ref="2299992593"/>
    <nd ref="2299992600"/>
    <nd ref="2299992610"/>
    <nd ref="2299992620"/>
    <nd ref="2299992625"/>
    <nd ref="2299992624"/>
    <nd ref="2299992622"/>
    <nd ref="2299992619"/>
    <nd ref="2299992611"/>
    <nd ref="2299992599"/>
    <nd ref="2299992574"/>
    <nd ref="2299992569"/>
    <nd ref="2299992576"/>
    <nd ref="2299992584"/>
    <nd ref="2299992590"/>
    <nd ref="2299992602"/>
    <nd ref="2299992607"/>
    <nd ref="2299992615"/>
    <nd ref="2299992617"/>
    <nd ref="2299992621"/>
    <nd ref="2299992627"/>
    <nd ref="2299992628"/>
    <nd ref="2299992623"/>
    <nd ref="2299992614"/>
    <nd ref="2299992605"/>
    <nd ref="2299992592"/>
    <nd ref="2299992578"/>
    <nd ref="2299992559"/>
    <nd ref="2299992557"/>
    <nd ref="2299992560"/>
    <nd ref="2299992567"/>
    <nd ref="2299992575"/>
    <nd ref="2299992581"/>
    <nd ref="2299992591"/>
    <nd ref="2299992597"/>
    <nd ref="2299992603"/>
    <nd ref="2299992604"/>
    <nd ref="2299992608"/>
    <nd ref="2299992613"/>
    <nd ref="2299992616"/>
    <nd ref="2299992612"/>
    <nd ref="2299992609"/>
    <nd ref="2299992594"/>
    <nd ref="2299992571"/>
    <nd ref="2299992565"/>
    <nd ref="2299992558"/>
    <nd ref="2299992554"/>
    <nd ref="2299992550"/>
    <nd ref="2299992551"/>
    <nd ref="2299992553"/>
    <nd ref="2299992555"/>
    <nd ref="2299992562"/>
    <nd ref="2299992570"/>
    <nd ref="2299992587"/>
    <nd ref="2299992588"/>
    <nd ref="2299992586"/>
    <nd ref="2299992561"/>
    <nd ref="2299992547"/>
    <nd ref="2299992541"/>
    <nd ref="2299992533"/>
    <nd ref="2299992529"/>
    <nd ref="2299992528"/>
    <nd ref="2299992527"/>
    <nd ref="2299992532"/>
    <nd ref="2299992535"/>
    <nd ref="2299992540"/>
    <nd ref="2299992539"/>
    <nd ref="2299992536"/>
    <nd ref="2299992530"/>
    <nd ref="2299992526"/>
    <nd ref="2299992521"/>
    <nd ref="2299992515"/>
    <nd ref="2299992513"/>
    <nd ref="2299992512"/>
    <nd ref="2299992510"/>
    <nd ref="2299992509"/>
    <nd ref="2299992505"/>
    <nd ref="2299992504"/>
    <nd ref="2299992503"/>
    <nd ref="2299992498"/>
    <nd ref="2299992449"/>
    <nd ref="2299992436"/>
    <nd ref="2299992424"/>
    <nd ref="2299992406"/>
    <nd ref="2299992309"/>
    <nd ref="2299992261"/>
    <nd ref="2299992242"/>
    <nd ref="2299992219"/>
    <nd ref="2299992193"/>
    <nd ref="2299992167"/>
    <nd ref="2299992089"/>
    <nd ref="2299992025"/>
    <nd ref="2299991963"/>
    <nd ref="2299991956"/>
    <nd ref="2299991953"/>
    <nd ref="2299991946"/>
    <nd ref="2299991940"/>
    <nd ref="2299991934"/>
    <nd ref="2299991926"/>
    <nd ref="2299991938"/>
    <nd ref="2299991936"/>
    <nd ref="2299991928"/>
    <nd ref="2299991881"/>
    <nd ref="2299991869"/>
    <nd ref="2299991847"/>
    <nd ref="2299991828"/>
    <nd ref="2299991820"/>
    <nd ref="2299991818"/>
    <nd ref="2299991811"/>
    <nd ref="2299991800"/>
    <nd ref="2299991785"/>
    <nd ref="2299991791"/>
    <nd ref="2299991798"/>
    <nd ref="2299991817"/>
    <nd ref="2299991807"/>
    <nd ref="2299991805"/>
    <nd ref="2299991792"/>
    <nd ref="2299991756"/>
    <nd ref="2299991743"/>
    <nd ref="2299991739"/>
    <nd ref="2299991740"/>
    <nd ref="2299991745"/>
    <nd ref="2299991747"/>
    <nd ref="2299991750"/>
    <nd ref="2299991760"/>
    <nd ref="2299991754"/>
    <nd ref="2299991752"/>
    <nd ref="2299991768"/>
    <nd ref="2299991781"/>
    <nd ref="2299991783"/>
    <nd ref="2299991779"/>
    <nd ref="2299991771"/>
    <nd ref="2299991764"/>
    <nd ref="2299991770"/>
    <nd ref="2299991773"/>
    <nd ref="2299991796"/>
    <nd ref="2299991813"/>
    <nd ref="2299991830"/>
    <nd ref="2299991843"/>
    <nd ref="2299991853"/>
    <nd ref="2299991873"/>
    <nd ref="2299991918"/>
    <nd ref="2299991947"/>
    <nd ref="2299991971"/>
    <nd ref="2299991977"/>
    <nd ref="2299991973"/>
    <nd ref="2299991981"/>
    <nd ref="2299992087"/>
    <nd ref="2299992101"/>
    <nd ref="2299992097"/>
    <nd ref="2299992054"/>
    <nd ref="2299992014"/>
    <nd ref="2299991975"/>
    <nd ref="2299991959"/>
    <nd ref="2299991960"/>
    <nd ref="2299991965"/>
    <nd ref="2299992062"/>
    <nd ref="2299992099"/>
    <nd ref="2299992117"/>
    <nd ref="2299992114"/>
    <nd ref="2299992085"/>
    <nd ref="2299992049"/>
    <nd ref="2299992038"/>
    <nd ref="2299992036"/>
    <nd ref="2299992047"/>
    <nd ref="2299992040"/>
    <nd ref="2299992003"/>
    <nd ref="2299992005"/>
    <nd ref="2299992007"/>
    <nd ref="2299992032"/>
    <nd ref="2299992079"/>
    <nd ref="2299992104"/>
    <nd ref="2299992119"/>
    <nd ref="2299992112"/>
    <nd ref="2299992164"/>
    <nd ref="2299992176"/>
    <nd ref="2299992185"/>
    <nd ref="2299992182"/>
    <nd ref="2299992170"/>
    <nd ref="3706426984"/>
    <nd ref="2299992060"/>
    <nd ref="2299992001"/>
    <nd ref="2299991994"/>
    <nd ref="2299991990"/>
    <nd ref="2299992016"/>
    <nd ref="2299992027"/>
    <nd ref="2299992018"/>
    <nd ref="2299992021"/>
    <nd ref="2299992030"/>
    <nd ref="2299992052"/>
    <tag k="highway" v="tertiary"/>
    <tag k="source" v="bing"/>
  </way>
  <way id="220927295">
    <nd ref="2299992568"/>
    <nd ref="2299992552"/>
    <tag k="bridge" v="yes"/>
    <tag k="highway" v="tertiary"/>
    <tag k="layer" v="1"/>
    <tag k="source" v="GPS"/>
  </way>
  <way id="220927296">
    <nd ref="2299991992"/>
    <nd ref="2299992009"/>
    <nd ref="2299992043"/>
    <nd ref="2299992081"/>
    <nd ref="2299992125"/>
    <nd ref="2299992191"/>
    <nd ref="2299992226"/>
    <nd ref="2299992236"/>
    <nd ref="2299992255"/>
    <nd ref="2299992267"/>
    <nd ref="2299992275"/>
    <nd ref="2299992281"/>
    <nd ref="2299992298"/>
    <nd ref="2299992305"/>
    <nd ref="2299992313"/>
    <nd ref="2299992315"/>
    <nd ref="2299992321"/>
    <nd ref="2299992328"/>
    <nd ref="2299992343"/>
    <nd ref="2299992355"/>
    <tag k="highway" v="living_street"/>
    <tag k="source" v="bing"/>
  </way>
  <way id="220927297">
    <nd ref="2299992317"/>
    <nd ref="2299992294"/>
    <nd ref="2299992269"/>
    <tag k="highway" v="residential"/>
    <tag k="source" v="bing"/>
  </way>
  <way id="220927298">
    <nd ref="2299991809"/>
    <nd ref="2299991824"/>
    <nd ref="2299991834"/>
    <tag k="highway" v="living_street"/>
    <tag k="source" v="bing"/>
  </way>
  <way id="220927299">
    <nd ref="2299991969"/>
    <nd ref="2299991962"/>
    <nd ref="2299991961"/>
    <nd ref="2299991955"/>
    <nd ref="2299991949"/>
    <nd ref="2299991957"/>
    <nd ref="2299991967"/>
    <nd ref="2299991979"/>
    <nd ref="2299991992"/>
    <nd ref="2299992012"/>
    <nd ref="2299992023"/>
    <nd ref="2299992045"/>
    <nd ref="2299992056"/>
    <nd ref="2299992083"/>
    <nd ref="2299992108"/>
    <nd ref="2299992127"/>
    <nd ref="2299992187"/>
    <nd ref="2299992204"/>
    <nd ref="2299992224"/>
    <nd ref="2299992238"/>
    <nd ref="2299992253"/>
    <nd ref="2299992258"/>
    <nd ref="2299992263"/>
    <nd ref="3706427020"/>
    <nd ref="2299992296"/>
    <nd ref="2299992307"/>
    <nd ref="2299992323"/>
    <nd ref="2299992355"/>
    <nd ref="2299992372"/>
    <nd ref="2299992388"/>
    <nd ref="2299992411"/>
    <tag k="highway" v="living_street"/>
    <tag k="source" v="bing"/>
  </way>
  <way id="220927300">
    <nd ref="3706425276"/>
    <nd ref="3706425278"/>
    <nd ref="3706425285"/>
    <nd ref="3706425297"/>
    <nd ref="3706425313"/>
    <nd ref="3706425536"/>
    <nd ref="3706425558"/>
    <nd ref="3706425571"/>
    <nd ref="3706425581"/>
    <nd ref="3706425594"/>
    <nd ref="3706425608"/>
    <nd ref="3706425614"/>
    <nd ref="3706425619"/>
    <nd ref="3706425725"/>
    <nd ref="3706425750"/>
    <nd ref="3706425773"/>
    <nd ref="3706425783"/>
    <nd ref="3706425784"/>
    <nd ref="3706425787"/>
    <nd ref="3706425794"/>
    <nd ref="3706425797"/>
    <nd ref="3706425799"/>
    <nd ref="3706425803"/>
    <nd ref="3706425824"/>
    <nd ref="3706426027"/>
    <nd ref="3706426036"/>
    <nd ref="3706426040"/>
    <nd ref="3706426046"/>
    <nd ref="3706425357"/>
    <nd ref="3706425364"/>
    <nd ref="3706425368"/>
    <nd ref="3706425372"/>
    <nd ref="3706425381"/>
    <nd ref="3706425385"/>
    <nd ref="3706425387"/>
    <nd ref="3706425386"/>
    <nd ref="3706425388"/>
    <nd ref="3706425397"/>
    <nd ref="3706425400"/>
    <nd ref="3706425401"/>
    <nd ref="3706425402"/>
    <nd ref="3706425399"/>
    <nd ref="3706425403"/>
    <nd ref="3706425407"/>
    <nd ref="3706425412"/>
    <nd ref="3706425420"/>
    <nd ref="3706426228"/>
    <nd ref="3706426236"/>
    <nd ref="3706426251"/>
    <nd ref="3706426266"/>
    <nd ref="3706426284"/>
    <nd ref="3706426287"/>
    <nd ref="3706426290"/>
    <nd ref="3706426289"/>
    <nd ref="3706426285"/>
    <nd ref="3706426282"/>
    <nd ref="3706426279"/>
    <nd ref="3706426248"/>
    <nd ref="3706426242"/>
    <nd ref="3706426234"/>
    <nd ref="3706425424"/>
    <nd ref="3706425419"/>
    <nd ref="3706425416"/>
    <nd ref="3706425417"/>
    <nd ref="3706425418"/>
    <nd ref="3706426225"/>
    <nd ref="3706426233"/>
    <nd ref="3706426238"/>
    <nd ref="3706426243"/>
    <nd ref="3706426246"/>
    <nd ref="3706426252"/>
    <nd ref="3706426261"/>
    <nd ref="3706426291"/>
    <nd ref="3706426298"/>
    <nd ref="3706426303"/>
    <nd ref="3706426305"/>
    <nd ref="3706426306"/>
    <nd ref="3706426308"/>
    <nd ref="3706426311"/>
    <nd ref="3706426315"/>
    <nd ref="3706426319"/>
    <nd ref="3706426528"/>
    <nd ref="3706426532"/>
    <nd ref="3706426067"/>
    <nd ref="3706426076"/>
    <nd ref="3706426088"/>
    <nd ref="3706426103"/>
    <nd ref="3706426118"/>
    <nd ref="3706426731"/>
    <nd ref="3706426744"/>
    <nd ref="2299991702"/>
    <nd ref="2299991705"/>
    <nd ref="2299991707"/>
    <nd ref="2299991710"/>
    <nd ref="2299991712"/>
    <nd ref="2299991714"/>
    <nd ref="2299991715"/>
    <nd ref="2299991717"/>
    <nd ref="2299991719"/>
    <nd ref="2299991721"/>
    <nd ref="2299991723"/>
    <nd ref="2299991725"/>
    <nd ref="2299991726"/>
    <nd ref="2299991728"/>
    <nd ref="2299991730"/>
    <nd ref="2299991732"/>
    <nd ref="2299991734"/>
    <nd ref="2299991736"/>
    <nd ref="2299991737"/>
    <nd ref="2299991741"/>
    <nd ref="2299991758"/>
    <nd ref="2299991794"/>
    <nd ref="2299991826"/>
    <nd ref="2299991841"/>
    <nd ref="2299991883"/>
    <nd ref="2299991944"/>
    <nd ref="2299991969"/>
    <nd ref="2299991996"/>
    <nd ref="2299992034"/>
    <nd ref="2299992052"/>
    <tag k="highway" v="tertiary"/>
    <tag k="source" v="bing"/>
  </way>
  <way id="220927301">
    <nd ref="2299992328"/>
    <nd ref="2299992387"/>
    <nd ref="2299992409"/>
    <nd ref="2299992408"/>
    <tag k="highway" v="living_street"/>
    <tag k="source" v="bing"/>
  </way>
  <way id="220927302">
    <nd ref="2299991994"/>
    <nd ref="2299991964"/>
    <nd ref="2299991958"/>
    <nd ref="2299991942"/>
    <tag k="highway" v="living_street"/>
    <tag k="source" v="bing"/>
  </way>
  <way id="220927305">
    <nd ref="2299992418"/>
    <nd ref="2299992382"/>
    <nd ref="2299992369"/>
    <nd ref="2299992357"/>
    <nd ref="2299992303"/>
    <tag k="highway" v="living_street"/>
    <tag k="source" v="bing"/>
  </way>
  <way id="220927306">
    <nd ref="2299992313"/>
    <nd ref="2299992331"/>
    <nd ref="2299992346"/>
    <nd ref="2299992352"/>
    <nd ref="2299992349"/>
    <tag k="highway" v="living_street"/>
    <tag k="source" v="bing"/>
  </way>
  <way id="220927307">
    <nd ref="2299992221"/>
    <nd ref="2299992240"/>
    <nd ref="2299992251"/>
    <nd ref="2299992260"/>
    <nd ref="2299992269"/>
    <tag k="highway" v="residential"/>
    <tag k="source" v="bing"/>
  </way>
  <way id="220927309">
    <nd ref="972230374"/>
    <nd ref="1365207504"/>
    <nd ref="1365207507"/>
    <nd ref="1365207525"/>
    <nd ref="1365207540"/>
    <nd ref="1365207544"/>
    <nd ref="1365207548"/>
    <nd ref="1365207550"/>
    <nd ref="1365207546"/>
    <nd ref="1365207541"/>
    <nd ref="1365207535"/>
    <nd ref="1365207521"/>
    <nd ref="1365207512"/>
    <nd ref="1365207510"/>
    <nd ref="1365207517"/>
    <nd ref="1365207523"/>
    <nd ref="1365207533"/>
    <nd ref="1365207539"/>
    <nd ref="1365207547"/>
    <nd ref="1365207560"/>
    <nd ref="1365207584"/>
    <nd ref="3706426081"/>
    <nd ref="1365207591"/>
    <nd ref="1365207595"/>
    <nd ref="1365207600"/>
    <nd ref="1365207603"/>
    <nd ref="1365207605"/>
    <nd ref="1365207607"/>
    <nd ref="1365207608"/>
    <nd ref="3706426746"/>
    <nd ref="1365207609"/>
    <nd ref="1365207615"/>
    <nd ref="1365207652"/>
    <nd ref="1365207665"/>
    <nd ref="1365207702"/>
    <nd ref="1365207825"/>
    <nd ref="1365207886"/>
    <nd ref="1365207895"/>
    <nd ref="1365207904"/>
    <nd ref="1365207913"/>
    <nd ref="1365207926"/>
    <nd ref="1365207939"/>
    <nd ref="1365207953"/>
    <nd ref="1365207968"/>
    <nd ref="1365207983"/>
    <nd ref="1365207989"/>
    <nd ref="2299992273"/>
    <nd ref="2299992360"/>
    <nd ref="2299992430"/>
    <nd ref="2299992507"/>
    <nd ref="2299992522"/>
    <nd ref="2299992583"/>
    <nd ref="2299992596"/>
    <nd ref="2299992601"/>
    <nd ref="2299992598"/>
    <nd ref="2299992589"/>
    <nd ref="2299992568"/>
    <tag k="highway" v="tertiary"/>
    <tag k="source" v="GPS"/>
    <tag k="surface" v="unpaved"/>
  </way>
  <way id="220927311">
    <nd ref="2299991877"/>
    <nd ref="2299991921"/>
    <nd ref="2299991914"/>
    <nd ref="2299991923"/>
    <nd ref="2299991932"/>
    <nd ref="2299991942"/>
    <tag k="highway" v="living_street"/>
    <tag k="source" v="bing"/>
  </way>
  <way id="220927312">
    <nd ref="2299991762"/>
    <nd ref="2299991775"/>
    <nd ref="2299991787"/>
    <nd ref="2299991802"/>
    <nd ref="2299991815"/>
    <nd ref="2299991822"/>
    <nd ref="2299991839"/>
    <nd ref="2299991851"/>
    <nd ref="2299991855"/>
    <nd ref="2299991872"/>
    <tag k="highway" v="living_street"/>
    <tag k="source" v="bing"/>
  </way>
  <way id="220927313">
    <nd ref="2299991738"/>
    <nd ref="2299991748"/>
    <nd ref="2299991766"/>
    <nd ref="2299991777"/>
    <nd ref="2299991789"/>
    <nd ref="2299991804"/>
    <nd ref="2299991809"/>
    <tag k="highway" v="track"/>
    <tag k="source" v="bing"/>
  </way>
  <way id="220927314">
    <nd ref="2299992375"/>
    <nd ref="2299992357"/>
    <nd ref="2299992340"/>
    <nd ref="2299992325"/>
    <nd ref="2299992317"/>
    <nd ref="2299992311"/>
    <nd ref="2299992301"/>
    <nd ref="2299992292"/>
    <tag k="highway" v="residential"/>
    <tag k="source" v="bing"/>
  </way>
  <way id="220927315">
    <nd ref="3706426595"/>
    <nd ref="2299991839"/>
    <nd ref="2299991835"/>
    <nd ref="2299991832"/>
    <nd ref="2299991834"/>
    <nd ref="2299991837"/>
    <nd ref="2299991845"/>
    <nd ref="2299991849"/>
    <nd ref="2299991858"/>
    <tag k="highway" v="living_street"/>
    <tag k="source" v="bing"/>
  </way>
  <way id="220927316">
    <nd ref="2299992564"/>
    <nd ref="2299992579"/>
    <nd ref="2299992606"/>
    <nd ref="2299992618"/>
    <nd ref="2299992626"/>
    <nd ref="5425388951"/>
    <nd ref="2299992636"/>
    <nd ref="2299992644"/>
    <nd ref="2299992649"/>
    <nd ref="2299992661"/>
    <nd ref="2299992668"/>
    <nd ref="2299992669"/>
    <nd ref="2299992662"/>
    <nd ref="2299992664"/>
    <nd ref="2299992673"/>
    <nd ref="2299992672"/>
    <nd ref="2299992665"/>
    <nd ref="2299992654"/>
    <nd ref="2299992645"/>
    <nd ref="2299992639"/>
    <nd ref="2299992637"/>
    <nd ref="2299992642"/>
    <nd ref="2299992650"/>
    <nd ref="2299992678"/>
    <nd ref="2299992684"/>
    <nd ref="2299992674"/>
    <nd ref="2299992667"/>
    <nd ref="2299992652"/>
    <nd ref="2299992643"/>
    <nd ref="2299992638"/>
    <nd ref="2299992641"/>
    <nd ref="2299992651"/>
    <nd ref="2299992659"/>
    <nd ref="2299992675"/>
    <nd ref="2299992690"/>
    <nd ref="2299992698"/>
    <nd ref="2299992700"/>
    <nd ref="2299992694"/>
    <nd ref="2299992695"/>
    <nd ref="2299992702"/>
    <nd ref="2299992706"/>
    <nd ref="2299992709"/>
    <nd ref="2299992716"/>
    <nd ref="2299992733"/>
    <nd ref="2299992737"/>
    <nd ref="2299992741"/>
    <nd ref="2299992739"/>
    <nd ref="2299992742"/>
    <nd ref="2299992743"/>
    <nd ref="2299992753"/>
    <nd ref="2299992761"/>
    <nd ref="2299992767"/>
    <nd ref="2299992765"/>
    <nd ref="2299992764"/>
    <nd ref="2299992766"/>
    <nd ref="2299992759"/>
    <nd ref="2299992755"/>
    <nd ref="2299992752"/>
    <nd ref="2299992745"/>
    <nd ref="2299992734"/>
    <nd ref="2299992731"/>
    <nd ref="2299992730"/>
    <nd ref="2299992735"/>
    <nd ref="2299992748"/>
    <nd ref="2299992756"/>
    <nd ref="2299992762"/>
    <nd ref="2299992758"/>
    <nd ref="2299992763"/>
    <nd ref="2299992769"/>
    <nd ref="2299992774"/>
    <nd ref="2299992795"/>
    <nd ref="2299992807"/>
    <nd ref="2299992810"/>
    <nd ref="2299992819"/>
    <nd ref="2299992821"/>
    <nd ref="2299992822"/>
    <nd ref="2299992825"/>
    <nd ref="2299992832"/>
    <nd ref="2299992833"/>
    <nd ref="2299992834"/>
    <nd ref="2299992836"/>
    <tag k="highway" v="track"/>
    <tag k="source" v="bing"/>
  </way>
  <way id="220927317">
    <nd ref="2299992018"/>
    <nd ref="2299991998"/>
    <nd ref="2299991988"/>
    <nd ref="2299991951"/>
    <nd ref="2299991942"/>
    <nd ref="2299991925"/>
    <nd ref="2299991879"/>
    <nd ref="2299991875"/>
    <nd ref="2299991872"/>
    <nd ref="2299991866"/>
    <nd ref="2299991864"/>
    <nd ref="2299991862"/>
    <nd ref="2299991877"/>
    <tag k="highway" v="residential"/>
    <tag k="source" v="bing"/>
  </way>
  <way id="220935535">
    <nd ref="2300035208"/>
    <nd ref="2300035209"/>
    <nd ref="2300035205"/>
    <nd ref="2300035207"/>
    <nd ref="2300035206"/>
    <nd ref="2300035213"/>
    <nd ref="2300035219"/>
    <nd ref="2300035220"/>
    <nd ref="2300035222"/>
    <nd ref="2300035223"/>
    <nd ref="2246129502"/>
    <tag k="highway" v="living_street"/>
    <tag k="source" v="bing"/>
  </way>
  <way id="220935536">
    <nd ref="2246130170"/>
    <nd ref="8118416121"/>
    <nd ref="2300035421"/>
    <nd ref="2300035425"/>
    <nd ref="2300035424"/>
    <nd ref="2300035420"/>
    <nd ref="2300035416"/>
    <nd ref="2300035409"/>
    <nd ref="2300035406"/>
    <nd ref="2300035411"/>
    <nd ref="2300035413"/>
    <nd ref="2300035415"/>
    <nd ref="2300035410"/>
    <nd ref="2300035404"/>
    <nd ref="2300035399"/>
    <nd ref="2300035390"/>
    <nd ref="2300035384"/>
    <nd ref="2300035381"/>
    <nd ref="2300035383"/>
    <nd ref="2300035382"/>
    <nd ref="2300035380"/>
    <nd ref="2300035378"/>
    <nd ref="2300035377"/>
    <nd ref="2300035369"/>
    <nd ref="2300035366"/>
    <nd ref="2300035362"/>
    <nd ref="2300035354"/>
    <nd ref="2300035348"/>
    <nd ref="2300035338"/>
    <nd ref="2300035334"/>
    <nd ref="2300035317"/>
    <nd ref="2300035309"/>
    <nd ref="2300035305"/>
    <nd ref="2300035304"/>
    <nd ref="2300035302"/>
    <nd ref="2300035301"/>
    <nd ref="2300035303"/>
    <nd ref="2300035306"/>
    <nd ref="2300035307"/>
    <nd ref="2300035310"/>
    <nd ref="2300035313"/>
    <nd ref="2300035321"/>
    <nd ref="2667087503"/>
    <nd ref="2300035332"/>
    <nd ref="2300035340"/>
    <nd ref="2300035343"/>
    <nd ref="2300035351"/>
    <nd ref="2300035357"/>
    <nd ref="2300035364"/>
    <nd ref="2300035370"/>
    <nd ref="2300035374"/>
    <nd ref="2300035392"/>
    <nd ref="2300035401"/>
    <nd ref="2300035407"/>
    <nd ref="2300035427"/>
    <nd ref="2300035428"/>
    <nd ref="2300035429"/>
    <nd ref="2300035432"/>
    <nd ref="2300035436"/>
    <nd ref="2300035438"/>
    <nd ref="2300035440"/>
    <nd ref="2300035437"/>
    <nd ref="2300035433"/>
    <nd ref="2300035431"/>
    <nd ref="2300035430"/>
    <nd ref="2300035434"/>
    <nd ref="2300035435"/>
    <nd ref="2300035439"/>
    <nd ref="2300035441"/>
    <nd ref="2300035442"/>
    <nd ref="2300035443"/>
    <nd ref="2300035444"/>
    <nd ref="2300035445"/>
    <nd ref="2300035446"/>
    <nd ref="2300035455"/>
    <nd ref="2300035460"/>
    <nd ref="2300035463"/>
    <nd ref="2300035464"/>
    <nd ref="2300035465"/>
    <nd ref="2300035462"/>
    <nd ref="2300035459"/>
    <nd ref="2300035456"/>
    <nd ref="2300035452"/>
    <nd ref="2300035450"/>
    <nd ref="2300035448"/>
    <nd ref="2300035447"/>
    <nd ref="2300035449"/>
    <nd ref="2300035451"/>
    <nd ref="2300035453"/>
    <nd ref="2300035454"/>
    <nd ref="2300035457"/>
    <nd ref="2300035458"/>
    <nd ref="2300035461"/>
    <nd ref="2300035466"/>
    <nd ref="2300035467"/>
    <nd ref="2300035468"/>
    <nd ref="2300035469"/>
    <nd ref="2300035470"/>
    <nd ref="2300035472"/>
    <nd ref="2300035478"/>
    <nd ref="2300035481"/>
    <nd ref="2300035484"/>
    <nd ref="2300035485"/>
    <nd ref="2300035486"/>
    <nd ref="2300035487"/>
    <nd ref="2300035489"/>
    <nd ref="2300035491"/>
    <nd ref="2300035492"/>
    <nd ref="2300035490"/>
    <nd ref="2300035488"/>
    <nd ref="2300035482"/>
    <nd ref="2300035479"/>
    <nd ref="2300035475"/>
    <tag k="highway" v="track"/>
    <tag k="source" v="bing"/>
  </way>
  <way id="220935537">
    <nd ref="2246129731"/>
    <nd ref="2246129804"/>
    <nd ref="2246129850"/>
    <nd ref="8118416118"/>
    <nd ref="2246129891"/>
    <nd ref="2246129937"/>
    <nd ref="8118416119"/>
    <nd ref="2246130014"/>
    <nd ref="2246130071"/>
    <nd ref="2246130156"/>
    <nd ref="2246130166"/>
    <nd ref="8118416120"/>
    <nd ref="2246130170"/>
    <nd ref="8118416122"/>
    <nd ref="2246130175"/>
    <nd ref="2246130161"/>
    <nd ref="2246130141"/>
    <nd ref="2246130008"/>
    <nd ref="2246129929"/>
    <nd ref="2246129888"/>
    <nd ref="2246129869"/>
    <nd ref="2246129802"/>
    <nd ref="2246129796"/>
    <nd ref="2246129793"/>
    <nd ref="2246129799"/>
    <nd ref="2246129856"/>
    <nd ref="2246129881"/>
    <nd ref="2246129994"/>
    <nd ref="2300035391"/>
    <nd ref="2300035400"/>
    <nd ref="2300035408"/>
    <nd ref="2300035417"/>
    <nd ref="2300035423"/>
    <nd ref="2300035426"/>
    <nd ref="2300035422"/>
    <nd ref="2300035419"/>
    <nd ref="2300035412"/>
    <nd ref="2300035405"/>
    <nd ref="2300035403"/>
    <nd ref="2300035396"/>
    <nd ref="2300035388"/>
    <nd ref="2300035375"/>
    <nd ref="2300035373"/>
    <nd ref="2300035363"/>
    <nd ref="2300035350"/>
    <nd ref="2300035344"/>
    <nd ref="2300035335"/>
    <nd ref="2300035330"/>
    <nd ref="2300035329"/>
    <nd ref="2300035336"/>
    <nd ref="2300035333"/>
    <nd ref="2300035328"/>
    <nd ref="2300035311"/>
    <nd ref="2300035299"/>
    <nd ref="2300035296"/>
    <nd ref="2300035295"/>
    <nd ref="2300035297"/>
    <nd ref="2300035319"/>
    <nd ref="2300035325"/>
    <nd ref="2300035339"/>
    <nd ref="2300035341"/>
    <nd ref="2300035347"/>
    <nd ref="2300035352"/>
    <nd ref="2300035353"/>
    <nd ref="2300035356"/>
    <nd ref="2300035361"/>
    <nd ref="2300035368"/>
    <nd ref="2300035372"/>
    <nd ref="2300035379"/>
    <nd ref="2300035385"/>
    <nd ref="2300035394"/>
    <nd ref="2300035397"/>
    <nd ref="2300035398"/>
    <nd ref="2300035393"/>
    <nd ref="2300035389"/>
    <nd ref="2300035386"/>
    <nd ref="2300035387"/>
    <nd ref="2299992546"/>
    <nd ref="2299992566"/>
    <nd ref="2299992580"/>
    <nd ref="2299992585"/>
    <nd ref="2299992577"/>
    <nd ref="2299992573"/>
    <nd ref="2299992563"/>
    <nd ref="2299992556"/>
    <nd ref="2299992549"/>
    <nd ref="2299992545"/>
    <nd ref="2299992543"/>
    <nd ref="2299992538"/>
    <nd ref="2299992531"/>
    <nd ref="2299992525"/>
    <nd ref="2299992514"/>
    <nd ref="2299992511"/>
    <nd ref="2299992508"/>
    <nd ref="2299992506"/>
    <nd ref="2299992502"/>
    <nd ref="2299992501"/>
    <nd ref="2299992500"/>
    <nd ref="2299992499"/>
    <nd ref="2299992467"/>
    <nd ref="2299992458"/>
    <nd ref="2299992469"/>
    <nd ref="2299992473"/>
    <nd ref="2299992456"/>
    <nd ref="2299992444"/>
    <nd ref="2299992422"/>
    <nd ref="2299992413"/>
    <nd ref="2299992411"/>
    <nd ref="2299992407"/>
    <nd ref="2299992387"/>
    <nd ref="2299992383"/>
    <nd ref="2299992378"/>
    <nd ref="2299992375"/>
    <nd ref="2299992363"/>
    <nd ref="2299992349"/>
    <nd ref="2299992303"/>
    <nd ref="2299992279"/>
    <nd ref="2299992246"/>
    <nd ref="2299992232"/>
    <nd ref="2299992221"/>
    <nd ref="2299992189"/>
    <nd ref="2299992052"/>
    <tag k="highway" v="tertiary"/>
    <tag k="source" v="bing"/>
  </way>
  <way id="220935539">
    <nd ref="2300035176"/>
    <nd ref="2300035170"/>
    <nd ref="2300035167"/>
    <nd ref="2300035163"/>
    <nd ref="2300035161"/>
    <nd ref="2300035157"/>
    <nd ref="2300035153"/>
    <nd ref="2300035159"/>
    <nd ref="2300035169"/>
    <nd ref="2300035182"/>
    <nd ref="2300035203"/>
    <nd ref="2300035210"/>
    <nd ref="2300035221"/>
    <nd ref="2246129502"/>
    <tag k="highway" v="track"/>
    <tag k="source" v="bing"/>
  </way>
  <way id="220935541">
    <nd ref="2300035250"/>
    <nd ref="2300035256"/>
    <tag k="highway" v="living_street"/>
    <tag k="source" v="bing"/>
  </way>
  <way id="220935542">
    <nd ref="2300035230"/>
    <nd ref="2300035243"/>
    <tag k="highway" v="living_street"/>
    <tag k="source" v="bing"/>
  </way>
  <way id="220935551">
    <nd ref="2300035063"/>
    <nd ref="2300035086"/>
    <nd ref="2300035090"/>
    <nd ref="2300035093"/>
    <tag k="highway" v="track"/>
    <tag k="source" v="bing"/>
  </way>
  <way id="220935554">
    <nd ref="2300035355"/>
    <nd ref="2300035349"/>
    <nd ref="2300035346"/>
    <nd ref="2300035342"/>
    <tag k="highway" v="living_street"/>
    <tag k="source" v="bing"/>
  </way>
  <way id="220935556">
    <nd ref="2300035082"/>
    <nd ref="2300035073"/>
    <nd ref="2300035059"/>
    <nd ref="2300035057"/>
    <nd ref="2300035051"/>
    <tag k="highway" v="living_street"/>
    <tag k="source" v="bing"/>
  </way>
  <way id="220935560">
    <nd ref="2300035218"/>
    <nd ref="8118440000"/>
    <nd ref="8118404981"/>
    <nd ref="2300035214"/>
    <nd ref="2300035212"/>
    <nd ref="2300035216"/>
    <nd ref="2300035215"/>
    <tag k="highway" v="residential"/>
    <tag k="source" v="bing"/>
  </way>
  <way id="220935567">
    <nd ref="2300035269"/>
    <nd ref="2300035250"/>
    <nd ref="2300035243"/>
    <nd ref="8118404982"/>
    <nd ref="2300035238"/>
    <nd ref="2300035235"/>
    <nd ref="2300035232"/>
    <tag k="highway" v="living_street"/>
    <tag k="source" v="bing"/>
  </way>
  <way id="220935569">
    <nd ref="2300035171"/>
    <nd ref="2300035186"/>
    <nd ref="8118404994"/>
    <nd ref="2300035214"/>
    <nd ref="2300035226"/>
    <nd ref="2300035231"/>
    <nd ref="8118404983"/>
    <nd ref="2300035232"/>
    <nd ref="2300035237"/>
    <tag k="highway" v="living_street"/>
    <tag k="source" v="bing"/>
  </way>
  <way id="220935570">
    <nd ref="2300035287"/>
    <nd ref="2300035288"/>
    <nd ref="2300035289"/>
    <nd ref="2300035290"/>
    <nd ref="2300035291"/>
    <nd ref="2300035294"/>
    <nd ref="2300035293"/>
    <tag k="highway" v="residential"/>
    <tag k="source" v="bing"/>
  </way>
  <way id="220935571">
    <nd ref="2300035266"/>
    <nd ref="2300035268"/>
    <nd ref="2300035270"/>
    <nd ref="2300035267"/>
    <nd ref="2300035263"/>
    <nd ref="2300035258"/>
    <nd ref="2300035256"/>
    <tag k="highway" v="residential"/>
    <tag k="source" v="bing"/>
  </way>
  <way id="220935572">
    <nd ref="2300035215"/>
    <nd ref="2300035230"/>
    <nd ref="8118404992"/>
    <nd ref="2300035260"/>
    <nd ref="8118404986"/>
    <nd ref="2300035265"/>
    <nd ref="2300035269"/>
    <nd ref="2300035274"/>
    <nd ref="2246129629"/>
    <tag k="highway" v="residential"/>
    <tag k="source" v="bing"/>
  </way>
  <way id="220935573">
    <nd ref="2246129576"/>
    <nd ref="2300035254"/>
    <nd ref="2300035259"/>
    <nd ref="2300035257"/>
    <nd ref="2300035255"/>
    <nd ref="8118404976"/>
    <nd ref="2300035252"/>
    <nd ref="2300035247"/>
    <tag k="highway" v="residential"/>
    <tag k="source" v="bing"/>
  </way>
  <way id="220935576">
    <nd ref="2300035093"/>
    <nd ref="2300035095"/>
    <nd ref="2300035101"/>
    <nd ref="2300035109"/>
    <nd ref="2300035119"/>
    <nd ref="2300035121"/>
    <tag k="highway" v="living_street"/>
    <tag k="source" v="bing"/>
  </way>
  <way id="220935583">
    <nd ref="2300035067"/>
    <nd ref="2300035069"/>
    <nd ref="8118405000"/>
    <nd ref="2300035071"/>
    <nd ref="2300035075"/>
    <nd ref="2300035076"/>
    <nd ref="2300035078"/>
    <nd ref="2300035084"/>
    <nd ref="2300035097"/>
    <tag k="highway" v="residential"/>
    <tag k="source" v="bing"/>
  </way>
  <way id="220935585">
    <nd ref="2246129629"/>
    <nd ref="8118404985"/>
    <nd ref="2300035286"/>
    <nd ref="2300035285"/>
    <nd ref="2300035284"/>
    <nd ref="2300035283"/>
    <nd ref="2300035280"/>
    <nd ref="2300035279"/>
    <nd ref="2300035277"/>
    <tag k="highway" v="residential"/>
    <tag k="source" v="bing"/>
  </way>
  <way id="220935586">
    <nd ref="2300035215"/>
    <nd ref="2300035208"/>
    <nd ref="2300035188"/>
    <nd ref="2300035175"/>
    <nd ref="2300035168"/>
    <nd ref="2300035149"/>
    <nd ref="2300035144"/>
    <nd ref="2300035133"/>
    <tag k="highway" v="residential"/>
    <tag k="source" v="bing"/>
  </way>
  <way id="366615799">
    <nd ref="3706085848"/>
    <nd ref="3706085856"/>
    <nd ref="3706085860"/>
    <nd ref="3706085865"/>
    <nd ref="3706085867"/>
    <nd ref="3706085864"/>
    <nd ref="3706085861"/>
    <nd ref="3706085854"/>
    <nd ref="3706085842"/>
    <nd ref="3706086064"/>
    <tag k="highway" v="living_street"/>
    <tag k="source" v="bing"/>
  </way>
  <way id="366615803">
    <nd ref="3706085153"/>
    <nd ref="3706085144"/>
    <nd ref="3706085142"/>
    <nd ref="3706085138"/>
    <nd ref="13428971068"/>
    <nd ref="3706085133"/>
    <nd ref="3706085125"/>
    <nd ref="3706084916"/>
    <nd ref="3706084907"/>
    <nd ref="3706084896"/>
    <nd ref="3706084886"/>
    <tag k="highway" v="residential"/>
    <tag k="source" v="bing"/>
  </way>
  <way id="366615805">
    <nd ref="1307071287"/>
    <nd ref="3706085321"/>
    <nd ref="3706085315"/>
    <nd ref="8780738579"/>
    <nd ref="3706085308"/>
    <nd ref="3706085301"/>
    <nd ref="3706085289"/>
    <nd ref="3706085283"/>
    <nd ref="3706085278"/>
    <nd ref="3706085274"/>
    <nd ref="3706085272"/>
    <tag k="highway" v="residential"/>
    <tag k="source" v="bing"/>
  </way>
  <way id="366615809">
    <nd ref="1889560733"/>
    <nd ref="3706085030"/>
    <nd ref="3706085028"/>
    <nd ref="3706085033"/>
    <nd ref="3706085038"/>
    <nd ref="3706085046"/>
    <nd ref="3706085048"/>
    <nd ref="4441854941"/>
    <nd ref="3706084870"/>
    <nd ref="3706084872"/>
    <nd ref="3706084874"/>
    <tag k="highway" v="residential"/>
    <tag k="source" v="bing"/>
  </way>
  <way id="366615810">
    <nd ref="3706085794"/>
    <nd ref="3706085782"/>
    <nd ref="3706085771"/>
    <nd ref="3706085757"/>
    <nd ref="3706085751"/>
    <nd ref="3706085731"/>
    <nd ref="3706085523"/>
    <nd ref="3706085507"/>
    <nd ref="3706085488"/>
    <nd ref="3706085434"/>
    <tag k="highway" v="unclassified"/>
    <tag k="source" v="bing"/>
  </way>
  <way id="366615819">
    <nd ref="3706086840"/>
    <nd ref="3706086833"/>
    <nd ref="3706086717"/>
    <nd ref="3706086707"/>
    <nd ref="3706086688"/>
    <nd ref="3706086639"/>
    <nd ref="3706086517"/>
    <nd ref="3706086492"/>
    <nd ref="3706086463"/>
    <nd ref="3706086425"/>
    <nd ref="3706086305"/>
    <tag k="highway" v="track"/>
    <tag k="source" v="bing"/>
  </way>
  <way id="366615821">
    <nd ref="3706086064"/>
    <nd ref="3706086059"/>
    <nd ref="3706086055"/>
    <nd ref="3706086051"/>
    <nd ref="3706086047"/>
    <nd ref="3706086040"/>
    <nd ref="3706086034"/>
    <nd ref="3706086028"/>
    <nd ref="3706085723"/>
    <nd ref="3706085722"/>
    <nd ref="3706085717"/>
    <tag k="highway" v="living_street"/>
    <tag k="source" v="bing"/>
  </way>
  <way id="366615822">
    <nd ref="3706074421"/>
    <nd ref="3706085026"/>
    <nd ref="3706085025"/>
    <nd ref="4441822954"/>
    <nd ref="3706074413"/>
    <nd ref="4441763694"/>
    <nd ref="4441827997"/>
    <nd ref="3706074408"/>
    <nd ref="3706074404"/>
    <nd ref="4441822963"/>
    <nd ref="3706074405"/>
    <nd ref="4441822966"/>
    <nd ref="3706074410"/>
    <nd ref="3706074415"/>
    <nd ref="4441763723"/>
    <nd ref="3706074417"/>
    <nd ref="3706074422"/>
    <tag k="highway" v="residential"/>
    <tag k="source" v="bing"/>
  </way>
  <way id="366615823">
    <nd ref="3706085029"/>
    <nd ref="4441871951"/>
    <nd ref="3706084873"/>
    <nd ref="3706084885"/>
    <nd ref="3706084886"/>
    <nd ref="3706084888"/>
    <nd ref="3706084881"/>
    <nd ref="3706084879"/>
    <nd ref="3706084883"/>
    <nd ref="4441865864"/>
    <nd ref="4441865863"/>
    <nd ref="3706084922"/>
    <nd ref="3706085132"/>
    <nd ref="3706085136"/>
    <tag k="highway" v="residential"/>
    <tag k="source" v="bing"/>
  </way>
  <way id="366615824">
    <nd ref="3706087260"/>
    <nd ref="3706087268"/>
    <nd ref="3706087275"/>
    <nd ref="3706087284"/>
    <nd ref="3706087068"/>
    <nd ref="3706087067"/>
    <nd ref="3706087071"/>
    <nd ref="3706087072"/>
    <nd ref="3706087069"/>
    <nd ref="3706087285"/>
    <nd ref="3706087282"/>
    <tag k="highway" v="track"/>
    <tag k="source" v="bing"/>
  </way>
  <way id="366615828">
    <nd ref="3706074424"/>
    <nd ref="4441871958"/>
    <nd ref="3706074418"/>
    <nd ref="3706074419"/>
    <nd ref="4441836682"/>
    <nd ref="3706085029"/>
    <nd ref="3706085032"/>
    <nd ref="4441852328"/>
    <nd ref="4441849867"/>
    <nd ref="3706085040"/>
    <nd ref="8780767360"/>
    <nd ref="3706085043"/>
    <nd ref="3706084866"/>
    <nd ref="3706084882"/>
    <nd ref="3706084891"/>
    <nd ref="8780767361"/>
    <nd ref="3706084901"/>
    <tag k="highway" v="residential"/>
    <tag k="source" v="bing"/>
  </way>
  <way id="366615830">
    <nd ref="3706087972"/>
    <nd ref="3706087956"/>
    <nd ref="3706087950"/>
    <nd ref="3706087952"/>
    <nd ref="3706087957"/>
    <nd ref="3706087970"/>
    <nd ref="3706087981"/>
    <nd ref="3706087994"/>
    <nd ref="3706088031"/>
    <nd ref="3706088044"/>
    <nd ref="3706088056"/>
    <nd ref="3706088066"/>
    <tag k="highway" v="residential"/>
    <tag k="source" v="bing"/>
    <tag k="surface" v="unpaved"/>
  </way>
  <way id="366615831">
    <nd ref="3706074395"/>
    <nd ref="4462505189"/>
    <nd ref="3706074397"/>
    <nd ref="3706074398"/>
    <nd ref="3706074401"/>
    <nd ref="4441828034"/>
    <nd ref="4441823372"/>
    <nd ref="3706074412"/>
    <nd ref="3706074422"/>
    <nd ref="3706085034"/>
    <nd ref="3706084874"/>
    <nd ref="3706084901"/>
    <nd ref="4441854931"/>
    <nd ref="3706084918"/>
    <nd ref="3706085131"/>
    <nd ref="3706085157"/>
    <tag k="highway" v="residential"/>
    <tag k="source" v="bing"/>
  </way>
  <way id="366615835">
    <nd ref="3706087132"/>
    <nd ref="3706087150"/>
    <nd ref="3706087154"/>
    <nd ref="3706087166"/>
    <nd ref="3706087180"/>
    <nd ref="3706087187"/>
    <nd ref="3706087193"/>
    <nd ref="3706087194"/>
    <nd ref="3706087199"/>
    <nd ref="3706086892"/>
    <nd ref="3706086906"/>
    <nd ref="3706086916"/>
    <tag k="highway" v="track"/>
    <tag k="source" v="bing"/>
  </way>
  <way id="366615836">
    <nd ref="1889560780"/>
    <nd ref="4441861695"/>
    <nd ref="3706085145"/>
    <nd ref="8780767422"/>
    <nd ref="3706085147"/>
    <nd ref="3706085149"/>
    <nd ref="3706085156"/>
    <nd ref="3706085155"/>
    <nd ref="3706085151"/>
    <nd ref="3706085153"/>
    <nd ref="3706085158"/>
    <nd ref="4441854907"/>
    <nd ref="3706085159"/>
    <nd ref="3706085160"/>
    <nd ref="4441854895"/>
    <nd ref="1889560841"/>
    <tag k="highway" v="residential"/>
    <tag k="source" v="bing"/>
  </way>
  <way id="366615853">
    <nd ref="3706074394"/>
    <nd ref="3706074392"/>
    <nd ref="3706074391"/>
    <nd ref="3706074390"/>
    <nd ref="3706074388"/>
    <nd ref="8780767394"/>
    <nd ref="3706074386"/>
    <nd ref="3706074384"/>
    <nd ref="3706074379"/>
    <nd ref="3706074377"/>
    <nd ref="3706074373"/>
    <nd ref="3706074370"/>
    <nd ref="3706074369"/>
    <nd ref="3706074366"/>
    <nd ref="3706074362"/>
    <tag k="highway" v="residential"/>
    <tag k="source" v="bing"/>
  </way>
  <way id="366615864">
    <nd ref="3706087935"/>
    <nd ref="3706087953"/>
    <nd ref="3706087971"/>
    <nd ref="3706087978"/>
    <nd ref="3706087979"/>
    <nd ref="3706087977"/>
    <nd ref="3706087976"/>
    <nd ref="3706087964"/>
    <nd ref="3706087959"/>
    <nd ref="3706087966"/>
    <nd ref="3706087969"/>
    <nd ref="3706087967"/>
    <nd ref="3706087961"/>
    <nd ref="3706087962"/>
    <nd ref="3706087970"/>
    <tag k="highway" v="living_street"/>
    <tag k="source" v="bing"/>
  </way>
  <way id="366615866">
    <nd ref="3706085997"/>
    <nd ref="3706086011"/>
    <nd ref="3706086020"/>
    <nd ref="3706086226"/>
    <nd ref="3706086225"/>
    <nd ref="3706086023"/>
    <nd ref="3706086021"/>
    <nd ref="3706086015"/>
    <nd ref="3706086016"/>
    <nd ref="3706086018"/>
    <nd ref="3706086228"/>
    <nd ref="3706086247"/>
    <nd ref="3706086256"/>
    <nd ref="3706086265"/>
    <nd ref="3706086270"/>
    <nd ref="3706086279"/>
    <tag k="highway" v="residential"/>
    <tag k="source" v="bing"/>
  </way>
  <way id="366615867">
    <nd ref="3706431487"/>
    <nd ref="3706431477"/>
    <nd ref="3706431452"/>
    <nd ref="3706431443"/>
    <nd ref="3706429924"/>
    <nd ref="3706429908"/>
    <nd ref="3706429890"/>
    <nd ref="3706430624"/>
    <nd ref="3706430621"/>
    <nd ref="3706430614"/>
    <nd ref="3706430610"/>
    <nd ref="3706430606"/>
    <nd ref="3706430600"/>
    <nd ref="3706430595"/>
    <nd ref="3706430589"/>
    <nd ref="3706430583"/>
    <nd ref="3706430579"/>
    <nd ref="3706430573"/>
    <nd ref="3706430560"/>
    <nd ref="3706430553"/>
    <nd ref="3706430538"/>
    <nd ref="3706431070"/>
    <nd ref="3706431060"/>
    <nd ref="3706431050"/>
    <nd ref="3706431038"/>
    <nd ref="3706086902"/>
    <nd ref="3706087185"/>
    <nd ref="3706087178"/>
    <nd ref="3706087167"/>
    <nd ref="3706087163"/>
    <nd ref="3706087147"/>
    <nd ref="3706087141"/>
    <nd ref="3706087131"/>
    <nd ref="3706083016"/>
    <nd ref="3706083005"/>
    <nd ref="3706087053"/>
    <nd ref="3706087048"/>
    <nd ref="3706087040"/>
    <nd ref="3706087029"/>
    <nd ref="3706086113"/>
    <nd ref="3706086108"/>
    <tag k="highway" v="tertiary"/>
    <tag k="source" v="bing"/>
    <tag k="surface" v="unpaved"/>
  </way>
  <way id="366615869">
    <nd ref="3706088646"/>
    <nd ref="3706088630"/>
    <nd ref="3706087910"/>
    <nd ref="3706088565"/>
    <nd ref="3706088554"/>
    <nd ref="3706088549"/>
    <nd ref="3706088535"/>
    <nd ref="3706088530"/>
    <nd ref="3706088198"/>
    <nd ref="3706088195"/>
    <nd ref="3706088191"/>
    <nd ref="3706088188"/>
    <nd ref="3706088175"/>
    <nd ref="3706088463"/>
    <nd ref="3706088429"/>
    <nd ref="3706088408"/>
    <nd ref="3706431647"/>
    <nd ref="3706431640"/>
    <nd ref="3706431789"/>
    <nd ref="3706431782"/>
    <nd ref="3706431780"/>
    <nd ref="3706431776"/>
    <nd ref="3706431769"/>
    <nd ref="3706431767"/>
    <nd ref="3706431762"/>
    <nd ref="3706431758"/>
    <nd ref="3706431754"/>
    <nd ref="3706431749"/>
    <nd ref="3706431745"/>
    <nd ref="3706431741"/>
    <nd ref="3706431740"/>
    <nd ref="3706431739"/>
    <nd ref="3706431738"/>
    <nd ref="3706431737"/>
    <nd ref="3706431734"/>
    <nd ref="3706431733"/>
    <nd ref="3706431732"/>
    <nd ref="3706431520"/>
    <nd ref="3706431518"/>
    <nd ref="3706431519"/>
    <nd ref="3706431524"/>
    <nd ref="3706431727"/>
    <nd ref="3706431729"/>
    <nd ref="3706431728"/>
    <nd ref="3706431725"/>
    <nd ref="3706431512"/>
    <nd ref="3706431506"/>
    <nd ref="3706431501"/>
    <nd ref="3706431491"/>
    <nd ref="3706431480"/>
    <nd ref="3706431474"/>
    <nd ref="3706431470"/>
    <nd ref="3706431462"/>
    <nd ref="3706431456"/>
    <nd ref="3706431457"/>
    <nd ref="3706431461"/>
    <nd ref="3706431466"/>
    <nd ref="3706431468"/>
    <nd ref="3706431467"/>
    <nd ref="3706431465"/>
    <nd ref="3706431454"/>
    <nd ref="3706431455"/>
    <nd ref="3706431471"/>
    <nd ref="3706431481"/>
    <nd ref="3706431487"/>
    <nd ref="3706431494"/>
    <nd ref="3706431495"/>
    <nd ref="3706431492"/>
    <nd ref="3706431488"/>
    <nd ref="3706431489"/>
    <nd ref="3706431496"/>
    <nd ref="3706431503"/>
    <nd ref="3706431515"/>
    <nd ref="3706431521"/>
    <nd ref="3706431523"/>
    <nd ref="3706431731"/>
    <nd ref="3706431746"/>
    <nd ref="3706431748"/>
    <nd ref="3706431750"/>
    <nd ref="3706431751"/>
    <nd ref="3706431753"/>
    <nd ref="3706431756"/>
    <nd ref="3706431760"/>
    <nd ref="3706431763"/>
    <nd ref="3706431765"/>
    <nd ref="3706431772"/>
    <nd ref="3706431778"/>
    <nd ref="3706431781"/>
    <nd ref="3706431786"/>
    <nd ref="3706431638"/>
    <nd ref="3706431643"/>
    <nd ref="3706431658"/>
    <nd ref="3706431663"/>
    <nd ref="3706431669"/>
    <nd ref="3706431672"/>
    <nd ref="3706431674"/>
    <nd ref="3706431675"/>
    <nd ref="3706431683"/>
    <tag k="highway" v="tertiary"/>
    <tag k="source" v="bing"/>
  </way>
  <way id="366615872">
    <nd ref="3706086678"/>
    <nd ref="3706086641"/>
    <nd ref="3706086520"/>
    <nd ref="3706086493"/>
    <nd ref="3706086477"/>
    <nd ref="3706086458"/>
    <nd ref="3706086433"/>
    <nd ref="3706086309"/>
    <nd ref="3706086303"/>
    <nd ref="3706086294"/>
    <nd ref="3706086221"/>
    <nd ref="3706086204"/>
    <nd ref="3706086186"/>
    <nd ref="3706086162"/>
    <nd ref="3706086138"/>
    <nd ref="3706086258"/>
    <tag k="highway" v="track"/>
    <tag k="source" v="bing"/>
  </way>
  <way id="366615885">
    <nd ref="3706086258"/>
    <nd ref="3706086285"/>
    <nd ref="3706086134"/>
    <nd ref="3706086135"/>
    <nd ref="3706086130"/>
    <nd ref="3706086273"/>
    <nd ref="3706086272"/>
    <nd ref="3706086126"/>
    <nd ref="3706086148"/>
    <nd ref="3706086157"/>
    <nd ref="3706086163"/>
    <nd ref="3706086172"/>
    <nd ref="3706086177"/>
    <nd ref="3706086165"/>
    <nd ref="3706086150"/>
    <nd ref="3706086145"/>
    <nd ref="3706086147"/>
    <nd ref="3706086142"/>
    <tag k="highway" v="track"/>
    <tag k="source" v="bing"/>
  </way>
  <way id="366615888">
    <nd ref="1307069589"/>
    <nd ref="1307069008"/>
    <nd ref="3706085549"/>
    <nd ref="3706085534"/>
    <nd ref="1307071713"/>
    <nd ref="1307068605"/>
    <nd ref="1307071287"/>
    <nd ref="1307069913"/>
    <nd ref="1307068845"/>
    <nd ref="1307069108"/>
    <nd ref="3706085294"/>
    <nd ref="1307071932"/>
    <nd ref="1307070915"/>
    <nd ref="3706085272"/>
    <nd ref="1307069533"/>
    <nd ref="1307071051"/>
    <nd ref="1307070949"/>
    <tag k="highway" v="tertiary"/>
    <tag k="source" v="mapbox"/>
  </way>
  <way id="366615890">
    <nd ref="972231227"/>
    <nd ref="3706085154"/>
    <nd ref="3706085146"/>
    <nd ref="3706085141"/>
    <nd ref="3706085139"/>
    <nd ref="3706085135"/>
    <nd ref="3706084923"/>
    <nd ref="4441819724"/>
    <nd ref="3706084914"/>
    <nd ref="3706084905"/>
    <nd ref="3706084899"/>
    <nd ref="3706084893"/>
    <nd ref="3706084887"/>
    <nd ref="4441812615"/>
    <nd ref="3706084880"/>
    <tag k="highway" v="residential"/>
    <tag k="source" v="bing"/>
  </way>
  <way id="366615892">
    <nd ref="3706084730"/>
    <nd ref="3706084728"/>
    <tag k="highway" v="residential"/>
    <tag k="oneway" v="yes"/>
    <tag k="source" v="bing"/>
  </way>
  <way id="366615895">
    <nd ref="1307071522"/>
    <nd ref="3706085766"/>
    <tag k="highway" v="residential"/>
    <tag k="source" v="bing"/>
  </way>
  <way id="366615897">
    <nd ref="3706074361"/>
    <nd ref="3706074357"/>
    <tag k="highway" v="residential"/>
    <tag k="source" v="bing"/>
  </way>
  <way id="366615900">
    <nd ref="3706084728"/>
    <nd ref="3706084732"/>
    <tag k="highway" v="residential"/>
    <tag k="oneway" v="yes"/>
    <tag k="source" v="bing"/>
  </way>
  <way id="366615909">
    <nd ref="3706086829"/>
    <nd ref="3706086856"/>
    <nd ref="3706086864"/>
    <nd ref="3706086876"/>
    <nd ref="3706086881"/>
    <nd ref="3706086882"/>
    <nd ref="3706086878"/>
    <nd ref="3706086868"/>
    <nd ref="3706086854"/>
    <nd ref="3706086837"/>
    <nd ref="3706086716"/>
    <nd ref="3706086701"/>
    <nd ref="3706086685"/>
    <nd ref="3706086674"/>
    <nd ref="3706086667"/>
    <nd ref="3706086662"/>
    <nd ref="3706086650"/>
    <nd ref="3706086503"/>
    <nd ref="3706086486"/>
    <nd ref="3706086455"/>
    <tag k="highway" v="tertiary"/>
    <tag k="source" v="mapbox"/>
  </way>
  <way id="366615910">
    <nd ref="3706085717"/>
    <nd ref="3706086027"/>
    <nd ref="3706086037"/>
    <nd ref="3706086049"/>
    <nd ref="3706086062"/>
    <nd ref="3706085833"/>
    <nd ref="3706085841"/>
    <nd ref="3706085848"/>
    <nd ref="3706085868"/>
    <nd ref="3706085876"/>
    <nd ref="3706085886"/>
    <nd ref="3706085891"/>
    <nd ref="3706085899"/>
    <nd ref="3706085905"/>
    <nd ref="3706085904"/>
    <nd ref="3706085892"/>
    <nd ref="3706085884"/>
    <nd ref="3706085880"/>
    <nd ref="3706085877"/>
    <nd ref="3706085879"/>
    <tag k="highway" v="residential"/>
    <tag k="source" v="bing"/>
  </way>
  <way id="366615912">
    <nd ref="3706088041"/>
    <nd ref="3706088078"/>
    <nd ref="3706088099"/>
    <nd ref="3706088116"/>
    <nd ref="3706088130"/>
    <nd ref="3706088155"/>
    <nd ref="3706087318"/>
    <nd ref="3706088233"/>
    <nd ref="3706088280"/>
    <nd ref="3706088307"/>
    <nd ref="3706088397"/>
    <nd ref="3706088426"/>
    <nd ref="3706088196"/>
    <nd ref="3706087915"/>
    <nd ref="3706088650"/>
    <nd ref="3706088503"/>
    <nd ref="3706088520"/>
    <nd ref="3706088766"/>
    <nd ref="3706088797"/>
    <nd ref="3706088818"/>
    <nd ref="11068924056"/>
    <nd ref="11068907234"/>
    <nd ref="3706088833"/>
    <tag k="highway" v="tertiary"/>
    <tag k="source" v="bing"/>
    <tag k="surface" v="unpaved"/>
  </way>
  <way id="366615913">
    <nd ref="3706085528"/>
    <nd ref="3706085531"/>
    <nd ref="3706085552"/>
    <nd ref="3706085561"/>
    <nd ref="3706085569"/>
    <nd ref="3706085576"/>
    <nd ref="3706085174"/>
    <nd ref="3706085191"/>
    <nd ref="3706085194"/>
    <nd ref="3706085196"/>
    <nd ref="3706085192"/>
    <nd ref="3706085190"/>
    <nd ref="3706085177"/>
    <nd ref="3706085167"/>
    <nd ref="3706085577"/>
    <nd ref="3706085575"/>
    <nd ref="3706085565"/>
    <nd ref="3706085563"/>
    <nd ref="3706085557"/>
    <nd ref="3706085553"/>
    <nd ref="3706085549"/>
    <tag k="highway" v="residential"/>
    <tag k="source" v="bing"/>
  </way>
  <way id="366615915">
    <nd ref="3706084898"/>
    <nd ref="3706084902"/>
    <nd ref="4441801227"/>
    <nd ref="3706084910"/>
    <nd ref="3706084915"/>
    <nd ref="3706084919"/>
    <nd ref="4441801231"/>
    <nd ref="4441795787"/>
    <nd ref="3706085129"/>
    <nd ref="3706085130"/>
    <nd ref="3706085128"/>
    <nd ref="3706085127"/>
    <nd ref="3706085134"/>
    <nd ref="3706085140"/>
    <nd ref="3706085143"/>
    <nd ref="3706085148"/>
    <nd ref="3706085152"/>
    <nd ref="3706085150"/>
    <nd ref="3706085146"/>
    <tag k="highway" v="residential"/>
    <tag k="source" v="bing"/>
  </way>
  <way id="366615916">
    <nd ref="3706087157"/>
    <nd ref="3706087153"/>
    <nd ref="3706087146"/>
    <nd ref="3706087133"/>
    <nd ref="3706083023"/>
    <nd ref="3706083017"/>
    <nd ref="3706083011"/>
    <nd ref="3706087063"/>
    <nd ref="3706087054"/>
    <nd ref="3706087047"/>
    <nd ref="3706087042"/>
    <nd ref="3706087038"/>
    <nd ref="3706087034"/>
    <nd ref="3706087033"/>
    <nd ref="3706087027"/>
    <nd ref="3706086117"/>
    <nd ref="3706086102"/>
    <nd ref="3706086091"/>
    <nd ref="3706086087"/>
    <nd ref="3706086088"/>
    <nd ref="3706086094"/>
    <tag k="highway" v="track"/>
    <tag k="source" v="bing"/>
  </way>
  <way id="366615922">
    <nd ref="1307071191"/>
    <nd ref="3706085669"/>
    <nd ref="3706085978"/>
    <nd ref="3706085970"/>
    <nd ref="3706085960"/>
    <nd ref="3706085954"/>
    <nd ref="3706085944"/>
    <nd ref="3706085938"/>
    <nd ref="3706085927"/>
    <nd ref="3706085619"/>
    <nd ref="3706085608"/>
    <nd ref="3706085599"/>
    <nd ref="3706085592"/>
    <nd ref="3706085583"/>
    <nd ref="3706085820"/>
    <nd ref="3706085814"/>
    <nd ref="3706085807"/>
    <nd ref="3706085798"/>
    <nd ref="3706085785"/>
    <nd ref="3706085778"/>
    <nd ref="3706085772"/>
    <nd ref="3706085766"/>
    <nd ref="3706085763"/>
    <nd ref="1307069540"/>
    <tag k="highway" v="residential"/>
    <tag k="source" v="bing"/>
  </way>
  <way id="366615923">
    <nd ref="3706085888"/>
    <nd ref="3706085874"/>
    <nd ref="3706085871"/>
    <nd ref="3706085863"/>
    <nd ref="3706085858"/>
    <nd ref="3706085850"/>
    <nd ref="3706085827"/>
    <nd ref="3706086060"/>
    <nd ref="3706086054"/>
    <nd ref="3706086050"/>
    <nd ref="3706086043"/>
    <nd ref="3706086033"/>
    <nd ref="3706085724"/>
    <nd ref="3706085707"/>
    <nd ref="3706085703"/>
    <nd ref="3706085704"/>
    <nd ref="3706085710"/>
    <nd ref="3706085705"/>
    <nd ref="3706085694"/>
    <nd ref="3706085690"/>
    <nd ref="3706085677"/>
    <nd ref="3706085675"/>
    <nd ref="3706085673"/>
    <nd ref="3706085672"/>
    <nd ref="3706085671"/>
    <tag k="highway" v="track"/>
    <tag k="source" v="bing"/>
  </way>
  <way id="366615924">
    <nd ref="3706086497"/>
    <nd ref="3706086491"/>
    <nd ref="3706086450"/>
    <nd ref="3706086440"/>
    <nd ref="3706086437"/>
    <nd ref="3706086428"/>
    <nd ref="3706086430"/>
    <nd ref="3706086434"/>
    <nd ref="3706086459"/>
    <nd ref="3706086470"/>
    <nd ref="3706086462"/>
    <nd ref="3706086484"/>
    <nd ref="3706086495"/>
    <nd ref="3706086505"/>
    <nd ref="3706086633"/>
    <nd ref="3706086644"/>
    <nd ref="3706086658"/>
    <nd ref="3706086671"/>
    <nd ref="3706086683"/>
    <nd ref="3706086709"/>
    <nd ref="3706086712"/>
    <nd ref="3706086713"/>
    <nd ref="3706086703"/>
    <nd ref="3706086698"/>
    <nd ref="3706086687"/>
    <tag k="highway" v="track"/>
    <tag k="source" v="bing"/>
  </way>
  <way id="366615925">
    <nd ref="3706086058"/>
    <nd ref="3706086044"/>
    <nd ref="3706085711"/>
    <nd ref="3706085680"/>
    <nd ref="3706085976"/>
    <nd ref="3706085971"/>
    <nd ref="3706085968"/>
    <nd ref="3706085966"/>
    <nd ref="3706085958"/>
    <nd ref="3706085946"/>
    <nd ref="3706085939"/>
    <nd ref="3706085929"/>
    <nd ref="3706085606"/>
    <nd ref="3706085590"/>
    <nd ref="3706085812"/>
    <nd ref="3706085805"/>
    <nd ref="3706085804"/>
    <nd ref="3706085803"/>
    <nd ref="3706085797"/>
    <nd ref="3706085794"/>
    <nd ref="3706085789"/>
    <nd ref="3706085786"/>
    <nd ref="3706085793"/>
    <nd ref="3706085787"/>
    <nd ref="3706085781"/>
    <nd ref="3706085770"/>
    <nd ref="3706085760"/>
    <tag k="highway" v="tertiary"/>
    <tag k="source" v="bing"/>
    <tag k="surface" v="unpaved"/>
  </way>
  <way id="366615931">
    <nd ref="3706086268"/>
    <nd ref="3706086234"/>
    <nd ref="3706086023"/>
    <tag k="highway" v="living_street"/>
    <tag k="source" v="bing"/>
  </way>
  <way id="366615945">
    <nd ref="3706086829"/>
    <nd ref="3706086850"/>
    <nd ref="3706086880"/>
    <nd ref="3706087025"/>
    <nd ref="3706087056"/>
    <nd ref="3706087130"/>
    <nd ref="3706087151"/>
    <nd ref="3706087164"/>
    <nd ref="3706087196"/>
    <nd ref="3706087203"/>
    <nd ref="3706086899"/>
    <nd ref="3706086912"/>
    <nd ref="3706086923"/>
    <nd ref="3706087230"/>
    <nd ref="3706087235"/>
    <nd ref="3706087242"/>
    <nd ref="3706087253"/>
    <nd ref="3706087257"/>
    <nd ref="3706087262"/>
    <nd ref="3706087274"/>
    <nd ref="3706087070"/>
    <nd ref="3706087081"/>
    <nd ref="3706087088"/>
    <nd ref="3706087099"/>
    <nd ref="3706087112"/>
    <nd ref="3706087341"/>
    <nd ref="3706087354"/>
    <nd ref="3706087377"/>
    <nd ref="3706087402"/>
    <nd ref="3706087436"/>
    <nd ref="3706087451"/>
    <nd ref="3706086974"/>
    <nd ref="3706086984"/>
    <nd ref="3706086994"/>
    <nd ref="3706086998"/>
    <tag k="highway" v="tertiary"/>
    <tag k="source" v="bing"/>
  </way>
  <way id="366615954">
    <nd ref="3706084751"/>
    <nd ref="8118359823"/>
    <nd ref="8118349311"/>
    <nd ref="8118359846"/>
    <nd ref="3706084749"/>
    <nd ref="3706084745"/>
    <nd ref="3706084741"/>
    <tag k="highway" v="residential"/>
    <tag k="source" v="bing"/>
  </way>
  <way id="366615955">
    <nd ref="3706087048"/>
    <nd ref="3706087065"/>
    <nd ref="3706083020"/>
    <nd ref="3706087132"/>
    <tag k="highway" v="living_street"/>
    <tag k="source" v="bing"/>
  </way>
  <way id="366615957">
    <nd ref="3706085734"/>
    <nd ref="3706085746"/>
    <nd ref="3706085754"/>
    <nd ref="3706085760"/>
    <tag k="highway" v="living_street"/>
    <tag k="source" v="bing"/>
  </way>
  <way id="366615959">
    <nd ref="3706087274"/>
    <nd ref="3706087273"/>
    <nd ref="3706087278"/>
    <nd ref="3706087282"/>
    <tag k="highway" v="living_street"/>
    <tag k="source" v="bing"/>
  </way>
  <way id="366615962">
    <nd ref="3706084728"/>
    <nd ref="3706085164"/>
    <nd ref="3706085162"/>
    <nd ref="13432131374"/>
    <nd ref="3706085161"/>
    <tag k="highway" v="residential"/>
    <tag k="source" v="bing"/>
  </way>
  <way id="366615964">
    <nd ref="3706088044"/>
    <nd ref="3706088026"/>
    <nd ref="3706087990"/>
    <nd ref="3706087972"/>
    <tag k="highway" v="residential"/>
    <tag k="source" v="bing"/>
  </way>
  <way id="366615967">
    <nd ref="3706088066"/>
    <nd ref="3706088076"/>
    <nd ref="3706088079"/>
    <nd ref="3706088084"/>
    <nd ref="3706088096"/>
    <nd ref="3706088104"/>
    <nd ref="3706088115"/>
    <nd ref="3706088131"/>
    <nd ref="3706088143"/>
    <nd ref="3706087289"/>
    <nd ref="3706087313"/>
    <nd ref="3706087320"/>
    <nd ref="3706088230"/>
    <nd ref="3706088237"/>
    <nd ref="3706088252"/>
    <nd ref="3706088262"/>
    <nd ref="3706088265"/>
    <nd ref="3706088268"/>
    <nd ref="3706088269"/>
    <nd ref="3706088260"/>
    <nd ref="3706088261"/>
    <nd ref="3706088264"/>
    <nd ref="3706088266"/>
    <nd ref="3706088278"/>
    <nd ref="3706088285"/>
    <nd ref="3706088299"/>
    <nd ref="3706088320"/>
    <nd ref="3706088340"/>
    <nd ref="3706088380"/>
    <nd ref="3706088405"/>
    <nd ref="3706088413"/>
    <nd ref="3706088430"/>
    <nd ref="3706088458"/>
    <nd ref="3706088485"/>
    <nd ref="3706088192"/>
    <nd ref="3706088533"/>
    <nd ref="3706088547"/>
    <nd ref="3706088556"/>
    <nd ref="3706088562"/>
    <nd ref="3706087922"/>
    <tag k="highway" v="tertiary"/>
    <tag k="source" v="bing"/>
    <tag k="surface" v="unpaved"/>
  </way>
  <way id="366615968">
    <nd ref="3706086068"/>
    <nd ref="3706086720"/>
    <nd ref="3706086647"/>
    <nd ref="8118359861"/>
    <nd ref="3706086207"/>
    <nd ref="3706086246"/>
    <nd ref="3706085988"/>
    <nd ref="3706085900"/>
    <nd ref="3706085862"/>
    <nd ref="3706085834"/>
    <nd ref="3706086058"/>
    <nd ref="3706086039"/>
    <nd ref="3706085715"/>
    <nd ref="3706085698"/>
    <nd ref="3706085687"/>
    <nd ref="3706085674"/>
    <nd ref="3706085668"/>
    <nd ref="3706085963"/>
    <nd ref="3706085614"/>
    <nd ref="8118359860"/>
    <nd ref="3706085802"/>
    <nd ref="3706085761"/>
    <nd ref="3706085471"/>
    <nd ref="3706085652"/>
    <nd ref="3706085632"/>
    <nd ref="3706085570"/>
    <nd ref="3706085314"/>
    <nd ref="3706085252"/>
    <nd ref="3706085360"/>
    <nd ref="3706085328"/>
    <nd ref="3706084718"/>
    <nd ref="3706084701"/>
    <nd ref="13432089882"/>
    <nd ref="3706084695"/>
    <nd ref="3706084694"/>
    <nd ref="3706084692"/>
    <nd ref="3706084688"/>
    <nd ref="3706084685"/>
    <nd ref="3706084683"/>
    <nd ref="3706084817"/>
    <nd ref="3706084803"/>
    <nd ref="8118359859"/>
    <nd ref="3706084801"/>
    <nd ref="3706084800"/>
    <tag k="highway" v="tertiary"/>
    <tag k="source" v="bing"/>
  </way>
  <way id="366615973">
    <nd ref="3706085237"/>
    <nd ref="3706085239"/>
    <nd ref="3706085241"/>
    <nd ref="3706085242"/>
    <nd ref="1307071051"/>
    <tag k="highway" v="living_street"/>
    <tag k="source" v="bing"/>
  </way>
  <way id="366615975">
    <nd ref="1307070594"/>
    <nd ref="3706085808"/>
    <nd ref="3706085809"/>
    <nd ref="3706085806"/>
    <nd ref="3706085798"/>
    <tag k="highway" v="residential"/>
    <tag k="source" v="bing"/>
  </way>
  <way id="366615976">
    <nd ref="3706084732"/>
    <nd ref="3706084734"/>
    <nd ref="212611999"/>
    <nd ref="3706084739"/>
    <nd ref="3706084741"/>
    <tag k="highway" v="residential"/>
    <tag k="oneway" v="yes"/>
    <tag k="source" v="bing"/>
  </way>
  <way id="366615977">
    <nd ref="3706074383"/>
    <nd ref="3706074381"/>
    <nd ref="3706074378"/>
    <nd ref="3706074382"/>
    <nd ref="3706074380"/>
    <tag k="highway" v="residential"/>
    <tag k="source" v="bing"/>
  </way>
  <way id="366615978">
    <nd ref="3706074365"/>
    <nd ref="3706074368"/>
    <nd ref="3706074372"/>
    <nd ref="3706074374"/>
    <nd ref="3706074382"/>
    <tag k="highway" v="residential"/>
    <tag k="source" v="bing"/>
  </way>
  <way id="366615979">
    <nd ref="3706084741"/>
    <nd ref="3706084737"/>
    <nd ref="3706084735"/>
    <nd ref="3706084730"/>
    <tag k="highway" v="residential"/>
    <tag k="oneway" v="yes"/>
    <tag k="source" v="bing"/>
  </way>
  <way id="366615980">
    <nd ref="3706087049"/>
    <nd ref="3706087041"/>
    <nd ref="3706087026"/>
    <nd ref="3706086123"/>
    <nd ref="3706086113"/>
    <tag k="highway" v="residential"/>
    <tag k="source" v="bing"/>
  </way>
  <way id="366615984">
    <nd ref="3706074420"/>
    <nd ref="4441813274"/>
    <nd ref="3706085042"/>
    <nd ref="3706084895"/>
    <nd ref="3706084911"/>
    <nd ref="3706084915"/>
    <tag k="highway" v="residential"/>
    <tag k="source" v="bing"/>
  </way>
  <way id="366615987">
    <nd ref="3706084746"/>
    <nd ref="3706084747"/>
    <nd ref="3706084749"/>
    <nd ref="8118359825"/>
    <nd ref="3706084750"/>
    <tag k="highway" v="residential"/>
    <tag k="source" v="bing"/>
  </way>
  <way id="366615988">
    <nd ref="3706084683"/>
    <nd ref="3706084684"/>
    <nd ref="3706084687"/>
    <nd ref="3706084690"/>
    <nd ref="3706084699"/>
    <nd ref="3706084712"/>
    <nd ref="3706085347"/>
    <nd ref="3706085233"/>
    <nd ref="3706085251"/>
    <nd ref="3706085269"/>
    <nd ref="3706085286"/>
    <nd ref="3706085303"/>
    <nd ref="3706085388"/>
    <nd ref="3706085422"/>
    <nd ref="3706085554"/>
    <nd ref="3706085219"/>
    <nd ref="3706085442"/>
    <nd ref="3706085476"/>
    <nd ref="3706085743"/>
    <nd ref="3706085767"/>
    <nd ref="3706085788"/>
    <nd ref="3706085602"/>
    <nd ref="3706085925"/>
    <nd ref="3706085955"/>
    <nd ref="3706085683"/>
    <nd ref="3706085700"/>
    <nd ref="3706086052"/>
    <nd ref="3706085875"/>
    <nd ref="3706085986"/>
    <nd ref="3706086255"/>
    <nd ref="3706086190"/>
    <nd ref="3706086629"/>
    <nd ref="3706086659"/>
    <nd ref="3706086724"/>
    <nd ref="3706086103"/>
    <nd ref="3706087031"/>
    <nd ref="3706087128"/>
    <nd ref="3706087142"/>
    <nd ref="3706087161"/>
    <nd ref="3706087174"/>
    <nd ref="3706087190"/>
    <nd ref="3706086890"/>
    <nd ref="3706086913"/>
    <nd ref="3706086921"/>
    <nd ref="3706087231"/>
    <nd ref="3706087237"/>
    <nd ref="3706087245"/>
    <nd ref="3706087252"/>
    <nd ref="3706087266"/>
    <nd ref="3706087281"/>
    <nd ref="3706087083"/>
    <nd ref="3706087094"/>
    <nd ref="3706087115"/>
    <nd ref="3706087326"/>
    <nd ref="3706087344"/>
    <nd ref="3706087362"/>
    <nd ref="3706430584"/>
    <nd ref="3706430586"/>
    <nd ref="3706430588"/>
    <nd ref="3706430591"/>
    <nd ref="3706430593"/>
    <nd ref="3706430602"/>
    <nd ref="3706430604"/>
    <nd ref="3706430608"/>
    <nd ref="3706430611"/>
    <nd ref="3706430613"/>
    <nd ref="3706430617"/>
    <nd ref="3706430622"/>
    <nd ref="3706431229"/>
    <nd ref="3706429902"/>
    <nd ref="3706429910"/>
    <nd ref="3706429916"/>
    <nd ref="3706431425"/>
    <nd ref="3706431442"/>
    <nd ref="3706431469"/>
    <nd ref="3706431483"/>
    <nd ref="3706431498"/>
    <nd ref="3706431504"/>
    <nd ref="3706431508"/>
    <nd ref="3706431510"/>
    <nd ref="3706431730"/>
    <nd ref="3706431736"/>
    <nd ref="3706431742"/>
    <nd ref="3706431743"/>
    <nd ref="3706431747"/>
    <nd ref="3706431755"/>
    <nd ref="3706431757"/>
    <nd ref="3706431761"/>
    <nd ref="3706431766"/>
    <nd ref="3706431773"/>
    <nd ref="3706431777"/>
    <nd ref="3706431783"/>
    <nd ref="3706431639"/>
    <nd ref="3706431649"/>
    <nd ref="3706431661"/>
    <nd ref="3706431670"/>
    <nd ref="3706431683"/>
    <tag k="highway" v="tertiary"/>
    <tag k="source" v="bing"/>
    <tag k="surface" v="unpaved"/>
  </way>
  <way id="366615991">
    <nd ref="3706086065"/>
    <nd ref="3706085835"/>
    <nd ref="3706085838"/>
    <nd ref="3706085840"/>
    <nd ref="3706085839"/>
    <nd ref="3706085841"/>
    <tag k="highway" v="living_street"/>
    <tag k="source" v="bing"/>
  </way>
  <way id="366615995">
    <nd ref="3706086015"/>
    <nd ref="3706086004"/>
    <nd ref="3706085999"/>
    <nd ref="3706085994"/>
    <nd ref="3706086125"/>
    <nd ref="3706085924"/>
    <tag k="highway" v="residential"/>
    <tag k="source" v="bing"/>
  </way>
  <way id="366615997">
    <nd ref="3706085294"/>
    <nd ref="3706085293"/>
    <nd ref="3706085295"/>
    <nd ref="3706085292"/>
    <nd ref="3706085287"/>
    <nd ref="3706085290"/>
    <tag k="highway" v="residential"/>
    <tag k="source" v="bing"/>
  </way>
  <way id="366616001">
    <nd ref="3706084747"/>
    <nd ref="3706084744"/>
    <nd ref="8118359845"/>
    <nd ref="3706084740"/>
    <nd ref="3706084733"/>
    <nd ref="972231357"/>
    <tag k="highway" v="residential"/>
    <tag k="source" v="bing"/>
  </way>
  <way id="366616002">
    <nd ref="3706084906"/>
    <nd ref="8780767355"/>
    <nd ref="3706084894"/>
    <nd ref="3706084885"/>
    <nd ref="3706084869"/>
    <nd ref="3706085036"/>
    <nd ref="3706074424"/>
    <tag k="highway" v="residential"/>
    <tag k="source" v="bing"/>
  </way>
  <way id="366616004">
    <nd ref="3706086863"/>
    <nd ref="3706086877"/>
    <nd ref="3706086078"/>
    <nd ref="13369886909"/>
    <nd ref="3706086100"/>
    <nd ref="3706086111"/>
    <nd ref="3706087052"/>
    <nd ref="3706430785"/>
    <nd ref="3706430796"/>
    <nd ref="3706430804"/>
    <nd ref="3706430808"/>
    <nd ref="3706430816"/>
    <nd ref="3706431030"/>
    <nd ref="13369887013"/>
    <nd ref="3706431039"/>
    <nd ref="3706431057"/>
    <nd ref="3706431071"/>
    <nd ref="3706431078"/>
    <nd ref="3706430558"/>
    <nd ref="3706430570"/>
    <nd ref="3706430575"/>
    <nd ref="3706430577"/>
    <nd ref="3706430580"/>
    <nd ref="3706430585"/>
    <nd ref="3706430590"/>
    <nd ref="3706430592"/>
    <nd ref="3706430597"/>
    <nd ref="3706430601"/>
    <nd ref="3706430607"/>
    <nd ref="3706430612"/>
    <nd ref="3706430615"/>
    <nd ref="3706430623"/>
    <nd ref="3706431233"/>
    <nd ref="3706429892"/>
    <nd ref="3706429896"/>
    <nd ref="3706429904"/>
    <tag k="highway" v="tertiary"/>
    <tag k="source" v="bing"/>
  </way>
  <way id="366616009">
    <nd ref="3706085816"/>
    <nd ref="3706085587"/>
    <nd ref="3706085597"/>
    <nd ref="3706085613"/>
    <nd ref="3706085940"/>
    <nd ref="13432094697"/>
    <nd ref="3706085956"/>
    <nd ref="3706085968"/>
    <tag k="highway" v="unclassified"/>
    <tag k="source" v="bing"/>
  </way>
  <way id="366616011">
    <nd ref="3706088564"/>
    <nd ref="3706088552"/>
    <nd ref="3706088537"/>
    <nd ref="3706088205"/>
    <nd ref="3706088181"/>
    <nd ref="3706088480"/>
    <nd ref="3706088452"/>
    <nd ref="3706088398"/>
    <nd ref="3706088365"/>
    <nd ref="3706088302"/>
    <nd ref="3706088290"/>
    <nd ref="3706088254"/>
    <nd ref="3706088246"/>
    <nd ref="3706087322"/>
    <nd ref="8118290307"/>
    <nd ref="3706088122"/>
    <nd ref="3706088102"/>
    <nd ref="3706088065"/>
    <nd ref="3706088038"/>
    <nd ref="3706087960"/>
    <nd ref="3706087510"/>
    <nd ref="3706087848"/>
    <nd ref="3706087736"/>
    <nd ref="3706087599"/>
    <nd ref="8118290308"/>
    <nd ref="3706087549"/>
    <nd ref="8118290309"/>
    <nd ref="3706087531"/>
    <nd ref="3706087016"/>
    <nd ref="3706087003"/>
    <nd ref="3706086971"/>
    <nd ref="3706087460"/>
    <nd ref="3706087448"/>
    <nd ref="3706087434"/>
    <nd ref="3706087420"/>
    <nd ref="3706087388"/>
    <nd ref="3706087373"/>
    <nd ref="3706087349"/>
    <nd ref="3706087325"/>
    <nd ref="3706087109"/>
    <nd ref="3706087089"/>
    <nd ref="3706087267"/>
    <nd ref="3706087244"/>
    <nd ref="3706087238"/>
    <nd ref="3706087226"/>
    <nd ref="3706086922"/>
    <nd ref="3706086914"/>
    <nd ref="3706086905"/>
    <nd ref="3706086897"/>
    <nd ref="3706087191"/>
    <nd ref="3706087177"/>
    <nd ref="3706087169"/>
    <nd ref="3706087158"/>
    <nd ref="3706087144"/>
    <nd ref="3706083024"/>
    <nd ref="3706087060"/>
    <nd ref="3706087039"/>
    <nd ref="3706086110"/>
    <nd ref="3706086098"/>
    <nd ref="3706086094"/>
    <nd ref="3706086092"/>
    <nd ref="3706086101"/>
    <nd ref="3706086107"/>
    <nd ref="3706086120"/>
    <nd ref="3706086121"/>
    <nd ref="3706086118"/>
    <nd ref="3706086115"/>
    <nd ref="3706086116"/>
    <nd ref="3706086112"/>
    <nd ref="3706086108"/>
    <nd ref="3706086093"/>
    <nd ref="3706086068"/>
    <tag k="highway" v="tertiary"/>
    <tag k="source" v="bing"/>
  </way>
  <way id="366616014">
    <nd ref="3706085956"/>
    <nd ref="13432094696"/>
    <nd ref="3706085941"/>
    <nd ref="3706085600"/>
    <nd ref="3706085586"/>
    <nd ref="3706085822"/>
    <nd ref="3706085813"/>
    <nd ref="13432135243"/>
    <nd ref="13432135242"/>
    <nd ref="13432135241"/>
    <nd ref="13432135240"/>
    <nd ref="13432135239"/>
    <nd ref="13432135238"/>
    <nd ref="13432135237"/>
    <tag k="highway" v="track"/>
    <tag k="source" v="bing"/>
  </way>
  <way id="366616016">
    <nd ref="3706085344"/>
    <nd ref="3706085346"/>
    <nd ref="3706085355"/>
    <nd ref="3706085367"/>
    <nd ref="3706085229"/>
    <nd ref="3706085234"/>
    <nd ref="3706085237"/>
    <tag k="highway" v="track"/>
    <tag k="source" v="bing"/>
  </way>
  <way id="366616024">
    <nd ref="3706086040"/>
    <nd ref="3706086048"/>
    <nd ref="3706086061"/>
    <nd ref="3706085828"/>
    <nd ref="3706085831"/>
    <nd ref="3706085832"/>
    <nd ref="3706085833"/>
    <tag k="highway" v="living_street"/>
    <tag k="source" v="bing"/>
  </way>
  <way id="366616026">
    <nd ref="3706085337"/>
    <nd ref="3706085354"/>
    <nd ref="3706085366"/>
    <nd ref="3706085244"/>
    <nd ref="3706085262"/>
    <nd ref="3706085284"/>
    <nd ref="3706085385"/>
    <nd ref="3706085397"/>
    <nd ref="3706085406"/>
    <nd ref="3706085413"/>
    <nd ref="3706085424"/>
    <nd ref="3706085556"/>
    <nd ref="3706085574"/>
    <nd ref="3706085170"/>
    <nd ref="3706085206"/>
    <nd ref="3706085625"/>
    <nd ref="3706085644"/>
    <nd ref="3706085426"/>
    <nd ref="3706085521"/>
    <nd ref="3706085738"/>
    <nd ref="3706085777"/>
    <nd ref="3706085811"/>
    <nd ref="3706085943"/>
    <nd ref="3706085973"/>
    <nd ref="3706085689"/>
    <nd ref="3706086036"/>
    <nd ref="3706085898"/>
    <nd ref="3706086245"/>
    <nd ref="3706086188"/>
    <nd ref="3706086322"/>
    <nd ref="3706086497"/>
    <nd ref="3706086682"/>
    <nd ref="3706086866"/>
    <nd ref="3706086079"/>
    <nd ref="3706083015"/>
    <nd ref="3706087138"/>
    <nd ref="3706087160"/>
    <nd ref="3706087202"/>
    <nd ref="3706086918"/>
    <nd ref="3706087234"/>
    <nd ref="3706087248"/>
    <nd ref="3706087261"/>
    <nd ref="3706087123"/>
    <nd ref="3706087379"/>
    <nd ref="3706087400"/>
    <nd ref="3706087415"/>
    <nd ref="3706087430"/>
    <nd ref="3706087438"/>
    <nd ref="3706087450"/>
    <nd ref="3706087457"/>
    <nd ref="3706086962"/>
    <nd ref="3706086985"/>
    <nd ref="3706086992"/>
    <nd ref="3706086998"/>
    <nd ref="3706087013"/>
    <nd ref="3706087527"/>
    <nd ref="3706087545"/>
    <nd ref="3706087559"/>
    <nd ref="3706087738"/>
    <nd ref="3706087758"/>
    <nd ref="7501332575"/>
    <nd ref="3706087766"/>
    <nd ref="3706087811"/>
    <nd ref="3706087475"/>
    <nd ref="3706087936"/>
    <nd ref="3706088050"/>
    <nd ref="3706088107"/>
    <nd ref="3706088117"/>
    <nd ref="3706088151"/>
    <nd ref="3706088161"/>
    <nd ref="3706087287"/>
    <nd ref="3706087295"/>
    <nd ref="3706087305"/>
    <nd ref="3706087310"/>
    <tag k="highway" v="tertiary"/>
    <tag k="source" v="bing"/>
  </way>
  <way id="366616029">
    <nd ref="3706086963"/>
    <nd ref="3706086970"/>
    <nd ref="3706086972"/>
    <nd ref="3706086975"/>
    <nd ref="3706086977"/>
    <nd ref="3706086987"/>
    <nd ref="3706086991"/>
    <nd ref="3706086992"/>
    <tag k="highway" v="track"/>
    <tag k="source" v="bing"/>
  </way>
  <way id="366616032">
    <nd ref="3706086246"/>
    <nd ref="3706086259"/>
    <nd ref="3706086271"/>
    <nd ref="3706086159"/>
    <nd ref="3706086208"/>
    <nd ref="3706086296"/>
    <nd ref="3706086318"/>
    <nd ref="3706086436"/>
    <tag k="highway" v="living_street"/>
    <tag k="source" v="bing"/>
  </way>
  <way id="366616035">
    <nd ref="3706087387"/>
    <nd ref="3706087360"/>
    <nd ref="3706087342"/>
    <nd ref="3706087330"/>
    <nd ref="3706087116"/>
    <nd ref="3706087104"/>
    <nd ref="3706087097"/>
    <nd ref="3706087094"/>
    <tag k="highway" v="track"/>
    <tag k="source" v="bing"/>
  </way>
  <way id="366616038">
    <nd ref="3706085814"/>
    <nd ref="3706085817"/>
    <nd ref="3706085810"/>
    <nd ref="3706085795"/>
    <nd ref="3706085776"/>
    <nd ref="3706085769"/>
    <nd ref="3706085765"/>
    <nd ref="1307070182"/>
    <tag k="highway" v="living_street"/>
    <tag k="source" v="bing"/>
  </way>
  <way id="366616040">
    <nd ref="1307070684"/>
    <nd ref="3706085300"/>
    <nd ref="3706085281"/>
    <nd ref="3706085267"/>
    <nd ref="3706085255"/>
    <nd ref="3706085246"/>
    <nd ref="3706085232"/>
    <nd ref="3706085363"/>
    <tag k="highway" v="residential"/>
    <tag k="source" v="bing"/>
  </way>
  <way id="366616042">
    <nd ref="3706084884"/>
    <nd ref="3706084890"/>
    <nd ref="3706084892"/>
    <nd ref="3706084909"/>
    <nd ref="3706084917"/>
    <nd ref="3706084921"/>
    <nd ref="3706084924"/>
    <nd ref="3706085128"/>
    <tag k="highway" v="residential"/>
    <tag k="source" v="bing"/>
  </way>
  <way id="366616043">
    <nd ref="3706086265"/>
    <nd ref="3706086260"/>
    <nd ref="3706086264"/>
    <nd ref="3706086268"/>
    <nd ref="3706086275"/>
    <nd ref="3706086129"/>
    <nd ref="3706086131"/>
    <nd ref="3706086137"/>
    <tag k="highway" v="living_street"/>
    <tag k="source" v="bing"/>
  </way>
  <way id="366616045">
    <nd ref="3706087310"/>
    <nd ref="3706087307"/>
    <nd ref="3706087298"/>
    <nd ref="3706088165"/>
    <nd ref="3706088136"/>
    <nd ref="3706088120"/>
    <nd ref="3706088103"/>
    <nd ref="3706088072"/>
    <nd ref="11068907249"/>
    <nd ref="11068907248"/>
    <nd ref="11068907247"/>
    <nd ref="11068907246"/>
    <nd ref="11068907245"/>
    <nd ref="11068907244"/>
    <nd ref="11068907243"/>
    <nd ref="11068907242"/>
    <nd ref="11068907241"/>
    <nd ref="11068907240"/>
    <nd ref="11068907239"/>
    <nd ref="11068907238"/>
    <nd ref="11068907237"/>
    <nd ref="11068907236"/>
    <nd ref="11068907235"/>
    <tag k="highway" v="track"/>
    <tag k="source" v="mapbox"/>
  </way>
  <way id="366616049">
    <nd ref="1307068739"/>
    <nd ref="3706085399"/>
    <nd ref="3706085402"/>
    <nd ref="3706085394"/>
    <nd ref="3706085387"/>
    <nd ref="3706085384"/>
    <nd ref="3706085383"/>
    <nd ref="3706085319"/>
    <nd ref="3706085313"/>
    <tag k="highway" v="residential"/>
    <tag k="source" v="bing"/>
  </way>
  <way id="366616053">
    <nd ref="3706085534"/>
    <nd ref="3706085564"/>
    <nd ref="3706085579"/>
    <nd ref="3706085175"/>
    <nd ref="3706085188"/>
    <nd ref="3706085195"/>
    <nd ref="3706085201"/>
    <nd ref="3706085213"/>
    <nd ref="3706085640"/>
    <nd ref="8780738585"/>
    <nd ref="8780738586"/>
    <nd ref="8780738587"/>
    <nd ref="8780738588"/>
    <nd ref="8780738589"/>
    <nd ref="8780738590"/>
    <nd ref="8780738591"/>
    <nd ref="8780738592"/>
    <nd ref="8780738593"/>
    <tag k="highway" v="living_street"/>
    <tag k="source" v="bing"/>
  </way>
  <way id="366616055">
    <nd ref="3706084892"/>
    <nd ref="3706085047"/>
    <nd ref="3706085041"/>
    <nd ref="3706085037"/>
    <nd ref="4441813292"/>
    <nd ref="4441813291"/>
    <nd ref="3706085031"/>
    <nd ref="3706074411"/>
    <nd ref="3706074403"/>
    <nd ref="3706074399"/>
    <nd ref="1889560700"/>
    <tag k="highway" v="residential"/>
    <tag k="source" v="bing"/>
  </way>
  <way id="366616057">
    <nd ref="3706084874"/>
    <nd ref="3706084868"/>
    <nd ref="3706085035"/>
    <nd ref="3706085027"/>
    <nd ref="3706074416"/>
    <nd ref="3706074414"/>
    <nd ref="3706074409"/>
    <nd ref="3706074406"/>
    <nd ref="3706074402"/>
    <tag k="highway" v="residential"/>
    <tag k="source" v="bing"/>
  </way>
  <way id="366616059">
    <nd ref="3706084702"/>
    <nd ref="3706084704"/>
    <nd ref="3706084708"/>
    <nd ref="3706084716"/>
    <nd ref="3706084723"/>
    <nd ref="3706085325"/>
    <nd ref="3706085335"/>
    <nd ref="3706085356"/>
    <nd ref="3706085363"/>
    <tag k="highway" v="track"/>
    <tag k="source" v="bing"/>
  </way>
  <way id="366616060">
    <nd ref="3706074423"/>
    <nd ref="3706085044"/>
    <nd ref="3706084875"/>
    <nd ref="3706084884"/>
    <nd ref="3706084889"/>
    <nd ref="3706084900"/>
    <nd ref="3706084904"/>
    <nd ref="3706084912"/>
    <nd ref="3706084919"/>
    <tag k="highway" v="residential"/>
    <tag k="source" v="bing"/>
  </way>
  <way id="366653893">
    <nd ref="3706425276"/>
    <nd ref="3706425280"/>
    <nd ref="3706425292"/>
    <nd ref="3706425294"/>
    <nd ref="3706425296"/>
    <nd ref="3706425291"/>
    <nd ref="3706425283"/>
    <nd ref="3706425269"/>
    <nd ref="3706425236"/>
    <nd ref="3706425015"/>
    <nd ref="3706424998"/>
    <nd ref="3706424991"/>
    <nd ref="3706424984"/>
    <nd ref="3706424975"/>
    <nd ref="3706424972"/>
    <nd ref="3706424969"/>
    <nd ref="3706424966"/>
    <nd ref="3706424967"/>
    <nd ref="3706424971"/>
    <nd ref="3706424976"/>
    <nd ref="3706424994"/>
    <nd ref="3706424995"/>
    <nd ref="3706424999"/>
    <nd ref="3706424997"/>
    <nd ref="3706424992"/>
    <nd ref="3706424982"/>
    <nd ref="3706424959"/>
    <nd ref="3706424803"/>
    <nd ref="3706424793"/>
    <nd ref="3706424771"/>
    <nd ref="3706424767"/>
    <nd ref="3706424770"/>
    <nd ref="3706424769"/>
    <nd ref="3706424766"/>
    <nd ref="3706424751"/>
    <nd ref="3706424735"/>
    <nd ref="3706424729"/>
    <nd ref="3706424733"/>
    <nd ref="3706424741"/>
    <nd ref="3706424744"/>
    <nd ref="3706424740"/>
    <nd ref="3706424731"/>
    <nd ref="3706424513"/>
    <nd ref="3706424494"/>
    <nd ref="3706424320"/>
    <nd ref="3706424305"/>
    <nd ref="3706424288"/>
    <nd ref="3706421917"/>
    <nd ref="3706421873"/>
    <nd ref="3706421859"/>
    <nd ref="3706423925"/>
    <nd ref="3706423927"/>
    <nd ref="3706421868"/>
    <nd ref="3706421921"/>
    <nd ref="3706424239"/>
    <nd ref="3706424253"/>
    <nd ref="3706424264"/>
    <nd ref="3706424260"/>
    <nd ref="3706424249"/>
    <nd ref="3706421902"/>
    <nd ref="3706421886"/>
    <nd ref="3706421877"/>
    <nd ref="3706421871"/>
    <nd ref="3706421861"/>
    <nd ref="3706418890"/>
    <nd ref="3706418874"/>
    <nd ref="3706418862"/>
    <nd ref="3706418859"/>
    <nd ref="3706418856"/>
    <nd ref="3706418858"/>
    <nd ref="3706418863"/>
    <nd ref="3706418871"/>
    <nd ref="3706418882"/>
    <nd ref="3706418908"/>
    <nd ref="3706423928"/>
    <nd ref="3706421876"/>
    <nd ref="3706421887"/>
    <nd ref="3706421894"/>
    <nd ref="3706421885"/>
    <nd ref="3706421869"/>
    <nd ref="3706418922"/>
    <nd ref="3706418905"/>
    <nd ref="3706418893"/>
    <nd ref="3706418873"/>
    <nd ref="3706418872"/>
    <nd ref="3706418867"/>
    <nd ref="3706418868"/>
    <nd ref="3706418879"/>
    <nd ref="3706418881"/>
    <nd ref="3706418884"/>
    <nd ref="3706418885"/>
    <nd ref="3706418886"/>
    <nd ref="3706418894"/>
    <nd ref="3706418911"/>
    <nd ref="3706418916"/>
    <nd ref="3706421878"/>
    <nd ref="3706421909"/>
    <nd ref="3706424323"/>
    <nd ref="3706424445"/>
    <nd ref="3706424460"/>
    <nd ref="3706424476"/>
    <nd ref="3706424483"/>
    <tag k="highway" v="tertiary"/>
    <tag k="source" v="bing"/>
  </way>
  <way id="366653895">
    <nd ref="3706427024"/>
    <nd ref="3706427017"/>
    <nd ref="3706427013"/>
    <nd ref="3706427010"/>
    <nd ref="3706427005"/>
    <nd ref="3706427000"/>
    <nd ref="3706426997"/>
    <nd ref="3706426998"/>
    <nd ref="3706427003"/>
    <nd ref="3706427014"/>
    <nd ref="3706427020"/>
    <tag k="highway" v="living_street"/>
    <tag k="source" v="bing"/>
  </way>
  <way id="366653896">
    <nd ref="3706426114"/>
    <nd ref="3706426113"/>
    <nd ref="3706426110"/>
    <nd ref="3706426105"/>
    <nd ref="3706426100"/>
    <nd ref="3706426095"/>
    <nd ref="3706426093"/>
    <nd ref="3706426086"/>
    <nd ref="3706426083"/>
    <nd ref="3706426082"/>
    <nd ref="3706426081"/>
    <tag k="highway" v="track"/>
    <tag k="source" v="bing"/>
  </way>
  <way id="366653897">
    <nd ref="3706429905"/>
    <nd ref="3706429911"/>
    <nd ref="3706431428"/>
    <nd ref="3706431448"/>
    <nd ref="3706431459"/>
    <nd ref="3706431478"/>
    <nd ref="3706431497"/>
    <nd ref="3706431507"/>
    <nd ref="3706431513"/>
    <nd ref="3706431516"/>
    <nd ref="3706431521"/>
    <tag k="highway" v="track"/>
    <tag k="source" v="bing"/>
  </way>
  <way id="366653899">
    <nd ref="3706430733"/>
    <nd ref="3706430730"/>
    <nd ref="3706430124"/>
    <nd ref="3706430121"/>
    <nd ref="3706430115"/>
    <nd ref="3706430104"/>
    <nd ref="3706430100"/>
    <nd ref="3706430093"/>
    <nd ref="3706430088"/>
    <nd ref="3706430087"/>
    <nd ref="3706430086"/>
    <nd ref="3706430534"/>
    <nd ref="3706430532"/>
    <nd ref="3706430533"/>
    <nd ref="3706430531"/>
    <nd ref="3706430530"/>
    <nd ref="3706430529"/>
    <nd ref="3706430528"/>
    <nd ref="3706430527"/>
    <nd ref="3706430526"/>
    <nd ref="3706430525"/>
    <nd ref="3706429324"/>
    <nd ref="3706429323"/>
    <nd ref="3706429322"/>
    <nd ref="3706429321"/>
    <nd ref="3706429311"/>
    <nd ref="3706429305"/>
    <nd ref="3706429302"/>
    <nd ref="3706429289"/>
    <nd ref="3706429285"/>
    <nd ref="3706429279"/>
    <nd ref="3706429277"/>
    <nd ref="3706429276"/>
    <nd ref="3706429275"/>
    <nd ref="3706429274"/>
    <nd ref="3706429273"/>
    <nd ref="3706429272"/>
    <nd ref="3706429271"/>
    <nd ref="3706429270"/>
    <nd ref="3706429269"/>
    <nd ref="3706429268"/>
    <nd ref="3706429267"/>
    <nd ref="3706429266"/>
    <nd ref="3706429265"/>
    <nd ref="3706429264"/>
    <nd ref="3706429263"/>
    <nd ref="3706429262"/>
    <nd ref="3706429261"/>
    <nd ref="3706429260"/>
    <nd ref="3706429259"/>
    <nd ref="3706429258"/>
    <nd ref="3706429257"/>
    <nd ref="3706429256"/>
    <nd ref="3706429255"/>
    <nd ref="3706429254"/>
    <nd ref="3706429253"/>
    <nd ref="3706429252"/>
    <nd ref="3706429251"/>
    <nd ref="3706429250"/>
    <nd ref="3706429249"/>
    <nd ref="3706429248"/>
    <nd ref="3706429247"/>
    <nd ref="3706429246"/>
    <nd ref="3706429245"/>
    <nd ref="3706429243"/>
    <nd ref="3706429238"/>
    <nd ref="3706430248"/>
    <nd ref="3706430247"/>
    <nd ref="3706430246"/>
    <nd ref="3706430245"/>
    <nd ref="3706430244"/>
    <nd ref="3706430243"/>
    <nd ref="3706430242"/>
    <nd ref="3706430241"/>
    <nd ref="3706430240"/>
    <nd ref="3706430239"/>
    <nd ref="3706430238"/>
    <nd ref="3706430237"/>
    <nd ref="3706430236"/>
    <nd ref="3706430235"/>
    <nd ref="3706430234"/>
    <nd ref="3706430233"/>
    <nd ref="3706430232"/>
    <nd ref="3706430231"/>
    <nd ref="3706430230"/>
    <nd ref="3706430225"/>
    <nd ref="3706429822"/>
    <nd ref="3706429820"/>
    <nd ref="3706429818"/>
    <nd ref="3706429816"/>
    <nd ref="3706429810"/>
    <nd ref="3706429802"/>
    <nd ref="3706429801"/>
    <nd ref="3706429800"/>
    <nd ref="3706429799"/>
    <nd ref="3706429798"/>
    <nd ref="3706429797"/>
    <nd ref="3706429795"/>
    <nd ref="3706429789"/>
    <nd ref="3706429786"/>
    <nd ref="3706429783"/>
    <nd ref="3706429772"/>
    <nd ref="3706430041"/>
    <nd ref="3706428824"/>
    <nd ref="3706428802"/>
    <nd ref="3706428799"/>
    <nd ref="3706428798"/>
    <nd ref="3706428793"/>
    <nd ref="3706428785"/>
    <nd ref="3706428784"/>
    <nd ref="3706428779"/>
    <nd ref="3706428774"/>
    <nd ref="3706428770"/>
    <nd ref="3706428768"/>
    <nd ref="3706428765"/>
    <nd ref="3706428763"/>
    <nd ref="3706428760"/>
    <nd ref="3706428759"/>
    <tag k="highway" v="tertiary"/>
    <tag k="source" v="bing"/>
  </way>
  <way id="366653901">
    <nd ref="3706425271"/>
    <nd ref="3706425246"/>
    <nd ref="3706425229"/>
    <nd ref="3706425024"/>
    <nd ref="3706425019"/>
    <nd ref="3706425013"/>
    <nd ref="3706425010"/>
    <nd ref="3706425004"/>
    <nd ref="3706425000"/>
    <nd ref="3706424990"/>
    <nd ref="3706424981"/>
    <nd ref="3706424970"/>
    <tag k="highway" v="track"/>
    <tag k="source" v="bing"/>
  </way>
  <way id="366653907">
    <nd ref="2299992454"/>
    <nd ref="3706427268"/>
    <nd ref="3706427270"/>
    <nd ref="3706427273"/>
    <nd ref="3706427278"/>
    <nd ref="3706427285"/>
    <nd ref="3706427292"/>
    <nd ref="3706427299"/>
    <nd ref="3706427300"/>
    <nd ref="3706427303"/>
    <nd ref="3706427302"/>
    <nd ref="3706427305"/>
    <nd ref="3706427307"/>
    <nd ref="3706427313"/>
    <tag k="highway" v="track"/>
    <tag k="source" v="bing"/>
  </way>
  <way id="366653909">
    <nd ref="3706426998"/>
    <nd ref="3706426989"/>
    <nd ref="3706426972"/>
    <nd ref="3706426964"/>
    <nd ref="3706426951"/>
    <nd ref="3706426947"/>
    <nd ref="3706426941"/>
    <nd ref="3706426933"/>
    <nd ref="3706426927"/>
    <nd ref="3706426623"/>
    <nd ref="3706426620"/>
    <nd ref="3706426607"/>
    <nd ref="3706426599"/>
    <nd ref="3706426593"/>
    <tag k="highway" v="track"/>
    <tag k="source" v="bing"/>
  </way>
  <way id="366653912">
    <nd ref="3706431046"/>
    <nd ref="3706431053"/>
    <nd ref="3706431058"/>
    <nd ref="3706431063"/>
    <nd ref="3706431067"/>
    <nd ref="3706431076"/>
    <nd ref="3706430536"/>
    <nd ref="3706430539"/>
    <nd ref="3706430542"/>
    <nd ref="3706430544"/>
    <nd ref="3706430546"/>
    <nd ref="3706430549"/>
    <nd ref="3706430555"/>
    <nd ref="3706430564"/>
    <nd ref="3706430567"/>
    <tag k="highway" v="residential"/>
    <tag k="source" v="bing"/>
  </way>
  <way id="366653916">
    <nd ref="3706428242"/>
    <nd ref="3706428246"/>
    <nd ref="3706428247"/>
    <nd ref="3706428249"/>
    <nd ref="3706428251"/>
    <nd ref="3706428254"/>
    <nd ref="3706428255"/>
    <nd ref="3706428257"/>
    <nd ref="3706428261"/>
    <nd ref="3706428264"/>
    <nd ref="3706428268"/>
    <nd ref="3706428272"/>
    <nd ref="3706428279"/>
    <nd ref="3706428283"/>
    <nd ref="3706428288"/>
    <nd ref="3706428290"/>
    <nd ref="10929153191"/>
    <nd ref="10929153192"/>
    <nd ref="10929153193"/>
    <nd ref="10929153194"/>
    <nd ref="10929153195"/>
    <nd ref="10929153196"/>
    <nd ref="10929153197"/>
    <nd ref="10929153198"/>
    <nd ref="10929153199"/>
    <nd ref="10929153190"/>
    <tag k="highway" v="track"/>
    <tag k="source" v="bing"/>
  </way>
  <way id="366653917">
    <nd ref="10929152974"/>
    <nd ref="10929153045"/>
    <nd ref="10929153046"/>
    <nd ref="10929153047"/>
    <nd ref="10929153048"/>
    <nd ref="10929153049"/>
    <nd ref="10929153050"/>
    <nd ref="10929153051"/>
    <nd ref="10929153052"/>
    <nd ref="10929153053"/>
    <nd ref="10929153054"/>
    <nd ref="10929153055"/>
    <nd ref="10929153056"/>
    <nd ref="10929153057"/>
    <nd ref="10929153058"/>
    <nd ref="10929153059"/>
    <nd ref="10929153060"/>
    <nd ref="10929153061"/>
    <nd ref="10929153062"/>
    <nd ref="10929153063"/>
    <nd ref="10929153064"/>
    <nd ref="10929153065"/>
    <nd ref="10929153066"/>
    <nd ref="10929153067"/>
    <nd ref="10929153068"/>
    <nd ref="10929153069"/>
    <nd ref="10929153070"/>
    <nd ref="10929153071"/>
    <nd ref="10929153072"/>
    <nd ref="10929153073"/>
    <nd ref="10929153074"/>
    <nd ref="10929153075"/>
    <nd ref="10929153076"/>
    <nd ref="10929153077"/>
    <nd ref="10929153078"/>
    <nd ref="10929153079"/>
    <nd ref="10929153080"/>
    <nd ref="10929153081"/>
    <nd ref="10929153082"/>
    <nd ref="10929153083"/>
    <nd ref="10929153084"/>
    <nd ref="10929153085"/>
    <nd ref="10929153044"/>
    <nd ref="10929153086"/>
    <nd ref="10929153087"/>
    <nd ref="10929153088"/>
    <nd ref="10929153089"/>
    <nd ref="10929153090"/>
    <nd ref="10929153091"/>
    <nd ref="10929153092"/>
    <nd ref="10929153093"/>
    <nd ref="10929153094"/>
    <nd ref="10929153095"/>
    <nd ref="10929153096"/>
    <nd ref="10929153097"/>
    <nd ref="10929153098"/>
    <nd ref="10929153099"/>
    <nd ref="10929153100"/>
    <nd ref="10929153101"/>
    <nd ref="10929153102"/>
    <nd ref="10929153103"/>
    <nd ref="10929153104"/>
    <nd ref="10929153105"/>
    <nd ref="10929153106"/>
    <nd ref="10929153107"/>
    <nd ref="10929153108"/>
    <nd ref="10929153109"/>
    <nd ref="10929153110"/>
    <nd ref="10929153111"/>
    <nd ref="10929153112"/>
    <nd ref="10929153113"/>
    <nd ref="10929153114"/>
    <nd ref="10929153115"/>
    <nd ref="10929153116"/>
    <nd ref="10929153117"/>
    <nd ref="10929153118"/>
    <nd ref="10929153119"/>
    <nd ref="10929153120"/>
    <nd ref="10929153121"/>
    <nd ref="10929153122"/>
    <nd ref="10929153123"/>
    <nd ref="10929153124"/>
    <nd ref="10929153125"/>
    <nd ref="10929153126"/>
    <nd ref="10929153127"/>
    <nd ref="10929153128"/>
    <nd ref="10929153129"/>
    <nd ref="10929153130"/>
    <nd ref="10929153131"/>
    <nd ref="10929153132"/>
    <nd ref="10929153133"/>
    <nd ref="10929153134"/>
    <nd ref="10929153135"/>
    <nd ref="10929152930"/>
    <nd ref="10929153136"/>
    <nd ref="10929153137"/>
    <nd ref="10929153138"/>
    <nd ref="10929153139"/>
    <nd ref="10929153140"/>
    <nd ref="10929153141"/>
    <nd ref="10929153142"/>
    <nd ref="10929153143"/>
    <nd ref="10929153144"/>
    <nd ref="10929153145"/>
    <nd ref="10929153146"/>
    <nd ref="10929153147"/>
    <nd ref="10929153148"/>
    <nd ref="10929153149"/>
    <nd ref="10929153150"/>
    <nd ref="10929153151"/>
    <nd ref="10929153152"/>
    <nd ref="10929153153"/>
    <nd ref="10929153154"/>
    <nd ref="10929153155"/>
    <nd ref="10929153156"/>
    <nd ref="10929153157"/>
    <nd ref="10929153158"/>
    <nd ref="10929153159"/>
    <nd ref="10929153160"/>
    <nd ref="10929153161"/>
    <nd ref="10929153162"/>
    <nd ref="10929153163"/>
    <nd ref="10929153164"/>
    <nd ref="10929153165"/>
    <nd ref="10929153166"/>
    <nd ref="10929153167"/>
    <nd ref="10929153168"/>
    <nd ref="10929153169"/>
    <nd ref="10929153170"/>
    <nd ref="10929153171"/>
    <nd ref="10929153172"/>
    <nd ref="10929153173"/>
    <nd ref="10929153174"/>
    <nd ref="10929153175"/>
    <nd ref="10929153176"/>
    <nd ref="10929153177"/>
    <nd ref="10929153178"/>
    <nd ref="10929153179"/>
    <nd ref="10929153180"/>
    <nd ref="10929153181"/>
    <nd ref="10929153182"/>
    <nd ref="10929153183"/>
    <nd ref="10929153184"/>
    <nd ref="10929153185"/>
    <nd ref="10929153186"/>
    <nd ref="10929153187"/>
    <nd ref="10929153188"/>
    <nd ref="10929153189"/>
    <nd ref="10929196568"/>
    <nd ref="10929153190"/>
    <nd ref="10929196569"/>
    <nd ref="10929196570"/>
    <nd ref="10929196567"/>
    <nd ref="10929196571"/>
    <nd ref="10929196572"/>
    <nd ref="10929196573"/>
    <nd ref="10929196574"/>
    <nd ref="10929196575"/>
    <nd ref="10929196576"/>
    <nd ref="10929196577"/>
    <nd ref="10929196578"/>
    <nd ref="10929196579"/>
    <nd ref="10929196580"/>
    <nd ref="10929196581"/>
    <nd ref="10929196582"/>
    <nd ref="10929196583"/>
    <nd ref="10929196584"/>
    <nd ref="10929196585"/>
    <nd ref="10929196586"/>
    <nd ref="10929196587"/>
    <nd ref="10929196588"/>
    <nd ref="10929196589"/>
    <nd ref="10929196590"/>
    <nd ref="10929196591"/>
    <nd ref="10929196592"/>
    <nd ref="10929196593"/>
    <nd ref="10929196594"/>
    <nd ref="10929196595"/>
    <nd ref="10929196596"/>
    <nd ref="10929196597"/>
    <nd ref="10929196598"/>
    <nd ref="10929196599"/>
    <nd ref="10929196600"/>
    <nd ref="10929196601"/>
    <nd ref="10929196602"/>
    <nd ref="10929196603"/>
    <nd ref="10929196604"/>
    <nd ref="10929196605"/>
    <nd ref="10929196606"/>
    <nd ref="10929196607"/>
    <nd ref="10929196608"/>
    <nd ref="10929196609"/>
    <nd ref="10929196610"/>
    <nd ref="10929196611"/>
    <nd ref="10929196612"/>
    <nd ref="10929196613"/>
    <nd ref="10929196614"/>
    <nd ref="10929196615"/>
    <nd ref="10929196616"/>
    <nd ref="10929196617"/>
    <nd ref="10929196618"/>
    <nd ref="10929196619"/>
    <nd ref="10929196620"/>
    <nd ref="10929196621"/>
    <nd ref="10929196622"/>
    <nd ref="10929196623"/>
    <nd ref="10929196624"/>
    <nd ref="10929196625"/>
    <nd ref="10929196626"/>
    <nd ref="10929196627"/>
    <nd ref="10929196628"/>
    <nd ref="10929196629"/>
    <nd ref="10929196630"/>
    <nd ref="10929196631"/>
    <nd ref="10929196632"/>
    <nd ref="10929196633"/>
    <nd ref="10929196634"/>
    <nd ref="10929196635"/>
    <nd ref="10929196636"/>
    <nd ref="10929196637"/>
    <nd ref="10929196638"/>
    <nd ref="10929196639"/>
    <nd ref="10929196640"/>
    <nd ref="10929196641"/>
    <nd ref="10929196642"/>
    <nd ref="10929196643"/>
    <nd ref="10929196644"/>
    <nd ref="10929196645"/>
    <nd ref="10929196646"/>
    <nd ref="10929196647"/>
    <nd ref="10929196648"/>
    <nd ref="10929196649"/>
    <nd ref="10929196650"/>
    <nd ref="10929196651"/>
    <nd ref="10929196652"/>
    <nd ref="10929196653"/>
    <nd ref="10929196654"/>
    <nd ref="10929196655"/>
    <nd ref="10929196656"/>
    <nd ref="10929196657"/>
    <nd ref="10929196658"/>
    <nd ref="10929196659"/>
    <nd ref="10929196660"/>
    <nd ref="10929196661"/>
    <nd ref="10929196662"/>
    <nd ref="10929196663"/>
    <nd ref="10929196664"/>
    <nd ref="10929196665"/>
    <nd ref="10929196666"/>
    <nd ref="10929196667"/>
    <nd ref="10929196668"/>
    <nd ref="10929196669"/>
    <nd ref="10929196670"/>
    <nd ref="10929196671"/>
    <nd ref="10929196672"/>
    <nd ref="10929196673"/>
    <nd ref="10929196674"/>
    <nd ref="10929196675"/>
    <nd ref="10929196676"/>
    <nd ref="10929196677"/>
    <nd ref="10929196678"/>
    <nd ref="10929196679"/>
    <nd ref="10929196680"/>
    <nd ref="10929196681"/>
    <nd ref="10929196682"/>
    <nd ref="10929196683"/>
    <nd ref="10929196684"/>
    <nd ref="10929196685"/>
    <nd ref="10929196686"/>
    <nd ref="10929196687"/>
    <nd ref="10929196688"/>
    <nd ref="10929196689"/>
    <nd ref="10929196690"/>
    <nd ref="10929196691"/>
    <nd ref="10929196692"/>
    <nd ref="10929196693"/>
    <nd ref="10929196694"/>
    <nd ref="10929196695"/>
    <nd ref="10929196696"/>
    <nd ref="10929196697"/>
    <nd ref="10929196698"/>
    <nd ref="10929196699"/>
    <nd ref="10929196700"/>
    <nd ref="10929196701"/>
    <nd ref="10929196702"/>
    <nd ref="10929196703"/>
    <nd ref="10929196704"/>
    <nd ref="10929196705"/>
    <nd ref="10929196706"/>
    <nd ref="10929196707"/>
    <nd ref="10929196708"/>
    <nd ref="10929196709"/>
    <nd ref="10929196710"/>
    <nd ref="10929196711"/>
    <nd ref="10929196712"/>
    <nd ref="10929196713"/>
    <nd ref="10929196714"/>
    <nd ref="10929196715"/>
    <nd ref="10929196716"/>
    <nd ref="10929196717"/>
    <nd ref="10929196718"/>
    <nd ref="10929196719"/>
    <nd ref="10929196720"/>
    <nd ref="10929196721"/>
    <nd ref="10929196722"/>
    <nd ref="10929196723"/>
    <nd ref="10929196724"/>
    <nd ref="10929196725"/>
    <nd ref="10929196726"/>
    <nd ref="10929196727"/>
    <nd ref="10929196728"/>
    <nd ref="10929196729"/>
    <nd ref="10929196730"/>
    <nd ref="10929196731"/>
    <nd ref="10929196732"/>
    <nd ref="10929196733"/>
    <nd ref="10929196734"/>
    <nd ref="10929196735"/>
    <nd ref="10929196736"/>
    <nd ref="10929196737"/>
    <nd ref="10929196738"/>
    <nd ref="10929196739"/>
    <nd ref="10929196740"/>
    <nd ref="10929196741"/>
    <nd ref="10929196742"/>
    <nd ref="10929196743"/>
    <nd ref="10929196744"/>
    <nd ref="10929196745"/>
    <nd ref="10929196746"/>
    <nd ref="10929196747"/>
    <nd ref="10929196748"/>
    <nd ref="10929196749"/>
    <nd ref="10929196750"/>
    <nd ref="10929196751"/>
    <nd ref="10929196752"/>
    <nd ref="10929196753"/>
    <nd ref="10929196754"/>
    <nd ref="10929196755"/>
    <nd ref="10929196756"/>
    <nd ref="10929196757"/>
    <nd ref="10929196758"/>
    <nd ref="10929196759"/>
    <nd ref="10929196760"/>
    <nd ref="10929196761"/>
    <nd ref="10929196762"/>
    <nd ref="10929196763"/>
    <nd ref="10929196764"/>
    <nd ref="10929196765"/>
    <nd ref="10929196766"/>
    <nd ref="10929196767"/>
    <nd ref="10929196768"/>
    <nd ref="10929196769"/>
    <nd ref="10929196770"/>
    <nd ref="10929196771"/>
    <nd ref="10929196772"/>
    <nd ref="10929196773"/>
    <nd ref="10929196774"/>
    <nd ref="10929196775"/>
    <nd ref="3706427762"/>
    <nd ref="10929196776"/>
    <nd ref="10929196777"/>
    <nd ref="10929196778"/>
    <nd ref="3706427754"/>
    <nd ref="3706427750"/>
    <nd ref="3706427746"/>
    <nd ref="3706427743"/>
    <nd ref="3706427739"/>
    <nd ref="3706427737"/>
    <nd ref="3706428228"/>
    <nd ref="3706428229"/>
    <nd ref="3706428230"/>
    <nd ref="3706427740"/>
    <nd ref="3706427745"/>
    <nd ref="3706427749"/>
    <nd ref="3706427756"/>
    <nd ref="3706427759"/>
    <nd ref="3706427757"/>
    <nd ref="3706427755"/>
    <tag k="highway" v="track"/>
    <tag k="source" v="bing"/>
  </way>
  <way id="366653919">
    <nd ref="3706427491"/>
    <nd ref="3706427490"/>
    <nd ref="3706427487"/>
    <nd ref="3706427484"/>
    <nd ref="3706427480"/>
    <nd ref="3706427483"/>
    <nd ref="3706427500"/>
    <nd ref="3706427507"/>
    <nd ref="3706427516"/>
    <nd ref="3706427522"/>
    <nd ref="3706427726"/>
    <nd ref="3706427729"/>
    <nd ref="3706427733"/>
    <nd ref="3706422746"/>
    <nd ref="3706422747"/>
    <nd ref="3706422749"/>
    <nd ref="3706422748"/>
    <tag k="highway" v="track"/>
    <tag k="source" v="bing"/>
  </way>
  <way id="366653920">
    <nd ref="3706429772"/>
    <nd ref="3706429771"/>
    <nd ref="3706429773"/>
    <nd ref="3706429774"/>
    <nd ref="3706429775"/>
    <nd ref="3706429778"/>
    <nd ref="3706429776"/>
    <nd ref="3706429770"/>
    <nd ref="3706429766"/>
    <nd ref="3706429762"/>
    <nd ref="3706429757"/>
    <nd ref="3706429749"/>
    <nd ref="3706430043"/>
    <nd ref="3706430035"/>
    <nd ref="3706430033"/>
    <nd ref="3706430036"/>
    <nd ref="3706430039"/>
    <tag k="highway" v="track"/>
    <tag k="source" v="bing"/>
  </way>
  <way id="366653922">
    <nd ref="3706425760"/>
    <nd ref="3706425774"/>
    <nd ref="3706425772"/>
    <nd ref="3706425777"/>
    <nd ref="3706425780"/>
    <nd ref="3706425779"/>
    <nd ref="3706425775"/>
    <nd ref="3706425764"/>
    <nd ref="3706425749"/>
    <nd ref="3706425736"/>
    <nd ref="3706425728"/>
    <nd ref="3706425622"/>
    <nd ref="3706425615"/>
    <nd ref="3706425611"/>
    <nd ref="3706425604"/>
    <nd ref="3706425595"/>
    <nd ref="3706425590"/>
    <nd ref="3706425594"/>
    <tag k="highway" v="track"/>
    <tag k="source" v="bing"/>
  </way>
  <way id="366653923">
    <nd ref="3706430029"/>
    <nd ref="3706428823"/>
    <nd ref="3706428817"/>
    <nd ref="3706428812"/>
    <nd ref="3706428811"/>
    <nd ref="3706428821"/>
    <nd ref="3706428818"/>
    <nd ref="3706428819"/>
    <nd ref="3706428805"/>
    <nd ref="3706428803"/>
    <nd ref="3706428801"/>
    <nd ref="3706428800"/>
    <nd ref="3706428797"/>
    <nd ref="3706428794"/>
    <nd ref="3706428792"/>
    <nd ref="3706428791"/>
    <nd ref="3706428790"/>
    <nd ref="3706428786"/>
    <nd ref="3706428785"/>
    <tag k="highway" v="track"/>
    <tag k="source" v="bing"/>
  </way>
  <way id="366653924">
    <nd ref="2299992467"/>
    <nd ref="3706427271"/>
    <nd ref="3706427267"/>
    <nd ref="3706427264"/>
    <nd ref="3706427266"/>
    <nd ref="3706427260"/>
    <nd ref="3706427257"/>
    <nd ref="3706427254"/>
    <nd ref="3706427253"/>
    <nd ref="3706427251"/>
    <nd ref="3706427249"/>
    <nd ref="3706427246"/>
    <nd ref="3706427243"/>
    <nd ref="3706427241"/>
    <nd ref="3706427238"/>
    <nd ref="3706427234"/>
    <nd ref="3706427230"/>
    <nd ref="3706427225"/>
    <nd ref="3706427024"/>
    <tag k="highway" v="track"/>
    <tag k="source" v="bing"/>
  </way>
  <way id="366653926">
    <nd ref="3706428777"/>
    <nd ref="3706428765"/>
    <tag k="highway" v="living_street"/>
    <tag k="source" v="bing"/>
  </way>
  <way id="366653927">
    <nd ref="3706429760"/>
    <nd ref="3706429753"/>
    <tag k="highway" v="residential"/>
    <tag k="source" v="bing"/>
  </way>
  <way id="366653930">
    <nd ref="3706428768"/>
    <nd ref="3706428781"/>
    <tag k="highway" v="living_street"/>
    <tag k="source" v="bing"/>
  </way>
  <way id="366653931">
    <nd ref="3706429810"/>
    <nd ref="3706429811"/>
    <nd ref="3706429806"/>
    <nd ref="3706429808"/>
    <nd ref="3706429809"/>
    <nd ref="3706429807"/>
    <nd ref="3706429804"/>
    <nd ref="3706429803"/>
    <nd ref="3706429805"/>
    <nd ref="3706429812"/>
    <nd ref="3706429813"/>
    <nd ref="3706429815"/>
    <nd ref="3706429817"/>
    <nd ref="3706429819"/>
    <nd ref="3706429821"/>
    <nd ref="3706429823"/>
    <nd ref="3706429824"/>
    <nd ref="3706430227"/>
    <nd ref="3706430226"/>
    <nd ref="3706430228"/>
    <nd ref="3706430229"/>
    <nd ref="13432035022"/>
    <nd ref="13432035021"/>
    <nd ref="13432035020"/>
    <nd ref="13432035019"/>
    <nd ref="13432035018"/>
    <nd ref="13432035017"/>
    <nd ref="13432035016"/>
    <nd ref="13432035015"/>
    <nd ref="13432035014"/>
    <nd ref="13432035013"/>
    <nd ref="13432035012"/>
    <nd ref="13432035011"/>
    <nd ref="13432035010"/>
    <nd ref="13432035009"/>
    <nd ref="13432035008"/>
    <nd ref="13432035007"/>
    <nd ref="13432035006"/>
    <nd ref="13432035005"/>
    <nd ref="13432035004"/>
    <nd ref="13432035003"/>
    <nd ref="13432035002"/>
    <nd ref="13432035001"/>
    <nd ref="13431981100"/>
    <nd ref="13431981099"/>
    <nd ref="13431981098"/>
    <nd ref="13431981097"/>
    <nd ref="13431981096"/>
    <nd ref="13431981095"/>
    <nd ref="13432035173"/>
    <tag k="highway" v="unclassified"/>
    <tag k="source" v="bing"/>
  </way>
  <way id="366653932">
    <nd ref="3706427497"/>
    <nd ref="3706427503"/>
    <nd ref="3706427517"/>
    <nd ref="3706427731"/>
    <nd ref="3706422738"/>
    <nd ref="3706422753"/>
    <nd ref="3706422758"/>
    <nd ref="3706422761"/>
    <nd ref="3706422769"/>
    <nd ref="3706422778"/>
    <nd ref="3706422802"/>
    <nd ref="3706422812"/>
    <nd ref="3706422815"/>
    <nd ref="3706422820"/>
    <nd ref="3706422824"/>
    <nd ref="3706427929"/>
    <nd ref="3706427937"/>
    <nd ref="3706427952"/>
    <nd ref="3706427961"/>
    <nd ref="3706427971"/>
    <nd ref="3706427975"/>
    <nd ref="3706427980"/>
    <tag k="highway" v="unclassified"/>
    <tag k="source" v="bing"/>
    <tag k="surface" v="unpaved"/>
  </way>
  <way id="366653934">
    <nd ref="2299991725"/>
    <nd ref="3706426579"/>
    <nd ref="3706426578"/>
    <nd ref="3706426577"/>
    <nd ref="3706426574"/>
    <nd ref="3706426572"/>
    <nd ref="3706426571"/>
    <nd ref="3706426569"/>
    <nd ref="3706426568"/>
    <nd ref="3706426566"/>
    <nd ref="3706426564"/>
    <nd ref="3706426560"/>
    <nd ref="3706426557"/>
    <nd ref="3706426556"/>
    <nd ref="3706426553"/>
    <nd ref="3706426551"/>
    <nd ref="3706426550"/>
    <nd ref="3706426546"/>
    <nd ref="3706426542"/>
    <nd ref="3706426540"/>
    <nd ref="3706426535"/>
    <nd ref="3706426755"/>
    <nd ref="3706426745"/>
    <tag k="highway" v="track"/>
    <tag k="source" v="bing"/>
  </way>
  <way id="366653936">
    <nd ref="3706430762"/>
    <nd ref="3706430764"/>
    <nd ref="3706430767"/>
    <nd ref="3706430770"/>
    <nd ref="3706430773"/>
    <nd ref="3706430778"/>
    <nd ref="3706430780"/>
    <nd ref="3706430783"/>
    <nd ref="3706430786"/>
    <nd ref="3706430789"/>
    <nd ref="3706430791"/>
    <nd ref="3706430795"/>
    <nd ref="3706430798"/>
    <nd ref="3706430800"/>
    <nd ref="3706430793"/>
    <nd ref="3706430792"/>
    <nd ref="3706430790"/>
    <nd ref="3706430787"/>
    <nd ref="3706430784"/>
    <nd ref="3706430782"/>
    <nd ref="3706430779"/>
    <nd ref="3706430777"/>
    <nd ref="3706430774"/>
    <nd ref="3706430772"/>
    <tag k="highway" v="track"/>
    <tag k="source" v="bing"/>
  </way>
  <way id="366653937">
    <nd ref="3706429321"/>
    <nd ref="3706429320"/>
    <nd ref="3706429319"/>
    <nd ref="3706429318"/>
    <nd ref="3706429317"/>
    <nd ref="3706429316"/>
    <nd ref="3706429315"/>
    <nd ref="3706429314"/>
    <nd ref="3706429313"/>
    <nd ref="3706429310"/>
    <nd ref="3706429309"/>
    <nd ref="3706429308"/>
    <nd ref="3706429307"/>
    <nd ref="3706429306"/>
    <nd ref="3706429304"/>
    <nd ref="3706429295"/>
    <nd ref="3706429294"/>
    <nd ref="3706429296"/>
    <nd ref="3706429299"/>
    <nd ref="3706429297"/>
    <nd ref="3706429301"/>
    <nd ref="3706429300"/>
    <nd ref="3706429298"/>
    <nd ref="3706429288"/>
    <tag k="highway" v="track"/>
    <tag k="source" v="bing"/>
  </way>
  <way id="366653939">
    <nd ref="3706425228"/>
    <nd ref="3706425233"/>
    <nd ref="3706425240"/>
    <nd ref="3706425255"/>
    <nd ref="3706425272"/>
    <nd ref="3706425286"/>
    <nd ref="3706425302"/>
    <nd ref="3706425308"/>
    <nd ref="3706425318"/>
    <nd ref="3706425530"/>
    <nd ref="3706425546"/>
    <nd ref="3706425551"/>
    <nd ref="3706425554"/>
    <nd ref="3706425561"/>
    <nd ref="3706425566"/>
    <nd ref="3706425573"/>
    <nd ref="3706425576"/>
    <nd ref="3706425578"/>
    <nd ref="3706425579"/>
    <nd ref="3706425584"/>
    <nd ref="3706425585"/>
    <nd ref="3706425589"/>
    <nd ref="3706425596"/>
    <nd ref="3706425591"/>
    <nd ref="3706425592"/>
    <nd ref="3706425587"/>
    <tag k="highway" v="track"/>
    <tag k="source" v="bing"/>
  </way>
  <way id="366653940">
    <nd ref="3706425230"/>
    <nd ref="3706425238"/>
    <nd ref="3706425245"/>
    <nd ref="3706425249"/>
    <nd ref="3706425253"/>
    <nd ref="3706425265"/>
    <nd ref="3706425288"/>
    <nd ref="3706425301"/>
    <nd ref="3706425309"/>
    <nd ref="3706425315"/>
    <nd ref="3706425319"/>
    <nd ref="3706425529"/>
    <nd ref="3706425532"/>
    <nd ref="3706425537"/>
    <nd ref="3706425550"/>
    <nd ref="3706425565"/>
    <nd ref="3706425580"/>
    <nd ref="3706425600"/>
    <nd ref="3706425607"/>
    <nd ref="3706425618"/>
    <nd ref="3706425730"/>
    <nd ref="3706425741"/>
    <nd ref="3706425747"/>
    <nd ref="3706425752"/>
    <nd ref="3706425748"/>
    <nd ref="3706425737"/>
    <nd ref="3706425739"/>
    <tag k="highway" v="track"/>
    <tag k="source" v="bing"/>
  </way>
  <way id="366653943">
    <nd ref="3706425380"/>
    <nd ref="3706425384"/>
    <nd ref="3706425382"/>
    <nd ref="3706425377"/>
    <nd ref="3706425375"/>
    <nd ref="3706425374"/>
    <nd ref="3706425376"/>
    <nd ref="3706425378"/>
    <nd ref="3706425379"/>
    <nd ref="3706425383"/>
    <nd ref="3706425390"/>
    <nd ref="3706425395"/>
    <nd ref="3706425404"/>
    <nd ref="3706425408"/>
    <nd ref="3706425410"/>
    <nd ref="3706425413"/>
    <nd ref="3706425421"/>
    <nd ref="3706426226"/>
    <nd ref="3706426231"/>
    <nd ref="3706426237"/>
    <nd ref="3706426241"/>
    <nd ref="3706426245"/>
    <nd ref="3706426239"/>
    <nd ref="3706426244"/>
    <nd ref="3706426249"/>
    <nd ref="3706426258"/>
    <nd ref="3706426286"/>
    <nd ref="3706426295"/>
    <tag k="highway" v="track"/>
    <tag k="source" v="bing"/>
  </way>
  <way id="366653944">
    <nd ref="3706427301"/>
    <nd ref="3706427309"/>
    <nd ref="3706427315"/>
    <nd ref="3706427317"/>
    <nd ref="3706427319"/>
    <nd ref="3706427321"/>
    <nd ref="3706427425"/>
    <nd ref="3706427429"/>
    <nd ref="3706427432"/>
    <nd ref="3706427433"/>
    <nd ref="3706427435"/>
    <nd ref="3706427437"/>
    <nd ref="3706427439"/>
    <nd ref="3706427440"/>
    <nd ref="3706427442"/>
    <nd ref="3706427444"/>
    <nd ref="3706427447"/>
    <nd ref="3706427451"/>
    <nd ref="3706427455"/>
    <nd ref="3706427462"/>
    <nd ref="3706427463"/>
    <nd ref="3706427465"/>
    <nd ref="3706427470"/>
    <nd ref="3706427474"/>
    <nd ref="3706427481"/>
    <nd ref="3706427489"/>
    <nd ref="3706427491"/>
    <nd ref="3706427497"/>
    <tag k="highway" v="track"/>
    <tag k="source" v="bing"/>
  </way>
  <way id="366653947">
    <nd ref="2299992461"/>
    <nd ref="2299992446"/>
    <nd ref="2299992440"/>
    <tag k="highway" v="track"/>
    <tag k="source" v="bing"/>
  </way>
  <way id="366653949">
    <nd ref="3706429768"/>
    <nd ref="3706429763"/>
    <tag k="highway" v="residential"/>
    <tag k="source" v="bing"/>
  </way>
  <way id="366653952">
    <nd ref="3706430089"/>
    <nd ref="3706430114"/>
    <nd ref="3706430119"/>
    <nd ref="3706430727"/>
    <nd ref="3706430737"/>
    <nd ref="3706430746"/>
    <nd ref="3706430751"/>
    <nd ref="3706430753"/>
    <nd ref="3706430754"/>
    <nd ref="3706430755"/>
    <nd ref="3706430757"/>
    <nd ref="3706430758"/>
    <nd ref="3706430761"/>
    <nd ref="3706430766"/>
    <nd ref="3706430768"/>
    <nd ref="3706430769"/>
    <nd ref="3706430771"/>
    <nd ref="3706430776"/>
    <nd ref="3706430781"/>
    <nd ref="3706430801"/>
    <nd ref="3706430806"/>
    <nd ref="3706430809"/>
    <nd ref="3706430811"/>
    <nd ref="3706430813"/>
    <nd ref="3706430814"/>
    <nd ref="3706430819"/>
    <nd ref="3706430823"/>
    <tag k="highway" v="track"/>
    <tag k="source" v="bing"/>
  </way>
  <way id="366653955">
    <nd ref="3706431058"/>
    <nd ref="3706431051"/>
    <nd ref="3706431048"/>
    <nd ref="3706431041"/>
    <tag k="highway" v="residential"/>
    <tag k="source" v="bing"/>
  </way>
  <way id="366653956">
    <nd ref="3706426602"/>
    <nd ref="3706426604"/>
    <nd ref="3706426606"/>
    <nd ref="2299991855"/>
    <tag k="highway" v="living_street"/>
    <tag k="source" v="bing"/>
  </way>
  <way id="366653957">
    <nd ref="3706430729"/>
    <nd ref="3706430732"/>
    <nd ref="3706430735"/>
    <nd ref="3706430739"/>
    <tag k="highway" v="residential"/>
    <tag k="source" v="bing"/>
  </way>
  <way id="366653961">
    <nd ref="3706431082"/>
    <nd ref="3706431083"/>
    <nd ref="3706430541"/>
    <nd ref="3706430544"/>
    <tag k="highway" v="living_street"/>
    <tag k="source" v="bing"/>
  </way>
  <way id="366653963">
    <nd ref="2299991925"/>
    <nd ref="3706426624"/>
    <nd ref="3706426619"/>
    <nd ref="2299991870"/>
    <tag k="highway" v="living_street"/>
    <tag k="source" v="bing"/>
  </way>
  <way id="366653964">
    <nd ref="3706425745"/>
    <nd ref="3706425623"/>
    <nd ref="3706425613"/>
    <nd ref="3706425587"/>
    <nd ref="3706425575"/>
    <nd ref="3706425570"/>
    <nd ref="3706425568"/>
    <nd ref="3706425569"/>
    <nd ref="3706425572"/>
    <nd ref="3706425567"/>
    <nd ref="3706425553"/>
    <nd ref="3706425540"/>
    <nd ref="3706425533"/>
    <nd ref="3706425527"/>
    <nd ref="3706425303"/>
    <nd ref="3706425299"/>
    <nd ref="3706425293"/>
    <nd ref="3706425279"/>
    <nd ref="3706425274"/>
    <nd ref="3706425268"/>
    <nd ref="3706425260"/>
    <nd ref="3706425251"/>
    <nd ref="3706425243"/>
    <nd ref="3706425239"/>
    <nd ref="3706425235"/>
    <nd ref="3706425231"/>
    <nd ref="3706425226"/>
    <nd ref="3706425021"/>
    <nd ref="3706425020"/>
    <nd ref="3706425017"/>
    <nd ref="3706425012"/>
    <nd ref="3706425011"/>
    <nd ref="3706425007"/>
    <nd ref="3706425005"/>
    <nd ref="3706425002"/>
    <nd ref="3706424996"/>
    <nd ref="3706424978"/>
    <nd ref="3706424973"/>
    <nd ref="3706424955"/>
    <nd ref="3706424949"/>
    <tag k="highway" v="track"/>
    <tag k="source" v="bing"/>
  </way>
  <way id="366653966">
    <nd ref="3706425276"/>
    <nd ref="3706425267"/>
    <nd ref="3706425259"/>
    <nd ref="3706425252"/>
    <nd ref="3706425247"/>
    <nd ref="3706425237"/>
    <nd ref="3706425232"/>
    <nd ref="3706425228"/>
    <nd ref="3706425227"/>
    <nd ref="3706425225"/>
    <nd ref="3706425022"/>
    <nd ref="3706425018"/>
    <nd ref="3706425006"/>
    <nd ref="3706424987"/>
    <nd ref="3706424965"/>
    <nd ref="3706424949"/>
    <nd ref="3706424935"/>
    <nd ref="3706424819"/>
    <nd ref="3706424814"/>
    <nd ref="3706424794"/>
    <nd ref="3706424783"/>
    <nd ref="3706424776"/>
    <nd ref="3706424760"/>
    <nd ref="3706424748"/>
    <nd ref="3706424728"/>
    <nd ref="3706424502"/>
    <nd ref="3706424490"/>
    <nd ref="3706424484"/>
    <nd ref="3706424474"/>
    <nd ref="3706424459"/>
    <nd ref="3706424443"/>
    <nd ref="3706424430"/>
    <nd ref="3706424322"/>
    <nd ref="3706424309"/>
    <nd ref="3706424301"/>
    <nd ref="3706424276"/>
    <nd ref="3706424266"/>
    <nd ref="3706424237"/>
    <nd ref="3706424228"/>
    <nd ref="3706421922"/>
    <nd ref="3706421915"/>
    <nd ref="3706421905"/>
    <nd ref="3706421883"/>
    <nd ref="3706423929"/>
    <nd ref="3706418904"/>
    <nd ref="3706418898"/>
    <nd ref="3706418887"/>
    <nd ref="3706418877"/>
    <nd ref="3706418865"/>
    <tag k="highway" v="track"/>
    <tag k="source" v="bing"/>
  </way>
  <way id="366653967">
    <nd ref="3706429769"/>
    <nd ref="8118359817"/>
    <nd ref="3706429780"/>
    <nd ref="3706429785"/>
    <nd ref="3706429788"/>
    <nd ref="8118349316"/>
    <nd ref="8118349315"/>
    <nd ref="8118349314"/>
    <nd ref="3706429790"/>
    <nd ref="8780772930"/>
    <nd ref="8780772931"/>
    <nd ref="8780772932"/>
    <nd ref="8780772933"/>
    <tag k="highway" v="residential"/>
    <tag k="source" v="bing"/>
  </way>
  <way id="366653980">
    <nd ref="3706428019"/>
    <nd ref="3706428022"/>
    <nd ref="3706428024"/>
    <nd ref="3706428227"/>
    <nd ref="3706427735"/>
    <nd ref="3706427742"/>
    <tag k="highway" v="track"/>
    <tag k="source" v="bing"/>
  </way>
  <way id="366653981">
    <nd ref="3706430122"/>
    <nd ref="3706430726"/>
    <nd ref="3706430728"/>
    <nd ref="3706430729"/>
    <nd ref="3706430731"/>
    <nd ref="3706430733"/>
    <tag k="highway" v="residential"/>
    <tag k="source" v="bing"/>
  </way>
  <way id="366653983">
    <nd ref="3706430554"/>
    <nd ref="3706430547"/>
    <nd ref="3706430548"/>
    <nd ref="3706430550"/>
    <nd ref="3706430551"/>
    <nd ref="3706430549"/>
    <tag k="highway" v="living_street"/>
    <tag k="source" v="bing"/>
  </way>
  <way id="366653986">
    <nd ref="3706431041"/>
    <nd ref="3706431037"/>
    <nd ref="3706431035"/>
    <nd ref="3706431026"/>
    <nd ref="3706431025"/>
    <nd ref="3706430823"/>
    <tag k="highway" v="living_street"/>
    <tag k="source" v="bing"/>
  </way>
  <way id="366653988">
    <nd ref="3706431073"/>
    <nd ref="3706431079"/>
    <nd ref="3706431081"/>
    <nd ref="3706431084"/>
    <nd ref="3706430535"/>
    <nd ref="3706430539"/>
    <tag k="highway" v="living_street"/>
    <tag k="source" v="bing"/>
  </way>
  <way id="366653989">
    <nd ref="3706429904"/>
    <nd ref="3706429901"/>
    <nd ref="3706429900"/>
    <nd ref="3706429898"/>
    <nd ref="3706431234"/>
    <nd ref="3706431228"/>
    <nd ref="3706431225"/>
    <nd ref="3706430620"/>
    <nd ref="3706430616"/>
    <nd ref="3706430609"/>
    <nd ref="3706430605"/>
    <nd ref="3706430603"/>
    <nd ref="3706430599"/>
    <nd ref="3706430598"/>
    <nd ref="3706430596"/>
    <nd ref="3706430594"/>
    <nd ref="3706430587"/>
    <nd ref="3706430582"/>
    <nd ref="3706430581"/>
    <nd ref="3706430578"/>
    <nd ref="3706430576"/>
    <nd ref="3706430574"/>
    <nd ref="3706430572"/>
    <nd ref="3706430561"/>
    <nd ref="3706430545"/>
    <nd ref="3706431082"/>
    <nd ref="3706431077"/>
    <nd ref="3706431066"/>
    <nd ref="3706431059"/>
    <nd ref="3706431052"/>
    <nd ref="3706431045"/>
    <nd ref="3706431042"/>
    <nd ref="3706431040"/>
    <nd ref="3706431041"/>
    <nd ref="3706431043"/>
    <nd ref="3706431047"/>
    <nd ref="3706431049"/>
    <nd ref="3706431046"/>
    <nd ref="3706431034"/>
    <nd ref="3706431028"/>
    <nd ref="3706430822"/>
    <nd ref="3706430820"/>
    <nd ref="3706430818"/>
    <nd ref="3706430817"/>
    <nd ref="3706430815"/>
    <nd ref="3706430812"/>
    <nd ref="3706430810"/>
    <nd ref="3706430807"/>
    <nd ref="3706430805"/>
    <nd ref="3706430775"/>
    <nd ref="3706430765"/>
    <nd ref="3706430763"/>
    <nd ref="3706430762"/>
    <nd ref="3706430760"/>
    <nd ref="3706430759"/>
    <nd ref="3706430756"/>
    <nd ref="3706430752"/>
    <nd ref="3706430750"/>
    <nd ref="3706430747"/>
    <nd ref="3706430744"/>
    <nd ref="3706430739"/>
    <nd ref="3706430734"/>
    <nd ref="3706430733"/>
    <tag k="highway" v="tertiary"/>
    <tag k="source" v="bing"/>
  </way>
  <way id="366653990">
    <nd ref="3706426988"/>
    <nd ref="3706426980"/>
    <nd ref="3706426961"/>
    <nd ref="3706426937"/>
    <nd ref="3706426926"/>
    <nd ref="3706426617"/>
    <nd ref="3706426615"/>
    <nd ref="3706426618"/>
    <nd ref="3706426928"/>
    <nd ref="3706426935"/>
    <nd ref="3706426950"/>
    <nd ref="3706426956"/>
    <nd ref="3706426979"/>
    <nd ref="3706426983"/>
    <nd ref="3706426986"/>
    <nd ref="3706426985"/>
    <nd ref="3706426978"/>
    <nd ref="3706426975"/>
    <nd ref="3706426976"/>
    <nd ref="3706426982"/>
    <nd ref="3706426991"/>
    <nd ref="3706426999"/>
    <nd ref="3706427004"/>
    <nd ref="3706427021"/>
    <nd ref="3706427228"/>
    <nd ref="3706427237"/>
    <nd ref="3706427245"/>
    <nd ref="3706427258"/>
    <nd ref="3706427272"/>
    <nd ref="3706427282"/>
    <nd ref="3706427287"/>
    <nd ref="3706427288"/>
    <nd ref="3706427289"/>
    <nd ref="3706427281"/>
    <nd ref="3706427261"/>
    <nd ref="3706427262"/>
    <nd ref="3706427269"/>
    <nd ref="3706427276"/>
    <nd ref="3706427284"/>
    <nd ref="3706427297"/>
    <nd ref="3706427311"/>
    <nd ref="3706427322"/>
    <nd ref="3706427426"/>
    <nd ref="3706427428"/>
    <nd ref="3706427431"/>
    <nd ref="3706427434"/>
    <nd ref="3706427438"/>
    <nd ref="3706427445"/>
    <nd ref="3706427448"/>
    <nd ref="3706427449"/>
    <nd ref="3706427452"/>
    <nd ref="3706427456"/>
    <nd ref="3706427459"/>
    <nd ref="3706427469"/>
    <nd ref="3706427475"/>
    <nd ref="3706427496"/>
    <nd ref="3706427502"/>
    <nd ref="3706427506"/>
    <nd ref="3706427504"/>
    <nd ref="3706427498"/>
    <nd ref="3706427492"/>
    <nd ref="3706427486"/>
    <nd ref="3706427485"/>
    <nd ref="3706427488"/>
    <nd ref="3706427493"/>
    <nd ref="3706427494"/>
    <nd ref="3706427497"/>
    <tag k="highway" v="track"/>
    <tag k="source" v="bing"/>
    <tag k="surface" v="unpaved"/>
  </way>
  <way id="366653992">
    <nd ref="3706430784"/>
    <nd ref="3706430788"/>
    <nd ref="3706430794"/>
    <nd ref="3706430799"/>
    <nd ref="3706430797"/>
    <nd ref="3706430802"/>
    <nd ref="3706430803"/>
    <tag k="highway" v="track"/>
    <tag k="source" v="bing"/>
  </way>
  <way id="366653994">
    <nd ref="3706430085"/>
    <nd ref="3706430090"/>
    <nd ref="3706430094"/>
    <nd ref="3706430103"/>
    <nd ref="3706430107"/>
    <nd ref="3706430109"/>
    <nd ref="3706430089"/>
    <tag k="highway" v="track"/>
    <tag k="source" v="bing"/>
  </way>
  <way id="366653999">
    <nd ref="3706430904"/>
    <nd ref="3706430897"/>
    <nd ref="3706430902"/>
    <nd ref="3706430901"/>
    <nd ref="3706430895"/>
    <nd ref="3706430891"/>
    <nd ref="3706430872"/>
    <nd ref="3706430866"/>
    <nd ref="3706430863"/>
    <nd ref="3706432324"/>
    <nd ref="3706432302"/>
    <nd ref="3706432295"/>
    <nd ref="3706432276"/>
    <nd ref="3706432271"/>
    <nd ref="3706432272"/>
    <nd ref="3706432281"/>
    <nd ref="3706432289"/>
    <nd ref="3706432305"/>
    <nd ref="3706432315"/>
    <nd ref="3706432318"/>
    <nd ref="3706432525"/>
    <nd ref="3706432527"/>
    <nd ref="3706432526"/>
    <nd ref="3706432314"/>
    <nd ref="3706432301"/>
    <nd ref="3706432293"/>
    <nd ref="3706432259"/>
    <nd ref="3706431721"/>
    <nd ref="3706431712"/>
    <nd ref="3706431679"/>
    <nd ref="3706431662"/>
    <nd ref="3706431642"/>
    <nd ref="3706431634"/>
    <nd ref="3706431628"/>
    <nd ref="3706431784"/>
    <nd ref="3706431779"/>
    <nd ref="3706431770"/>
    <nd ref="3706431764"/>
    <nd ref="3706431759"/>
    <nd ref="3706431752"/>
    <nd ref="3706431744"/>
    <nd ref="3706431735"/>
    <nd ref="3706431726"/>
    <nd ref="8729242871"/>
    <nd ref="3706431505"/>
    <nd ref="8729242867"/>
    <nd ref="3706431500"/>
    <nd ref="8729242861"/>
    <nd ref="3706431486"/>
    <nd ref="3706431475"/>
    <nd ref="3706431464"/>
    <nd ref="3706431453"/>
    <nd ref="8729242752"/>
    <nd ref="3706431451"/>
    <nd ref="3706431449"/>
    <nd ref="3706431447"/>
    <nd ref="8729242885"/>
    <nd ref="3706431446"/>
    <nd ref="3706431445"/>
    <nd ref="3706431441"/>
    <nd ref="3706431437"/>
    <nd ref="3706431436"/>
    <nd ref="3706431440"/>
    <nd ref="3706431438"/>
    <nd ref="3706431433"/>
    <nd ref="3706431431"/>
    <nd ref="3706431430"/>
    <nd ref="3706431427"/>
    <nd ref="8780701048"/>
    <nd ref="8729242907"/>
    <nd ref="3706429920"/>
    <nd ref="8729242879"/>
    <nd ref="3706429914"/>
    <nd ref="3706429913"/>
    <nd ref="3706429917"/>
    <nd ref="8729242901"/>
    <nd ref="3706429921"/>
    <nd ref="3706429922"/>
    <nd ref="3706429918"/>
    <nd ref="3706429912"/>
    <nd ref="3706429909"/>
    <nd ref="3706429907"/>
    <nd ref="3706429904"/>
    <tag k="highway" v="tertiary"/>
    <tag k="source" v="bing"/>
  </way>
  <way id="366654006">
    <nd ref="3706429281"/>
    <nd ref="3706429283"/>
    <nd ref="3706429284"/>
    <nd ref="3706429287"/>
    <nd ref="3706429291"/>
    <nd ref="3706429303"/>
    <nd ref="3706429312"/>
    <nd ref="3706429316"/>
    <tag k="highway" v="track"/>
    <tag k="source" v="bing"/>
  </way>
  <way id="366654007">
    <nd ref="2299992018"/>
    <nd ref="2299992058"/>
    <nd ref="2299992095"/>
    <nd ref="2299992123"/>
    <nd ref="2299992178"/>
    <nd ref="3706426994"/>
    <nd ref="3706426996"/>
    <nd ref="2299992209"/>
    <tag k="highway" v="living_street"/>
    <tag k="source" v="bing"/>
  </way>
  <way id="366654008">
    <nd ref="3706424483"/>
    <nd ref="3706424485"/>
    <nd ref="3706424500"/>
    <nd ref="3706424505"/>
    <nd ref="3706424504"/>
    <nd ref="3706424498"/>
    <nd ref="3706424488"/>
    <nd ref="3706424479"/>
    <nd ref="3706424465"/>
    <nd ref="3706424425"/>
    <nd ref="3706424303"/>
    <nd ref="3706424293"/>
    <nd ref="3706424296"/>
    <nd ref="3706424307"/>
    <nd ref="3706424318"/>
    <nd ref="3706424486"/>
    <nd ref="3706424763"/>
    <nd ref="3706424795"/>
    <nd ref="3706424925"/>
    <nd ref="3706424947"/>
    <nd ref="3706424952"/>
    <nd ref="3706424951"/>
    <nd ref="3706424942"/>
    <nd ref="3706424929"/>
    <nd ref="3706424815"/>
    <nd ref="3706424782"/>
    <nd ref="3706424754"/>
    <nd ref="3706424523"/>
    <nd ref="3706424506"/>
    <nd ref="3706424492"/>
    <nd ref="3706424469"/>
    <nd ref="3706424426"/>
    <nd ref="3706424280"/>
    <nd ref="3706424245"/>
    <nd ref="3706418895"/>
    <nd ref="3706418880"/>
    <nd ref="3706418878"/>
    <nd ref="3706418883"/>
    <nd ref="3706418906"/>
    <nd ref="3706423926"/>
    <nd ref="3706421880"/>
    <nd ref="3706421895"/>
    <nd ref="3706421916"/>
    <nd ref="3706424240"/>
    <nd ref="3706424269"/>
    <nd ref="3706424317"/>
    <nd ref="3706424440"/>
    <nd ref="3706424462"/>
    <nd ref="3706424497"/>
    <nd ref="3706424517"/>
    <nd ref="3706424791"/>
    <nd ref="3706424808"/>
    <nd ref="3706424928"/>
    <nd ref="3706424943"/>
    <nd ref="3706424960"/>
    <nd ref="3706424979"/>
    <nd ref="3706425003"/>
    <nd ref="3706425014"/>
    <nd ref="3706425023"/>
    <nd ref="3706425230"/>
    <nd ref="3706425242"/>
    <nd ref="3706425250"/>
    <nd ref="3706425273"/>
    <nd ref="3706425277"/>
    <nd ref="3706425264"/>
    <nd ref="3706425257"/>
    <nd ref="3706425256"/>
    <nd ref="3706425258"/>
    <nd ref="3706425261"/>
    <nd ref="3706425271"/>
    <nd ref="3706425270"/>
    <nd ref="3706425263"/>
    <nd ref="3706425254"/>
    <nd ref="3706425241"/>
    <nd ref="3706425016"/>
    <nd ref="3706424986"/>
    <nd ref="3706424944"/>
    <nd ref="3706424941"/>
    <nd ref="3706424940"/>
    <nd ref="3706424948"/>
    <nd ref="3706424956"/>
    <tag k="highway" v="tertiary"/>
    <tag k="source" v="bing"/>
  </way>
  <way id="366654012">
    <nd ref="3706429278"/>
    <nd ref="3706429280"/>
    <nd ref="3706429281"/>
    <nd ref="3706429282"/>
    <nd ref="3706429286"/>
    <nd ref="3706429290"/>
    <nd ref="3706429292"/>
    <nd ref="3706429293"/>
    <nd ref="3706429302"/>
    <tag k="highway" v="track"/>
    <tag k="source" v="bing"/>
  </way>
  <way id="366654017">
    <nd ref="3706429245"/>
    <nd ref="3706429244"/>
    <nd ref="3706429242"/>
    <nd ref="3706429241"/>
    <nd ref="3706429240"/>
    <nd ref="3706429239"/>
    <nd ref="3706429237"/>
    <nd ref="3706429236"/>
    <nd ref="3706429235"/>
    <tag k="highway" v="track"/>
    <tag k="source" v="bing"/>
  </way>
  <way id="446964980">
    <nd ref="4462310494"/>
    <nd ref="4441746817"/>
    <nd ref="4441746818"/>
    <nd ref="4441746819"/>
    <nd ref="4441746820"/>
    <nd ref="4441746821"/>
    <nd ref="4441746822"/>
    <nd ref="4441746823"/>
    <nd ref="4441746824"/>
    <nd ref="4441746825"/>
    <nd ref="4441746826"/>
    <nd ref="4441746827"/>
    <nd ref="4441746828"/>
    <tag k="highway" v="residential"/>
  </way>
  <way id="446965411">
    <nd ref="4441746823"/>
    <nd ref="4441749532"/>
    <nd ref="4441749533"/>
    <nd ref="4441749534"/>
    <nd ref="4441749535"/>
    <nd ref="4441749536"/>
    <nd ref="4441749537"/>
    <nd ref="4441749538"/>
    <nd ref="4441749539"/>
    <nd ref="4441749540"/>
    <nd ref="4441749541"/>
    <nd ref="4441749542"/>
    <tag k="highway" v="residential"/>
  </way>
  <way id="446965412">
    <nd ref="4441749543"/>
    <nd ref="4441749544"/>
    <nd ref="4441749545"/>
    <nd ref="4441749546"/>
    <nd ref="4441749547"/>
    <nd ref="4441749548"/>
    <nd ref="4441749549"/>
    <nd ref="4441749550"/>
    <nd ref="4441749551"/>
    <nd ref="4441749552"/>
    <nd ref="4441749553"/>
    <nd ref="4441749554"/>
    <nd ref="4441749542"/>
    <nd ref="4441749555"/>
    <nd ref="4441749556"/>
    <nd ref="4441749557"/>
    <nd ref="4441749558"/>
    <tag k="highway" v="residential"/>
  </way>
  <way id="446966276">
    <nd ref="4441746821"/>
    <nd ref="4441758617"/>
    <nd ref="4441758618"/>
    <nd ref="4441758619"/>
    <nd ref="4441758622"/>
    <nd ref="4441758620"/>
    <nd ref="4441758621"/>
    <tag k="highway" v="residential"/>
  </way>
  <way id="446966277">
    <nd ref="4441758622"/>
    <nd ref="4441758623"/>
    <nd ref="4441758624"/>
    <nd ref="4441758625"/>
    <nd ref="4441758626"/>
    <nd ref="4441758627"/>
    <tag k="highway" v="residential"/>
  </way>
  <way id="446966278">
    <nd ref="4441758621"/>
    <nd ref="4441758628"/>
    <nd ref="4441758629"/>
    <nd ref="4441758630"/>
    <nd ref="4441758631"/>
    <nd ref="4441758632"/>
    <tag k="highway" v="residential"/>
  </way>
  <way id="446966279">
    <nd ref="1889560827"/>
    <nd ref="4441758633"/>
    <nd ref="4441758634"/>
    <nd ref="4441758635"/>
    <nd ref="4441758636"/>
    <tag k="highway" v="residential"/>
  </way>
  <way id="446966280">
    <nd ref="4441758637"/>
    <nd ref="4441758638"/>
    <nd ref="4441758639"/>
    <nd ref="4441758640"/>
    <nd ref="4441758641"/>
    <nd ref="4441758642"/>
    <nd ref="4441758643"/>
    <nd ref="4441758644"/>
    <nd ref="4441758645"/>
    <nd ref="4441758646"/>
    <nd ref="4441758647"/>
    <nd ref="4441758648"/>
    <nd ref="4441758649"/>
    <nd ref="4441758650"/>
    <tag k="highway" v="residential"/>
  </way>
  <way id="446966281">
    <nd ref="4441758651"/>
    <nd ref="4441758652"/>
    <nd ref="4441758653"/>
    <nd ref="4441758654"/>
    <nd ref="4441758655"/>
    <nd ref="4441758656"/>
    <nd ref="972229715"/>
    <nd ref="4441758657"/>
    <nd ref="4441758658"/>
    <nd ref="4441758659"/>
    <tag k="highway" v="residential"/>
  </way>
  <way id="446966949">
    <nd ref="4441763471"/>
    <nd ref="4441763472"/>
    <nd ref="4441763473"/>
    <nd ref="4441763474"/>
    <nd ref="4441763475"/>
    <nd ref="4441763476"/>
    <nd ref="4441763477"/>
    <nd ref="4441763478"/>
    <nd ref="4441763479"/>
    <nd ref="4441763480"/>
    <nd ref="4441763481"/>
    <nd ref="4441763482"/>
    <nd ref="4441763483"/>
    <nd ref="4441763484"/>
    <nd ref="4441763485"/>
    <nd ref="4441763486"/>
    <nd ref="4441763487"/>
    <nd ref="4441763488"/>
    <nd ref="4441763689"/>
    <nd ref="4441763690"/>
    <nd ref="4441763691"/>
    <nd ref="4441763701"/>
    <nd ref="4441763692"/>
    <nd ref="4441763693"/>
    <tag k="highway" v="residential"/>
  </way>
  <way id="446966950">
    <nd ref="4441763694"/>
    <nd ref="4441763695"/>
    <nd ref="4441763696"/>
    <nd ref="4441763697"/>
    <nd ref="4441763698"/>
    <nd ref="4441763699"/>
    <nd ref="4441763700"/>
    <nd ref="4441763702"/>
    <nd ref="4441763701"/>
    <tag k="highway" v="residential"/>
  </way>
  <way id="446966951">
    <nd ref="4441763702"/>
    <nd ref="4441763703"/>
    <nd ref="4441763704"/>
    <nd ref="4441763705"/>
    <nd ref="4441763706"/>
    <nd ref="4441763707"/>
    <nd ref="4441763708"/>
    <nd ref="4441763709"/>
    <nd ref="4441763710"/>
    <nd ref="4441763711"/>
    <nd ref="4441763712"/>
    <nd ref="4441763713"/>
    <nd ref="4441763714"/>
    <nd ref="4441763715"/>
    <nd ref="4441763716"/>
    <nd ref="4441763717"/>
    <nd ref="4441763718"/>
    <nd ref="4441763719"/>
    <nd ref="4441763720"/>
    <nd ref="4441763721"/>
    <nd ref="4441763722"/>
    <tag k="highway" v="residential"/>
  </way>
  <way id="446966952">
    <nd ref="4441763723"/>
    <nd ref="4441763724"/>
    <nd ref="4441763725"/>
    <nd ref="4441763726"/>
    <nd ref="4441763727"/>
    <nd ref="4441763728"/>
    <nd ref="4441763729"/>
    <nd ref="4441763730"/>
    <nd ref="4441763731"/>
    <tag k="highway" v="residential"/>
  </way>
  <way id="446967162">
    <nd ref="4441763722"/>
    <nd ref="4441765371"/>
    <nd ref="4441765372"/>
    <nd ref="4441765373"/>
    <nd ref="4441765374"/>
    <nd ref="4441763727"/>
    <tag k="highway" v="residential"/>
  </way>
  <way id="446967163">
    <nd ref="4441765375"/>
    <nd ref="4441765376"/>
    <nd ref="4441765377"/>
    <nd ref="4441765378"/>
    <nd ref="4441765379"/>
    <nd ref="3706085046"/>
    <tag k="highway" v="residential"/>
  </way>
  <way id="446967164">
    <nd ref="4441763710"/>
    <nd ref="4441765380"/>
    <nd ref="4441765381"/>
    <nd ref="4441765382"/>
    <nd ref="4441765383"/>
    <nd ref="4441765384"/>
    <nd ref="4441765385"/>
    <nd ref="4441765386"/>
    <nd ref="4441765387"/>
    <nd ref="4441765388"/>
    <nd ref="4441765689"/>
    <tag k="highway" v="residential"/>
  </way>
  <way id="446969603">
    <nd ref="4441758641"/>
    <nd ref="4441785165"/>
    <nd ref="4441785166"/>
    <nd ref="4441785167"/>
    <nd ref="4441785168"/>
    <nd ref="4441785169"/>
    <nd ref="4441785170"/>
    <nd ref="4441785171"/>
    <nd ref="4441785172"/>
    <nd ref="4441785173"/>
    <nd ref="4441785174"/>
    <nd ref="8780767507"/>
    <nd ref="8780767508"/>
    <nd ref="8780767509"/>
    <nd ref="4441758636"/>
    <tag k="highway" v="residential"/>
  </way>
  <way id="446969605">
    <nd ref="972229417"/>
    <nd ref="4441785175"/>
    <nd ref="4441785176"/>
    <nd ref="4441785177"/>
    <nd ref="4441785178"/>
    <nd ref="4441785179"/>
    <nd ref="4441786694"/>
    <nd ref="4441785180"/>
    <nd ref="4441785181"/>
    <nd ref="4441785182"/>
    <nd ref="4441785183"/>
    <tag k="highway" v="residential"/>
  </way>
  <way id="446969607">
    <nd ref="4441785182"/>
    <nd ref="4441785184"/>
    <nd ref="4441785185"/>
    <nd ref="4441785186"/>
    <nd ref="4441785187"/>
    <nd ref="4441785188"/>
    <nd ref="4441786689"/>
    <nd ref="4441786690"/>
    <nd ref="4441786691"/>
    <nd ref="4441786692"/>
    <nd ref="4441786693"/>
    <nd ref="972230894"/>
    <tag k="highway" v="residential"/>
  </way>
  <way id="446969610">
    <nd ref="4441786694"/>
    <nd ref="4441786695"/>
    <nd ref="4441786696"/>
    <nd ref="4441844508"/>
    <nd ref="4441786697"/>
    <nd ref="4441786698"/>
    <nd ref="4441786699"/>
    <nd ref="4441786700"/>
    <nd ref="4441786701"/>
    <nd ref="4441786702"/>
    <nd ref="4441786703"/>
    <nd ref="4441786704"/>
    <nd ref="4441786705"/>
    <nd ref="4441786706"/>
    <nd ref="4441786707"/>
    <nd ref="4441786708"/>
    <nd ref="4441786709"/>
    <nd ref="4441786710"/>
    <nd ref="4441786711"/>
    <nd ref="4441786712"/>
    <nd ref="4441786753"/>
    <nd ref="4441786713"/>
    <nd ref="4441786714"/>
    <nd ref="4441786715"/>
    <nd ref="4441786716"/>
    <nd ref="4441786717"/>
    <nd ref="4441786718"/>
    <nd ref="4441786719"/>
    <nd ref="4441786720"/>
    <nd ref="4441786721"/>
    <nd ref="4441786722"/>
    <nd ref="4441786723"/>
    <nd ref="4441786724"/>
    <nd ref="4441786725"/>
    <tag k="highway" v="residential"/>
  </way>
  <way id="446969613">
    <nd ref="4441786724"/>
    <nd ref="4441786726"/>
    <nd ref="4441786727"/>
    <nd ref="4441786728"/>
    <nd ref="4441786729"/>
    <nd ref="4441786730"/>
    <nd ref="4441786731"/>
    <nd ref="4441786732"/>
    <nd ref="4441786733"/>
    <nd ref="4441786734"/>
    <nd ref="4441786735"/>
    <nd ref="4441786736"/>
    <nd ref="4441786737"/>
    <nd ref="4441786738"/>
    <nd ref="4441786739"/>
    <nd ref="4441786740"/>
    <nd ref="4441786741"/>
    <nd ref="4441786742"/>
    <nd ref="4441786743"/>
    <nd ref="4441786744"/>
    <nd ref="4441786745"/>
    <nd ref="4441786746"/>
    <nd ref="4441786747"/>
    <nd ref="4441786748"/>
    <nd ref="4441786749"/>
    <nd ref="4441786750"/>
    <nd ref="4441786751"/>
    <nd ref="4441786752"/>
    <nd ref="4441786753"/>
    <tag k="highway" v="residential"/>
  </way>
  <way id="446970506">
    <nd ref="4441795767"/>
    <nd ref="4441795768"/>
    <nd ref="4441795769"/>
    <nd ref="4441795770"/>
    <nd ref="4441795771"/>
    <nd ref="4441795772"/>
    <nd ref="4441795773"/>
    <nd ref="4441795774"/>
    <nd ref="4441795775"/>
    <nd ref="4441795776"/>
    <nd ref="4441795777"/>
    <nd ref="4441795778"/>
    <nd ref="4441795788"/>
    <nd ref="4441795779"/>
    <nd ref="4441795780"/>
    <nd ref="4441795781"/>
    <nd ref="4441795782"/>
    <nd ref="4441795783"/>
    <nd ref="4441795784"/>
    <nd ref="4441795785"/>
    <nd ref="4441795786"/>
    <nd ref="4441795787"/>
    <tag k="highway" v="residential"/>
  </way>
  <way id="446970509">
    <nd ref="4441795788"/>
    <nd ref="4441795889"/>
    <nd ref="4441795890"/>
    <nd ref="4441795891"/>
    <nd ref="4441795892"/>
    <nd ref="4441795893"/>
    <nd ref="4441795894"/>
    <nd ref="4441795895"/>
    <nd ref="4441795896"/>
    <tag k="highway" v="residential"/>
  </way>
  <way id="446970511">
    <nd ref="4441795897"/>
    <nd ref="4441795898"/>
    <nd ref="4441795899"/>
    <nd ref="4441795900"/>
    <nd ref="4441795896"/>
    <nd ref="4441795901"/>
    <nd ref="4441795902"/>
    <nd ref="4441795903"/>
    <nd ref="4441795904"/>
    <nd ref="4441795905"/>
    <nd ref="4441795906"/>
    <nd ref="4441795907"/>
    <nd ref="4441795908"/>
    <nd ref="4441795909"/>
    <nd ref="4441795910"/>
    <nd ref="4441795911"/>
    <nd ref="4441795912"/>
    <nd ref="4441795913"/>
    <nd ref="4441795914"/>
    <nd ref="4441795915"/>
    <nd ref="4441795916"/>
    <nd ref="4441795917"/>
    <nd ref="3706084920"/>
    <tag k="highway" v="residential"/>
  </way>
  <way id="446970514">
    <nd ref="4441795918"/>
    <nd ref="4441795919"/>
    <nd ref="4441795920"/>
    <nd ref="4441795921"/>
    <nd ref="4441795922"/>
    <nd ref="4441795923"/>
    <nd ref="4441795924"/>
    <nd ref="4441795925"/>
    <nd ref="4441795926"/>
    <nd ref="4441795927"/>
    <nd ref="4441795928"/>
    <nd ref="4441795929"/>
    <nd ref="4441795930"/>
    <nd ref="4441795931"/>
    <nd ref="4441795932"/>
    <nd ref="4441795933"/>
    <nd ref="4441795934"/>
    <nd ref="4441795935"/>
    <nd ref="4441795936"/>
    <nd ref="4441795937"/>
    <nd ref="4441803081"/>
    <nd ref="4441795938"/>
    <nd ref="4441795939"/>
    <nd ref="4441795940"/>
    <nd ref="8780767510"/>
    <nd ref="4441795941"/>
    <nd ref="4441795942"/>
    <nd ref="4441795943"/>
    <nd ref="4441795944"/>
    <nd ref="4441795945"/>
    <nd ref="4441795946"/>
    <nd ref="4441795947"/>
    <nd ref="4441795948"/>
    <nd ref="4441795949"/>
    <nd ref="4441795950"/>
    <nd ref="4441795951"/>
    <tag k="highway" v="residential"/>
  </way>
  <way id="446971245">
    <nd ref="3706084920"/>
    <nd ref="4441801196"/>
    <nd ref="4441801197"/>
    <nd ref="4441801198"/>
    <nd ref="4441801199"/>
    <nd ref="4441801200"/>
    <nd ref="4441795928"/>
    <tag k="highway" v="residential"/>
  </way>
  <way id="446971246">
    <nd ref="4441801198"/>
    <nd ref="4441801201"/>
    <nd ref="4441801202"/>
    <nd ref="4441801203"/>
    <nd ref="4441801204"/>
    <nd ref="4441801205"/>
    <nd ref="4441801206"/>
    <nd ref="4441801207"/>
    <nd ref="4441801208"/>
    <nd ref="4441801209"/>
    <nd ref="4441801210"/>
    <nd ref="4441801211"/>
    <tag k="highway" v="residential"/>
  </way>
  <way id="446971247">
    <nd ref="3706084908"/>
    <nd ref="4441801212"/>
    <nd ref="4441801213"/>
    <nd ref="4441801214"/>
    <nd ref="4441801215"/>
    <nd ref="4441801216"/>
    <nd ref="4441801217"/>
    <nd ref="4441801218"/>
    <nd ref="4441801219"/>
    <nd ref="4441801220"/>
    <nd ref="4441801221"/>
    <nd ref="4441801222"/>
    <nd ref="4441801236"/>
    <nd ref="4441801223"/>
    <nd ref="4441801224"/>
    <nd ref="4441801225"/>
    <nd ref="4441801226"/>
    <tag k="highway" v="residential"/>
  </way>
  <way id="446971248">
    <nd ref="4441801227"/>
    <nd ref="4441801228"/>
    <nd ref="4441801229"/>
    <nd ref="4441801230"/>
    <nd ref="4441801220"/>
    <tag k="highway" v="residential"/>
  </way>
  <way id="446971249">
    <nd ref="4441801231"/>
    <nd ref="4441801232"/>
    <nd ref="4441801233"/>
    <nd ref="4441801234"/>
    <nd ref="4441801235"/>
    <nd ref="4441801236"/>
    <tag k="highway" v="residential"/>
  </way>
  <way id="446971250">
    <nd ref="3706084910"/>
    <nd ref="4441801237"/>
    <nd ref="4441801238"/>
    <nd ref="4441801239"/>
    <nd ref="4441801240"/>
    <nd ref="4441801241"/>
    <nd ref="4441801242"/>
    <nd ref="4441801243"/>
    <nd ref="4441801244"/>
    <nd ref="4441801245"/>
    <nd ref="4441801246"/>
    <nd ref="4441801247"/>
    <nd ref="4441801248"/>
    <tag k="highway" v="residential"/>
  </way>
  <way id="446971509">
    <nd ref="4441801197"/>
    <nd ref="4441803397"/>
    <nd ref="4441803398"/>
    <nd ref="4441803399"/>
    <nd ref="4441803400"/>
    <nd ref="4441803401"/>
    <nd ref="4441803402"/>
    <nd ref="4441803403"/>
    <nd ref="4441803404"/>
    <nd ref="4441803405"/>
    <nd ref="4441803406"/>
    <nd ref="4441803407"/>
    <nd ref="4441803408"/>
    <nd ref="4441803409"/>
    <nd ref="4441803410"/>
    <nd ref="4441803411"/>
    <nd ref="4441803412"/>
    <nd ref="4441803413"/>
    <nd ref="4441803414"/>
    <nd ref="4441803415"/>
    <nd ref="4441803416"/>
    <nd ref="4441801248"/>
    <nd ref="4441803417"/>
    <tag k="highway" v="residential"/>
  </way>
  <way id="446971510">
    <nd ref="4441803417"/>
    <nd ref="4441803418"/>
    <nd ref="4441803419"/>
    <nd ref="4441803420"/>
    <nd ref="4441803421"/>
    <nd ref="4441803422"/>
    <nd ref="4441803423"/>
    <nd ref="4441803424"/>
    <nd ref="4441803425"/>
    <nd ref="4441803426"/>
    <nd ref="4441803427"/>
    <nd ref="4441803428"/>
    <nd ref="4441803429"/>
    <nd ref="4441803430"/>
    <nd ref="4441803431"/>
    <nd ref="4441803432"/>
    <nd ref="4441803433"/>
    <nd ref="4441803434"/>
    <nd ref="4441803435"/>
    <nd ref="4441803436"/>
    <nd ref="4441803437"/>
    <nd ref="4441803438"/>
    <tag k="highway" v="residential"/>
  </way>
  <way id="446971603">
    <nd ref="4441803438"/>
    <nd ref="4441803069"/>
    <nd ref="8780767514"/>
    <nd ref="4441803070"/>
    <nd ref="4441803071"/>
    <nd ref="4441803072"/>
    <nd ref="4441803073"/>
    <nd ref="4441803074"/>
    <nd ref="4441803075"/>
    <nd ref="4441803076"/>
    <nd ref="4441803077"/>
    <nd ref="4441803078"/>
    <nd ref="4441803079"/>
    <nd ref="4441803080"/>
    <nd ref="4441803081"/>
    <tag k="highway" v="residential"/>
  </way>
  <way id="446971606">
    <nd ref="4441803075"/>
    <nd ref="4441803082"/>
    <nd ref="4441803083"/>
    <nd ref="4441803084"/>
    <nd ref="4441803085"/>
    <nd ref="4441803086"/>
    <nd ref="4441803087"/>
    <nd ref="4441803088"/>
    <nd ref="4441804489"/>
    <nd ref="4441804490"/>
    <nd ref="4441804491"/>
    <nd ref="4441804492"/>
    <nd ref="4441804493"/>
    <nd ref="4441804494"/>
    <nd ref="4441804495"/>
    <nd ref="4441804496"/>
    <nd ref="4441804497"/>
    <nd ref="4441804498"/>
    <nd ref="4441803427"/>
    <tag k="highway" v="residential"/>
  </way>
  <way id="446972736">
    <nd ref="4441801241"/>
    <nd ref="4441813267"/>
    <nd ref="4441813268"/>
    <nd ref="4441813269"/>
    <nd ref="4441813270"/>
    <nd ref="4441813271"/>
    <nd ref="4441813272"/>
    <nd ref="4441813273"/>
    <nd ref="4441813274"/>
    <tag k="highway" v="residential"/>
  </way>
  <way id="446972737">
    <nd ref="3706085047"/>
    <nd ref="4441813275"/>
    <nd ref="4441813276"/>
    <nd ref="4441813277"/>
    <nd ref="4441813278"/>
    <nd ref="4441813279"/>
    <nd ref="4441813280"/>
    <nd ref="4441813281"/>
    <nd ref="4441813282"/>
    <nd ref="4441813283"/>
    <nd ref="4441813284"/>
    <nd ref="4441813285"/>
    <nd ref="4441813286"/>
    <nd ref="4441813287"/>
    <nd ref="4441813288"/>
    <nd ref="4441813289"/>
    <nd ref="4441813290"/>
    <tag k="highway" v="residential"/>
  </way>
  <way id="446972738">
    <nd ref="4441813292"/>
    <nd ref="4441813293"/>
    <nd ref="4441813294"/>
    <nd ref="4441813295"/>
    <nd ref="4441813296"/>
    <nd ref="4441813297"/>
    <nd ref="4441813290"/>
    <nd ref="4441813298"/>
    <nd ref="4441813299"/>
    <nd ref="4441813300"/>
    <nd ref="4441813301"/>
    <nd ref="4441813302"/>
    <nd ref="4441813303"/>
    <nd ref="4441813304"/>
    <nd ref="4441813305"/>
    <nd ref="4441813306"/>
    <nd ref="4441813307"/>
    <nd ref="4441813308"/>
    <nd ref="4441813309"/>
    <nd ref="4441813310"/>
    <nd ref="4441813311"/>
    <nd ref="4441813312"/>
    <nd ref="4441813313"/>
    <nd ref="4441813314"/>
    <nd ref="4441813315"/>
    <nd ref="4441813316"/>
    <nd ref="4441813317"/>
    <nd ref="4441813318"/>
    <nd ref="4441813319"/>
    <nd ref="4441813320"/>
    <nd ref="4441813321"/>
    <nd ref="4441813322"/>
    <nd ref="4441813323"/>
    <nd ref="4441813324"/>
    <tag k="highway" v="residential"/>
  </way>
  <way id="446972960">
    <nd ref="3706084892"/>
    <nd ref="4441812606"/>
    <nd ref="4441812607"/>
    <nd ref="4441812608"/>
    <nd ref="4441812609"/>
    <nd ref="4441812610"/>
    <nd ref="4441812611"/>
    <nd ref="4441812612"/>
    <nd ref="4441812613"/>
    <nd ref="4441812614"/>
    <nd ref="4441812615"/>
    <tag k="highway" v="residential"/>
  </way>
  <way id="446972961">
    <nd ref="4441813292"/>
    <nd ref="4441812616"/>
    <nd ref="4441812617"/>
    <nd ref="4441812618"/>
    <nd ref="4441812619"/>
    <nd ref="4441812614"/>
    <tag k="highway" v="residential"/>
  </way>
  <way id="446972962">
    <nd ref="972231286"/>
    <nd ref="4441812620"/>
    <nd ref="4441812621"/>
    <nd ref="4441812622"/>
    <nd ref="4441812623"/>
    <nd ref="4441812624"/>
    <nd ref="4441812625"/>
    <nd ref="4441812626"/>
    <nd ref="4441812627"/>
    <nd ref="4441812628"/>
    <nd ref="4441812629"/>
    <nd ref="4441812630"/>
    <nd ref="4441812631"/>
    <nd ref="4441812632"/>
    <nd ref="4441812633"/>
    <nd ref="3706084923"/>
    <tag k="highway" v="residential"/>
  </way>
  <way id="446973408">
    <nd ref="4441812624"/>
    <nd ref="4441819695"/>
    <nd ref="4441819696"/>
    <nd ref="4441819697"/>
    <nd ref="4441819698"/>
    <nd ref="4441819699"/>
    <nd ref="4441819700"/>
    <nd ref="4441819701"/>
    <nd ref="4441819702"/>
    <tag k="highway" v="residential"/>
  </way>
  <way id="446973409">
    <nd ref="4441819703"/>
    <nd ref="4441819704"/>
    <nd ref="4441819705"/>
    <nd ref="4441819702"/>
    <tag k="highway" v="residential"/>
  </way>
  <way id="446973410">
    <nd ref="4441819707"/>
    <nd ref="4441819708"/>
    <nd ref="4441819714"/>
    <nd ref="4441819709"/>
    <nd ref="4441819710"/>
    <nd ref="4441819711"/>
    <nd ref="4441819712"/>
    <nd ref="4441819713"/>
    <nd ref="3706084914"/>
    <tag k="highway" v="residential"/>
  </way>
  <way id="446973411">
    <nd ref="4441819714"/>
    <nd ref="4441819715"/>
    <nd ref="4441819716"/>
    <nd ref="4441819717"/>
    <nd ref="4441819718"/>
    <nd ref="4441819719"/>
    <nd ref="4441819720"/>
    <nd ref="4441819721"/>
    <nd ref="4441819722"/>
    <nd ref="4441819723"/>
    <nd ref="4441819724"/>
    <tag k="highway" v="residential"/>
  </way>
  <way id="446973737">
    <nd ref="4441822954"/>
    <nd ref="4441822955"/>
    <nd ref="4441822956"/>
    <nd ref="4441822957"/>
    <nd ref="4441822958"/>
    <nd ref="4441822959"/>
    <nd ref="4441822960"/>
    <nd ref="4441822961"/>
    <nd ref="4441822962"/>
    <tag k="highway" v="residential"/>
  </way>
  <way id="446973738">
    <nd ref="4441822963"/>
    <nd ref="4441822964"/>
    <nd ref="4441822965"/>
    <nd ref="4441763717"/>
    <tag k="highway" v="residential"/>
  </way>
  <way id="446973739">
    <nd ref="4441822966"/>
    <nd ref="4441822967"/>
    <nd ref="4441822968"/>
    <nd ref="4441822969"/>
    <nd ref="4441763717"/>
    <tag k="highway" v="residential"/>
  </way>
  <way id="446973846">
    <nd ref="4441823372"/>
    <nd ref="4441823373"/>
    <nd ref="4441823374"/>
    <nd ref="4441823375"/>
    <nd ref="4441823376"/>
    <nd ref="4441823377"/>
    <nd ref="4441823378"/>
    <nd ref="4441823379"/>
    <nd ref="4441823380"/>
    <nd ref="4441823381"/>
    <nd ref="4441823382"/>
    <nd ref="3706074402"/>
    <tag k="highway" v="residential"/>
  </way>
  <way id="446974572">
    <nd ref="3706074416"/>
    <nd ref="4441827990"/>
    <nd ref="4441827991"/>
    <nd ref="4441827992"/>
    <nd ref="4441827993"/>
    <nd ref="4441827994"/>
    <nd ref="4441827995"/>
    <nd ref="4441827996"/>
    <nd ref="4441823377"/>
    <tag k="highway" v="residential"/>
  </way>
  <way id="446974573">
    <nd ref="4441827997"/>
    <nd ref="4441828000"/>
    <nd ref="4441830434"/>
    <nd ref="4441828001"/>
    <nd ref="4441828003"/>
    <nd ref="4441828004"/>
    <nd ref="4441828005"/>
    <nd ref="4441828006"/>
    <nd ref="4441828007"/>
    <nd ref="4441828008"/>
    <nd ref="4441828009"/>
    <nd ref="4441828010"/>
    <nd ref="4441828011"/>
    <nd ref="4441828012"/>
    <nd ref="4441828013"/>
    <nd ref="4441828014"/>
    <nd ref="4441828015"/>
    <nd ref="4441828016"/>
    <nd ref="3706074395"/>
    <tag k="highway" v="residential"/>
  </way>
  <way id="446974574">
    <nd ref="4441828003"/>
    <nd ref="4441828018"/>
    <nd ref="4441828019"/>
    <nd ref="4441828020"/>
    <nd ref="4441828021"/>
    <nd ref="4441828022"/>
    <nd ref="4441828023"/>
    <nd ref="4441828024"/>
    <nd ref="4441828025"/>
    <nd ref="4441828026"/>
    <nd ref="4441828027"/>
    <nd ref="4441828028"/>
    <nd ref="4441828038"/>
    <nd ref="4441828029"/>
    <nd ref="4441828030"/>
    <nd ref="4441828031"/>
    <nd ref="4441828032"/>
    <nd ref="4441828033"/>
    <nd ref="4441828034"/>
    <tag k="highway" v="residential"/>
  </way>
  <way id="446974575">
    <nd ref="4462505189"/>
    <nd ref="4441828035"/>
    <nd ref="4441828036"/>
    <nd ref="4441828037"/>
    <nd ref="4441828038"/>
    <tag k="highway" v="residential"/>
  </way>
  <way id="446974951">
    <nd ref="4441830434"/>
    <nd ref="4441830436"/>
    <nd ref="4441830437"/>
    <nd ref="4441830438"/>
    <nd ref="4441830439"/>
    <nd ref="4441830440"/>
    <nd ref="4441830441"/>
    <nd ref="4441830442"/>
    <nd ref="4441830443"/>
    <nd ref="4441830444"/>
    <nd ref="4441830445"/>
    <nd ref="4441830446"/>
    <nd ref="4441830447"/>
    <nd ref="4441830448"/>
    <nd ref="4441830449"/>
    <nd ref="4441823372"/>
    <tag k="highway" v="residential"/>
  </way>
  <way id="446974953">
    <nd ref="3706074398"/>
    <nd ref="4441830450"/>
    <nd ref="4441830451"/>
    <nd ref="4441830453"/>
    <nd ref="4441830454"/>
    <nd ref="4441830455"/>
    <nd ref="4441830456"/>
    <nd ref="4441830457"/>
    <nd ref="4441830458"/>
    <nd ref="4441830459"/>
    <nd ref="4441830460"/>
    <nd ref="4441830461"/>
    <nd ref="4441830462"/>
    <nd ref="4441830463"/>
    <nd ref="4441830464"/>
    <nd ref="4441830465"/>
    <nd ref="4441830466"/>
    <nd ref="4441830467"/>
    <nd ref="4441830468"/>
    <nd ref="4441830469"/>
    <nd ref="4441830470"/>
    <nd ref="4441830471"/>
    <nd ref="4441830472"/>
    <nd ref="4441830473"/>
    <nd ref="4441830474"/>
    <nd ref="4441830475"/>
    <nd ref="4441830476"/>
    <nd ref="4441830463"/>
    <tag k="highway" v="residential"/>
  </way>
  <way id="446975131">
    <nd ref="4441823380"/>
    <nd ref="4441831720"/>
    <nd ref="4441831721"/>
    <nd ref="4441831722"/>
    <nd ref="4441831723"/>
    <nd ref="4441831724"/>
    <nd ref="4441831725"/>
    <nd ref="4441831726"/>
    <nd ref="4441831727"/>
    <nd ref="4441831728"/>
    <nd ref="4441831729"/>
    <nd ref="4441831730"/>
    <nd ref="4441831731"/>
    <nd ref="4441831732"/>
    <nd ref="4441831733"/>
    <nd ref="4441831734"/>
    <nd ref="4441831735"/>
    <nd ref="4441831736"/>
    <nd ref="4441831737"/>
    <nd ref="4441831739"/>
    <nd ref="4441831741"/>
    <nd ref="4441830451"/>
    <tag k="highway" v="residential"/>
  </way>
  <way id="446976106">
    <nd ref="3706074402"/>
    <nd ref="4441836672"/>
    <nd ref="4441836673"/>
    <nd ref="4441836674"/>
    <nd ref="4441836675"/>
    <nd ref="4441836676"/>
    <nd ref="4441836677"/>
    <nd ref="4441836678"/>
    <nd ref="4441836679"/>
    <nd ref="4441836680"/>
    <nd ref="4441836681"/>
    <tag k="highway" v="residential"/>
  </way>
  <way id="446976107">
    <nd ref="4441836682"/>
    <nd ref="4441836683"/>
    <nd ref="4441836684"/>
    <nd ref="4441836685"/>
    <nd ref="4441836686"/>
    <nd ref="4441836687"/>
    <nd ref="4441836688"/>
    <nd ref="4441837889"/>
    <nd ref="4441836681"/>
    <nd ref="4441837890"/>
    <nd ref="4441837891"/>
    <nd ref="4441837892"/>
    <nd ref="4441837893"/>
    <nd ref="4441837894"/>
    <nd ref="4441837895"/>
    <nd ref="4441837896"/>
    <nd ref="4441837897"/>
    <nd ref="4441837898"/>
    <nd ref="4441837899"/>
    <nd ref="4441837900"/>
    <tag k="highway" v="residential"/>
  </way>
  <way id="446976108">
    <nd ref="4441837900"/>
    <nd ref="4441837902"/>
    <nd ref="4441837903"/>
    <nd ref="4441837904"/>
    <nd ref="4441837905"/>
    <nd ref="4441837906"/>
    <nd ref="4441837907"/>
    <nd ref="4441837908"/>
    <nd ref="4441837909"/>
    <nd ref="4441837910"/>
    <nd ref="4441837911"/>
    <nd ref="4441837912"/>
    <nd ref="4441837913"/>
    <nd ref="4441837914"/>
    <nd ref="4441837915"/>
    <nd ref="4441837916"/>
    <nd ref="4441837917"/>
    <nd ref="4441837918"/>
    <nd ref="4441837919"/>
    <tag k="highway" v="path"/>
  </way>
  <way id="446976608">
    <nd ref="4441837918"/>
    <nd ref="4441841497"/>
    <nd ref="4441841498"/>
    <nd ref="4441841499"/>
    <nd ref="4441841500"/>
    <nd ref="4441841501"/>
    <nd ref="4441841502"/>
    <nd ref="4441841503"/>
    <nd ref="4441841504"/>
    <nd ref="4441841505"/>
    <nd ref="4441841506"/>
    <nd ref="4441841507"/>
    <nd ref="4441841508"/>
    <nd ref="4441841509"/>
    <nd ref="4441841510"/>
    <nd ref="4441841511"/>
    <nd ref="4441841512"/>
    <nd ref="4441841513"/>
    <nd ref="4441841514"/>
    <nd ref="4441841515"/>
    <nd ref="4441841516"/>
    <nd ref="4441841517"/>
    <nd ref="4441841518"/>
    <nd ref="4441841519"/>
    <nd ref="4441841520"/>
    <nd ref="4441841521"/>
    <nd ref="4441841522"/>
    <nd ref="4441841523"/>
    <nd ref="4441841524"/>
    <nd ref="4441841525"/>
    <nd ref="4441841526"/>
    <nd ref="4441841527"/>
    <nd ref="4441841528"/>
    <tag k="highway" v="path"/>
  </way>
  <way id="446976609">
    <nd ref="4441841528"/>
    <nd ref="4441841529"/>
    <nd ref="4441841530"/>
    <nd ref="4441841531"/>
    <nd ref="4441841532"/>
    <nd ref="4441841533"/>
    <nd ref="4441841534"/>
    <nd ref="4441841535"/>
    <nd ref="4441841536"/>
    <nd ref="4441841537"/>
    <nd ref="4441841538"/>
    <nd ref="4441841539"/>
    <nd ref="4441841540"/>
    <nd ref="4441841541"/>
    <tag k="highway" v="path"/>
  </way>
  <way id="446977104">
    <nd ref="4441844013"/>
    <nd ref="4441844014"/>
    <nd ref="4441844015"/>
    <nd ref="4441844016"/>
    <nd ref="8780767353"/>
    <nd ref="4441844017"/>
    <nd ref="4441844018"/>
    <nd ref="4441844019"/>
    <nd ref="4441844020"/>
    <nd ref="4441844021"/>
    <nd ref="4441844022"/>
    <nd ref="4441844023"/>
    <nd ref="4441844024"/>
    <nd ref="4441844025"/>
    <nd ref="8118359853"/>
    <nd ref="4441844026"/>
    <nd ref="4441844027"/>
    <nd ref="4441844028"/>
    <nd ref="4441844029"/>
    <nd ref="4441844030"/>
    <nd ref="4441844031"/>
    <nd ref="4441844032"/>
    <nd ref="4441844033"/>
    <nd ref="4441844034"/>
    <nd ref="4441844035"/>
    <nd ref="4441844036"/>
    <nd ref="4441844037"/>
    <nd ref="4441844038"/>
    <nd ref="4441844039"/>
    <nd ref="4441844040"/>
    <nd ref="4441844041"/>
    <nd ref="4441844042"/>
    <nd ref="4441844043"/>
    <nd ref="4441844044"/>
    <nd ref="4441786737"/>
    <tag k="highway" v="path"/>
  </way>
  <way id="446977204">
    <nd ref="4441844508"/>
    <nd ref="4441844509"/>
    <nd ref="4441844510"/>
    <nd ref="4441844511"/>
    <nd ref="4441844512"/>
    <nd ref="1889560899"/>
    <tag k="highway" v="residential"/>
  </way>
  <way id="446977512">
    <nd ref="4441758651"/>
    <nd ref="4441845055"/>
    <nd ref="4441845056"/>
    <nd ref="4441845057"/>
    <nd ref="1889560868"/>
    <tag k="highway" v="residential"/>
  </way>
  <way id="446977831">
    <nd ref="4441847441"/>
    <nd ref="4441847442"/>
    <nd ref="4441847443"/>
    <nd ref="4441847444"/>
    <nd ref="4441847445"/>
    <nd ref="4441847446"/>
    <nd ref="8780767398"/>
    <nd ref="4441847447"/>
    <nd ref="4441847448"/>
    <nd ref="4441847449"/>
    <nd ref="4441847450"/>
    <nd ref="4441847451"/>
    <nd ref="4441847452"/>
    <nd ref="4441847453"/>
    <nd ref="4441847454"/>
    <nd ref="4441847455"/>
    <nd ref="4441847456"/>
    <nd ref="4441847457"/>
    <nd ref="4441847458"/>
    <nd ref="4441795788"/>
    <tag k="highway" v="residential"/>
  </way>
  <way id="446978119">
    <nd ref="4441836673"/>
    <nd ref="4441849861"/>
    <nd ref="4441849862"/>
    <nd ref="4441849863"/>
    <nd ref="4441849864"/>
    <nd ref="4441849865"/>
    <nd ref="4441849866"/>
    <tag k="highway" v="residential"/>
  </way>
  <way id="446978121">
    <nd ref="4441849867"/>
    <nd ref="4441849868"/>
    <nd ref="4441849869"/>
    <nd ref="4441849870"/>
    <nd ref="4441849866"/>
    <nd ref="4441849871"/>
    <nd ref="4441849872"/>
    <nd ref="4441849873"/>
    <nd ref="4441849874"/>
    <nd ref="4441849875"/>
    <nd ref="4441849876"/>
    <nd ref="4441849877"/>
    <nd ref="4441849878"/>
    <nd ref="4441849879"/>
    <nd ref="8780767361"/>
    <tag k="highway" v="residential"/>
  </way>
  <way id="446978476">
    <nd ref="4441852328"/>
    <nd ref="4441852329"/>
    <nd ref="4441852330"/>
    <nd ref="4441852331"/>
    <nd ref="4441852332"/>
    <nd ref="4441852333"/>
    <nd ref="4441852334"/>
    <nd ref="3706084906"/>
    <tag k="highway" v="residential"/>
  </way>
  <way id="446978477">
    <nd ref="3706084894"/>
    <nd ref="4441852335"/>
    <nd ref="4441852336"/>
    <nd ref="4441852333"/>
    <nd ref="4441852337"/>
    <nd ref="4441852338"/>
    <nd ref="4441852339"/>
    <nd ref="4441852340"/>
    <nd ref="8780767359"/>
    <nd ref="4441852341"/>
    <nd ref="4441852342"/>
    <nd ref="4441852343"/>
    <nd ref="4441852344"/>
    <nd ref="4441852345"/>
    <nd ref="4441852346"/>
    <nd ref="4441852347"/>
    <tag k="highway" v="residential"/>
  </way>
  <way id="446978923">
    <nd ref="4441854895"/>
    <nd ref="4441854896"/>
    <nd ref="4441854897"/>
    <nd ref="4441854898"/>
    <nd ref="4441854899"/>
    <nd ref="4441854900"/>
    <nd ref="4441854901"/>
    <nd ref="4441854902"/>
    <nd ref="4441854903"/>
    <nd ref="4441852347"/>
    <nd ref="4441854904"/>
    <nd ref="4441854905"/>
    <nd ref="4441854906"/>
    <nd ref="8780767354"/>
    <nd ref="13428971071"/>
    <nd ref="3706084906"/>
    <tag k="highway" v="residential"/>
  </way>
  <way id="446978926">
    <nd ref="4441854907"/>
    <nd ref="4441854908"/>
    <nd ref="4441854909"/>
    <nd ref="4441854910"/>
    <nd ref="4441854911"/>
    <nd ref="4441854912"/>
    <nd ref="4441854913"/>
    <tag k="highway" v="residential"/>
  </way>
  <way id="446978928">
    <nd ref="3706085153"/>
    <nd ref="4441854914"/>
    <nd ref="4441854915"/>
    <nd ref="4441854912"/>
    <tag k="highway" v="residential"/>
  </way>
  <way id="446978930">
    <nd ref="4441854897"/>
    <nd ref="4441854916"/>
    <nd ref="4441854917"/>
    <nd ref="4441854918"/>
    <nd ref="4441854919"/>
    <nd ref="4441854920"/>
    <nd ref="4441854921"/>
    <nd ref="4441854922"/>
    <nd ref="4441854923"/>
    <nd ref="4441854924"/>
    <nd ref="4441854925"/>
    <nd ref="4441854926"/>
    <nd ref="4441854927"/>
    <nd ref="4441854928"/>
    <tag k="highway" v="residential"/>
  </way>
  <way id="446978932">
    <nd ref="4441854922"/>
    <nd ref="4441854929"/>
    <nd ref="4441854930"/>
    <nd ref="4441854931"/>
    <nd ref="4441854932"/>
    <nd ref="4441854933"/>
    <nd ref="4441854934"/>
    <nd ref="4441854935"/>
    <nd ref="4441854936"/>
    <nd ref="4441854937"/>
    <nd ref="4441854938"/>
    <nd ref="4441854939"/>
    <nd ref="4441854940"/>
    <nd ref="4441854941"/>
    <tag k="highway" v="residential"/>
  </way>
  <way id="446979262">
    <nd ref="4441847785"/>
    <nd ref="4441847786"/>
    <nd ref="4441847787"/>
    <nd ref="4441847788"/>
    <nd ref="4441861689"/>
    <nd ref="4441861690"/>
    <nd ref="4441861696"/>
    <nd ref="8780767417"/>
    <nd ref="4441861691"/>
    <nd ref="4441861692"/>
    <nd ref="4441861693"/>
    <nd ref="4441861694"/>
    <nd ref="4441861695"/>
    <tag k="highway" v="residential"/>
  </way>
  <way id="446979263">
    <nd ref="4441861701"/>
    <nd ref="4441861702"/>
    <nd ref="4441861703"/>
    <nd ref="4441861704"/>
    <tag k="highway" v="path"/>
  </way>
  <way id="446979499">
    <nd ref="4441861695"/>
    <nd ref="4441865337"/>
    <nd ref="4441865338"/>
    <nd ref="4441865339"/>
    <nd ref="4441865340"/>
    <nd ref="4441865341"/>
    <nd ref="3706084922"/>
    <tag k="highway" v="residential"/>
  </way>
  <way id="446979500">
    <nd ref="3706085138"/>
    <nd ref="4441865344"/>
    <nd ref="4441865345"/>
    <nd ref="4441865346"/>
    <nd ref="4441865347"/>
    <nd ref="4441865348"/>
    <nd ref="4441865349"/>
    <nd ref="4441865350"/>
    <nd ref="4441865351"/>
    <nd ref="3706084881"/>
    <tag k="highway" v="residential"/>
  </way>
  <way id="446979642">
    <nd ref="4441865349"/>
    <nd ref="4441865855"/>
    <nd ref="4441865856"/>
    <nd ref="4441865868"/>
    <nd ref="4441865857"/>
    <nd ref="4441865858"/>
    <nd ref="4441865859"/>
    <nd ref="4441865860"/>
    <nd ref="4441865861"/>
    <nd ref="4441865862"/>
    <nd ref="4441865863"/>
    <tag k="highway" v="residential"/>
  </way>
  <way id="446979643">
    <nd ref="4441865864"/>
    <nd ref="4441865865"/>
    <nd ref="4441865866"/>
    <nd ref="4441865867"/>
    <nd ref="4441865868"/>
    <nd ref="4441865869"/>
    <nd ref="4441865870"/>
    <nd ref="4441865871"/>
    <nd ref="4441865872"/>
    <nd ref="4441865873"/>
    <nd ref="4441865874"/>
    <tag k="highway" v="residential"/>
  </way>
  <way id="446980476">
    <nd ref="4441871951"/>
    <nd ref="4441871952"/>
    <nd ref="4441871953"/>
    <nd ref="4441871954"/>
    <nd ref="4441871955"/>
    <nd ref="4441871956"/>
    <nd ref="4441871957"/>
    <nd ref="4441871958"/>
    <tag k="highway" v="residential"/>
  </way>
  <way id="446980477">
    <nd ref="3706074424"/>
    <nd ref="4441871959"/>
    <nd ref="4441871960"/>
    <nd ref="4441871961"/>
    <nd ref="4441871962"/>
    <nd ref="4441871963"/>
    <nd ref="4441871964"/>
    <nd ref="4441871965"/>
    <nd ref="4441871966"/>
    <nd ref="4441871967"/>
    <nd ref="4441871968"/>
    <nd ref="4441871969"/>
    <nd ref="4441871970"/>
    <nd ref="4441871971"/>
    <nd ref="4441871972"/>
    <nd ref="4441871973"/>
    <nd ref="1889560694"/>
    <tag k="highway" v="residential"/>
  </way>
  <way id="446982264">
    <nd ref="4441882382"/>
    <nd ref="4441882383"/>
    <nd ref="4441882384"/>
    <nd ref="4441882385"/>
    <nd ref="4441882386"/>
    <nd ref="4441882387"/>
    <nd ref="4441883289"/>
    <nd ref="4441883311"/>
    <nd ref="4441883290"/>
    <nd ref="4441883291"/>
    <tag k="highway" v="residential"/>
  </way>
  <way id="446982265">
    <nd ref="972228627"/>
    <nd ref="4441883298"/>
    <nd ref="4441883299"/>
    <nd ref="4441883300"/>
    <nd ref="4441883301"/>
    <nd ref="4441883302"/>
    <nd ref="4441883303"/>
    <nd ref="4441883304"/>
    <nd ref="4441883305"/>
    <nd ref="4441883306"/>
    <nd ref="4441883307"/>
    <nd ref="4441883308"/>
    <nd ref="4441883309"/>
    <nd ref="4441883310"/>
    <tag k="highway" v="residential"/>
  </way>
  <way id="446982267">
    <nd ref="4441883311"/>
    <nd ref="4441883312"/>
    <nd ref="4441883310"/>
    <nd ref="4441883313"/>
    <nd ref="4441883314"/>
    <tag k="highway" v="residential"/>
  </way>
  <way id="562874887">
    <nd ref="5425388951"/>
    <nd ref="5425388952"/>
    <nd ref="5425388953"/>
    <nd ref="5425388954"/>
    <nd ref="5425388955"/>
    <nd ref="7602578976"/>
    <tag k="highway" v="unclassified"/>
  </way>
  <way id="712217757">
    <nd ref="6696611846"/>
    <nd ref="6696611847"/>
    <nd ref="6696611848"/>
    <nd ref="6696611849"/>
    <nd ref="6696611850"/>
    <nd ref="6696611851"/>
    <nd ref="6696611852"/>
    <nd ref="6696611853"/>
    <nd ref="6696611854"/>
    <nd ref="6696611875"/>
    <nd ref="6696611876"/>
    <nd ref="6696611877"/>
    <nd ref="6696611878"/>
    <nd ref="6696611879"/>
    <nd ref="6696611880"/>
    <nd ref="6696611881"/>
    <nd ref="6696611882"/>
    <nd ref="6696611883"/>
    <nd ref="6696611884"/>
    <nd ref="6696632485"/>
    <nd ref="6696632486"/>
    <nd ref="6696632487"/>
    <nd ref="6696632488"/>
    <nd ref="6696632489"/>
    <nd ref="6696632490"/>
    <nd ref="6696632491"/>
    <nd ref="6696632492"/>
    <tag k="highway" v="track"/>
  </way>
  <way id="712217758">
    <nd ref="6696611842"/>
    <nd ref="8118359851"/>
    <nd ref="6696611843"/>
    <nd ref="6696638949"/>
    <nd ref="6696611845"/>
    <nd ref="6696611846"/>
    <tag k="highway" v="tertiary"/>
  </way>
  <way id="712217766">
    <nd ref="6696632585"/>
    <nd ref="6696632586"/>
    <nd ref="6696632587"/>
    <nd ref="6696632588"/>
    <nd ref="6696632589"/>
    <nd ref="6696632590"/>
    <nd ref="6696632591"/>
    <nd ref="6696632592"/>
    <nd ref="6696632593"/>
    <nd ref="6696632594"/>
    <nd ref="6696632595"/>
    <nd ref="6696632596"/>
    <nd ref="6696632597"/>
    <nd ref="6696632598"/>
    <nd ref="6696632599"/>
    <nd ref="6696632600"/>
    <nd ref="6696632601"/>
    <tag k="highway" v="service"/>
    <tag k="service" v="driveway"/>
    <tag k="surface" v="unpaved"/>
  </way>
  <way id="712217774">
    <nd ref="6696632639"/>
    <nd ref="6696632640"/>
    <nd ref="6696632641"/>
    <nd ref="6696632642"/>
    <nd ref="6696632643"/>
    <nd ref="6696632644"/>
    <nd ref="6696632645"/>
    <nd ref="6696632646"/>
    <nd ref="6696632647"/>
    <nd ref="6696632648"/>
    <nd ref="6696632649"/>
    <nd ref="6696632650"/>
    <nd ref="6696632651"/>
    <nd ref="6696632652"/>
    <nd ref="6696632653"/>
    <nd ref="6696632654"/>
    <nd ref="6696632655"/>
    <tag k="highway" v="track"/>
  </way>
  <way id="712217775">
    <nd ref="6696632656"/>
    <nd ref="6696632657"/>
    <nd ref="6696632658"/>
    <nd ref="6696632659"/>
    <nd ref="6696632660"/>
    <nd ref="6696632661"/>
    <nd ref="6696632662"/>
    <nd ref="6696632663"/>
    <nd ref="6696632664"/>
    <nd ref="6696632665"/>
    <nd ref="6696632666"/>
    <nd ref="6696632667"/>
    <nd ref="6696632668"/>
    <nd ref="6696632669"/>
    <nd ref="6696632670"/>
    <nd ref="6696632671"/>
    <nd ref="6696632672"/>
    <nd ref="6696632673"/>
    <nd ref="6696632674"/>
    <nd ref="6696632675"/>
    <nd ref="6696632676"/>
    <nd ref="6696632677"/>
    <nd ref="6696632678"/>
    <nd ref="6696632679"/>
    <nd ref="6696632680"/>
    <nd ref="6696632681"/>
    <nd ref="6696632682"/>
    <nd ref="6696632683"/>
    <nd ref="6696632684"/>
    <nd ref="6696632685"/>
    <nd ref="6696632686"/>
    <nd ref="6696632687"/>
    <nd ref="6696632688"/>
    <nd ref="6696632689"/>
    <nd ref="6696632690"/>
    <nd ref="6696632691"/>
    <nd ref="6696632692"/>
    <nd ref="6696632693"/>
    <nd ref="6696632694"/>
    <nd ref="6696632695"/>
    <nd ref="6696632696"/>
    <nd ref="6696632697"/>
    <nd ref="6696632698"/>
    <nd ref="6696632699"/>
    <nd ref="13432077402"/>
    <nd ref="6696632700"/>
    <nd ref="6696632701"/>
    <nd ref="6696632702"/>
    <nd ref="6696632703"/>
    <nd ref="6696632704"/>
    <nd ref="6696632705"/>
    <nd ref="6696632706"/>
    <nd ref="6696632707"/>
    <nd ref="6696632708"/>
    <nd ref="6696632709"/>
    <nd ref="6696632710"/>
    <nd ref="6696632711"/>
    <nd ref="6696632712"/>
    <nd ref="6696632713"/>
    <nd ref="6696632714"/>
    <nd ref="6696632715"/>
    <nd ref="6696632716"/>
    <nd ref="6696632717"/>
    <nd ref="6696632718"/>
    <nd ref="6696632719"/>
    <nd ref="6696632720"/>
    <nd ref="6696632721"/>
    <nd ref="6696632722"/>
    <nd ref="6696632723"/>
    <nd ref="6696632724"/>
    <nd ref="6696632725"/>
    <nd ref="6696632726"/>
    <nd ref="6696632727"/>
    <nd ref="6696632655"/>
    <nd ref="6696632728"/>
    <nd ref="6696632729"/>
    <nd ref="6696632730"/>
    <nd ref="6696632731"/>
    <nd ref="6696632732"/>
    <nd ref="6696632733"/>
    <nd ref="6696632734"/>
    <nd ref="6696632735"/>
    <nd ref="6696632736"/>
    <nd ref="6696632737"/>
    <nd ref="6696632738"/>
    <nd ref="6696632739"/>
    <nd ref="6696632740"/>
    <nd ref="6696632741"/>
    <nd ref="6696632742"/>
    <nd ref="6696632743"/>
    <nd ref="6696632744"/>
    <nd ref="6696632745"/>
    <nd ref="6696632746"/>
    <nd ref="6696632747"/>
    <nd ref="6696632748"/>
    <nd ref="6696632749"/>
    <nd ref="6696632750"/>
    <nd ref="6696632751"/>
    <nd ref="6696632752"/>
    <nd ref="6696632753"/>
    <nd ref="6696632754"/>
    <nd ref="6696632755"/>
    <nd ref="6696632756"/>
    <nd ref="6696632757"/>
    <nd ref="6696632758"/>
    <nd ref="6696632759"/>
    <tag k="highway" v="unclassified"/>
  </way>
  <way id="712218528">
    <nd ref="6696632501"/>
    <nd ref="6696634767"/>
    <nd ref="6696634768"/>
    <nd ref="6696634769"/>
    <nd ref="6696634770"/>
    <nd ref="6696634771"/>
    <nd ref="6696634772"/>
    <nd ref="6696634773"/>
    <nd ref="6696634774"/>
    <nd ref="6696634775"/>
    <nd ref="6696634776"/>
    <nd ref="6696634777"/>
    <nd ref="6696634778"/>
    <nd ref="6696634779"/>
    <nd ref="6696634780"/>
    <nd ref="6696634781"/>
    <nd ref="6696634782"/>
    <nd ref="6696634783"/>
    <nd ref="6696634784"/>
    <nd ref="6696638885"/>
    <nd ref="6696638886"/>
    <nd ref="6696638887"/>
    <tag k="highway" v="track"/>
  </way>
  <way id="712218529">
    <nd ref="6696632504"/>
    <nd ref="6696638888"/>
    <nd ref="6696638889"/>
    <nd ref="6696638890"/>
    <nd ref="6696638891"/>
    <nd ref="6696638892"/>
    <tag k="highway" v="service"/>
    <tag k="service" v="driveway"/>
    <tag k="surface" v="unpaved"/>
  </way>
  <way id="712218532">
    <nd ref="6696638901"/>
    <nd ref="6696638902"/>
    <nd ref="6696638903"/>
    <tag k="highway" v="service"/>
    <tag k="service" v="driveway"/>
    <tag k="surface" v="unpaved"/>
  </way>
  <way id="712218535">
    <nd ref="6696638914"/>
    <nd ref="6696638915"/>
    <nd ref="6696638916"/>
    <nd ref="6696638917"/>
    <nd ref="6696638918"/>
    <nd ref="6696638919"/>
    <nd ref="6696638920"/>
    <nd ref="6696638921"/>
    <nd ref="6696638922"/>
    <nd ref="6696638923"/>
    <nd ref="6696638924"/>
    <nd ref="6696638925"/>
    <nd ref="6696638926"/>
    <nd ref="6696638927"/>
    <nd ref="6696638930"/>
    <nd ref="6696638928"/>
    <nd ref="6696638929"/>
    <tag k="highway" v="track"/>
  </way>
  <way id="712218536">
    <nd ref="6696638930"/>
    <nd ref="6696638931"/>
    <nd ref="6696638932"/>
    <nd ref="6696638933"/>
    <nd ref="6696638934"/>
    <nd ref="6696638935"/>
    <nd ref="6696638936"/>
    <nd ref="6696638937"/>
    <tag k="highway" v="track"/>
  </way>
  <way id="712218537">
    <nd ref="6696638938"/>
    <nd ref="6696638939"/>
    <nd ref="6696638940"/>
    <nd ref="6696638941"/>
    <nd ref="6696638942"/>
    <nd ref="6696638943"/>
    <nd ref="6696638944"/>
    <nd ref="6696638945"/>
    <nd ref="6696638946"/>
    <nd ref="6696638947"/>
    <tag k="highway" v="unclassified"/>
    <tag k="surface" v="asphalt"/>
  </way>
  <way id="712218538">
    <nd ref="6696611846"/>
    <nd ref="6696632493"/>
    <nd ref="6696632494"/>
    <nd ref="6696638914"/>
    <nd ref="6696632495"/>
    <nd ref="6696632496"/>
    <nd ref="6696638938"/>
    <nd ref="8780767524"/>
    <nd ref="6696632497"/>
    <nd ref="6696638901"/>
    <nd ref="6696632498"/>
    <nd ref="6696632499"/>
    <nd ref="6696632500"/>
    <nd ref="6696632501"/>
    <nd ref="6696632502"/>
    <nd ref="6696632503"/>
    <nd ref="6696632504"/>
    <nd ref="6696632505"/>
    <nd ref="6696632506"/>
    <nd ref="6696632507"/>
    <nd ref="6696632508"/>
    <nd ref="6696641229"/>
    <nd ref="6696632509"/>
    <nd ref="6696632510"/>
    <nd ref="6696632511"/>
    <nd ref="6696632512"/>
    <nd ref="6696632513"/>
    <nd ref="6696632514"/>
    <nd ref="6696632515"/>
    <nd ref="6696632516"/>
    <nd ref="6696632517"/>
    <nd ref="6696632518"/>
    <nd ref="6696632519"/>
    <nd ref="6696632520"/>
    <nd ref="6696632521"/>
    <nd ref="6696632522"/>
    <nd ref="6696632523"/>
    <nd ref="6696632524"/>
    <nd ref="6696632525"/>
    <nd ref="6696632526"/>
    <nd ref="6696632527"/>
    <nd ref="6696632528"/>
    <nd ref="6696632529"/>
    <nd ref="6696632530"/>
    <nd ref="6696632585"/>
    <nd ref="6696632531"/>
    <nd ref="13432135262"/>
    <nd ref="6696632532"/>
    <nd ref="6696632533"/>
    <nd ref="6696632534"/>
    <nd ref="6696632535"/>
    <nd ref="6696632639"/>
    <nd ref="6696632536"/>
    <nd ref="6696632537"/>
    <nd ref="6696632538"/>
    <nd ref="6696632539"/>
    <nd ref="6696632540"/>
    <nd ref="6696632541"/>
    <nd ref="6696632542"/>
    <nd ref="6696632543"/>
    <nd ref="6696632544"/>
    <nd ref="6696632545"/>
    <nd ref="6696632546"/>
    <nd ref="6696632547"/>
    <nd ref="6696632548"/>
    <nd ref="6696632549"/>
    <nd ref="6696632550"/>
    <nd ref="6696632551"/>
    <nd ref="6696632552"/>
    <nd ref="6696632553"/>
    <nd ref="6696632554"/>
    <nd ref="6696632555"/>
    <nd ref="6696632556"/>
    <nd ref="6696632557"/>
    <nd ref="6696632759"/>
    <nd ref="6696632558"/>
    <tag k="highway" v="tertiary"/>
  </way>
  <way id="712218539">
    <nd ref="6696638949"/>
    <nd ref="6696638950"/>
    <nd ref="8118359840"/>
    <nd ref="6696638951"/>
    <nd ref="6696638952"/>
    <nd ref="6696638953"/>
    <nd ref="6696638954"/>
    <nd ref="6696638955"/>
    <nd ref="6696638956"/>
    <nd ref="6696638957"/>
    <nd ref="6696638958"/>
    <nd ref="6696638959"/>
    <nd ref="6696638960"/>
    <nd ref="6696638961"/>
    <nd ref="6696638962"/>
    <nd ref="6696638963"/>
    <nd ref="6696638964"/>
    <nd ref="13432051851"/>
    <nd ref="13432051850"/>
    <nd ref="13432051849"/>
    <nd ref="13432051848"/>
    <nd ref="13432051847"/>
    <nd ref="13432051846"/>
    <nd ref="13432051845"/>
    <nd ref="13432051844"/>
    <nd ref="13432051843"/>
    <nd ref="13432051842"/>
    <nd ref="13432051841"/>
    <nd ref="13432051840"/>
    <nd ref="13432051839"/>
    <nd ref="13432051838"/>
    <nd ref="13432051837"/>
    <nd ref="13432051836"/>
    <nd ref="13432051835"/>
    <nd ref="13432051834"/>
    <nd ref="13432051833"/>
    <nd ref="13432051832"/>
    <nd ref="13432051831"/>
    <tag k="highway" v="unclassified"/>
  </way>
  <way id="712219625">
    <nd ref="6696641229"/>
    <nd ref="6696641230"/>
    <nd ref="6696641231"/>
    <nd ref="6696641232"/>
    <nd ref="6696641233"/>
    <nd ref="6696641234"/>
    <nd ref="6696641235"/>
    <nd ref="6696641236"/>
    <nd ref="6696641237"/>
    <nd ref="6696641238"/>
    <nd ref="6696641239"/>
    <nd ref="6696641240"/>
    <nd ref="6696641241"/>
    <nd ref="6696641242"/>
    <nd ref="6696641243"/>
    <nd ref="6696641244"/>
    <nd ref="6696641245"/>
    <nd ref="6696641246"/>
    <nd ref="6696641247"/>
    <nd ref="13432051831"/>
    <nd ref="6696641248"/>
    <nd ref="6696641249"/>
    <nd ref="6696641250"/>
    <nd ref="6696641251"/>
    <nd ref="6696641255"/>
    <nd ref="6696641256"/>
    <nd ref="6696641257"/>
    <tag k="highway" v="unclassified"/>
  </way>
  <way id="712219632">
    <nd ref="6696641230"/>
    <nd ref="6696647696"/>
    <nd ref="6696647697"/>
    <nd ref="6696647698"/>
    <nd ref="6696647699"/>
    <nd ref="6696647700"/>
    <nd ref="6696647701"/>
    <nd ref="6696647702"/>
    <nd ref="6696647703"/>
    <nd ref="6696647704"/>
    <nd ref="6696647705"/>
    <nd ref="6696647706"/>
    <nd ref="6696647707"/>
    <tag k="highway" v="unclassified"/>
  </way>
  <way id="712415138">
    <nd ref="6698240945"/>
    <nd ref="6698240946"/>
    <nd ref="6700770122"/>
    <nd ref="6698240947"/>
    <nd ref="6698240948"/>
    <nd ref="6698240949"/>
    <nd ref="6698240950"/>
    <nd ref="6698240951"/>
    <nd ref="6698240952"/>
    <nd ref="6698240953"/>
    <nd ref="6698240954"/>
    <nd ref="6698240955"/>
    <nd ref="6698240956"/>
    <nd ref="6698240957"/>
    <nd ref="6698240958"/>
    <nd ref="6698240959"/>
    <nd ref="6698240960"/>
    <nd ref="6698240961"/>
    <nd ref="6698240962"/>
    <nd ref="6698240963"/>
    <nd ref="6698240964"/>
    <nd ref="6698240965"/>
    <nd ref="6698240966"/>
    <nd ref="6698240967"/>
    <nd ref="6698240968"/>
    <nd ref="6698240969"/>
    <nd ref="6698240970"/>
    <nd ref="6698240971"/>
    <nd ref="6698240972"/>
    <nd ref="6698240973"/>
    <nd ref="6698240974"/>
    <nd ref="6698240975"/>
    <nd ref="6698240976"/>
    <nd ref="6698240977"/>
    <nd ref="6698240978"/>
    <nd ref="6698240979"/>
    <nd ref="6698240980"/>
    <nd ref="6698240981"/>
    <nd ref="6698240982"/>
    <nd ref="6698240983"/>
    <nd ref="6698240984"/>
    <nd ref="6698284285"/>
    <nd ref="6698284286"/>
    <nd ref="6698284287"/>
    <nd ref="6698284288"/>
    <nd ref="6700002069"/>
    <nd ref="6698284289"/>
    <nd ref="6698284290"/>
    <nd ref="6698284291"/>
    <nd ref="6698284292"/>
    <nd ref="6698284293"/>
    <nd ref="6698284294"/>
    <nd ref="6698284295"/>
    <nd ref="6698284296"/>
    <nd ref="6698284297"/>
    <nd ref="6698284298"/>
    <nd ref="6698284299"/>
    <nd ref="6698284300"/>
    <nd ref="6698284301"/>
    <nd ref="6698284302"/>
    <nd ref="6698284303"/>
    <nd ref="6700002055"/>
    <nd ref="6700002048"/>
    <nd ref="6698284304"/>
    <nd ref="6700002047"/>
    <nd ref="6700002026"/>
    <nd ref="6698284305"/>
    <nd ref="6700002019"/>
    <nd ref="6698284306"/>
    <nd ref="6698284307"/>
    <nd ref="6698284308"/>
    <nd ref="6698284309"/>
    <nd ref="6700002010"/>
    <nd ref="6698284310"/>
    <nd ref="6698284311"/>
    <nd ref="6698284312"/>
    <nd ref="6700770138"/>
    <nd ref="6698284313"/>
    <nd ref="6698284314"/>
    <nd ref="6700770139"/>
    <nd ref="6698284315"/>
    <nd ref="6698284316"/>
    <nd ref="6698284317"/>
    <nd ref="6700002002"/>
    <nd ref="6698284318"/>
    <nd ref="6698284319"/>
    <nd ref="6698284320"/>
    <nd ref="6698284321"/>
    <nd ref="6698284322"/>
    <nd ref="6698284323"/>
    <nd ref="6698284324"/>
    <nd ref="6698284325"/>
    <nd ref="6698284326"/>
    <nd ref="6698284327"/>
    <nd ref="6698284328"/>
    <nd ref="6698284329"/>
    <nd ref="6698284330"/>
    <nd ref="6698284331"/>
    <nd ref="6698284332"/>
    <nd ref="6700770145"/>
    <nd ref="6698284333"/>
    <nd ref="6698284334"/>
    <nd ref="6698284335"/>
    <nd ref="6698284336"/>
    <nd ref="6698284337"/>
    <nd ref="6698284338"/>
    <nd ref="6698284339"/>
    <nd ref="2246129214"/>
    <tag k="highway" v="tertiary"/>
    <tag k="surface" v="paved"/>
  </way>
  <way id="712616167">
    <nd ref="6698284335"/>
    <nd ref="6700001998"/>
    <nd ref="6700001999"/>
    <nd ref="6700002000"/>
    <nd ref="6700002001"/>
    <tag k="highway" v="tertiary"/>
  </way>
  <way id="712616168">
    <nd ref="6700002002"/>
    <nd ref="6700002003"/>
    <nd ref="6700002004"/>
    <nd ref="6700002005"/>
    <nd ref="6700002006"/>
    <nd ref="6700002007"/>
    <nd ref="6700002008"/>
    <nd ref="6700002009"/>
    <tag k="highway" v="tertiary"/>
  </way>
  <way id="712685335">
    <nd ref="6700770131"/>
    <nd ref="6700770132"/>
    <nd ref="6700770133"/>
    <nd ref="6700770134"/>
    <nd ref="6700770135"/>
    <nd ref="6700770136"/>
    <nd ref="6700770137"/>
    <nd ref="6700770138"/>
    <tag k="highway" v="track"/>
  </way>
  <way id="712685336">
    <nd ref="6700770139"/>
    <nd ref="6700770140"/>
    <tag k="highway" v="track"/>
  </way>
  <way id="712685337">
    <nd ref="6700770141"/>
    <nd ref="6700770142"/>
    <nd ref="6700770143"/>
    <nd ref="6700770144"/>
    <nd ref="6700770145"/>
    <tag k="highway" v="track"/>
  </way>
  <way id="801964225">
    <nd ref="3706088788"/>
    <nd ref="7501332549"/>
    <nd ref="11068923720"/>
    <nd ref="7501332550"/>
    <nd ref="7501332551"/>
    <nd ref="7501332552"/>
    <nd ref="7501332553"/>
    <nd ref="7501332554"/>
    <nd ref="7501332555"/>
    <nd ref="7501332556"/>
    <nd ref="7501332557"/>
    <nd ref="7501332558"/>
    <nd ref="7501332559"/>
    <nd ref="7501332560"/>
    <nd ref="7501332561"/>
    <nd ref="7501332562"/>
    <nd ref="7501332563"/>
    <nd ref="7501332564"/>
    <nd ref="11068907280"/>
    <nd ref="7501332565"/>
    <nd ref="7501332566"/>
    <nd ref="7501332567"/>
    <nd ref="7501332568"/>
    <nd ref="7501332569"/>
    <nd ref="7501332570"/>
    <nd ref="7501332571"/>
    <nd ref="7501332572"/>
    <nd ref="7501332573"/>
    <nd ref="7501332574"/>
    <nd ref="7501332575"/>
    <tag k="highway" v="track"/>
  </way>
  <way id="813870539">
    <nd ref="7602578975"/>
    <nd ref="5425388956"/>
    <nd ref="5425388957"/>
    <nd ref="5425388958"/>
    <nd ref="5425388959"/>
    <nd ref="5425388960"/>
    <nd ref="5425388961"/>
    <nd ref="5425388962"/>
    <nd ref="5425388963"/>
    <nd ref="5425388964"/>
    <nd ref="5425388965"/>
    <nd ref="5425388966"/>
    <nd ref="5425388967"/>
    <nd ref="5425388968"/>
    <nd ref="5425388969"/>
    <nd ref="5425388970"/>
    <nd ref="5425388971"/>
    <nd ref="5425388972"/>
    <nd ref="5425388973"/>
    <nd ref="5425388974"/>
    <nd ref="5425388975"/>
    <nd ref="5425388976"/>
    <nd ref="5425388977"/>
    <nd ref="5425388978"/>
    <nd ref="5425388979"/>
    <nd ref="5425388980"/>
    <nd ref="5425388981"/>
    <nd ref="5425388982"/>
    <nd ref="5425388983"/>
    <nd ref="5425388984"/>
    <nd ref="5425388985"/>
    <nd ref="5425388986"/>
    <nd ref="5425388987"/>
    <nd ref="5425388988"/>
    <nd ref="5425388989"/>
    <nd ref="5425388990"/>
    <nd ref="5425388991"/>
    <nd ref="5425388992"/>
    <nd ref="5425388993"/>
    <nd ref="5425388994"/>
    <nd ref="5425388995"/>
    <nd ref="5425388996"/>
    <nd ref="5425388997"/>
    <nd ref="5425388998"/>
    <nd ref="5425388999"/>
    <nd ref="5425389000"/>
    <nd ref="5425389001"/>
    <nd ref="5425389002"/>
    <nd ref="5425389003"/>
    <nd ref="5425389004"/>
    <nd ref="5425389005"/>
    <nd ref="5425389006"/>
    <nd ref="5425389007"/>
    <nd ref="5425389008"/>
    <nd ref="5425389009"/>
    <nd ref="5425389010"/>
    <nd ref="5425389011"/>
    <nd ref="5425389012"/>
    <nd ref="5425389013"/>
    <nd ref="5425389014"/>
    <nd ref="5425389015"/>
    <nd ref="5425389016"/>
    <nd ref="5425389017"/>
    <nd ref="5425389018"/>
    <nd ref="5425389019"/>
    <nd ref="5425389020"/>
    <nd ref="5425389121"/>
    <nd ref="5425389122"/>
    <nd ref="5425389123"/>
    <nd ref="5425389124"/>
    <nd ref="5425389125"/>
    <nd ref="5425389126"/>
    <nd ref="5425389127"/>
    <nd ref="5425389128"/>
    <nd ref="5425389129"/>
    <nd ref="5425389130"/>
    <nd ref="5425389131"/>
    <nd ref="5425389132"/>
    <nd ref="5425389133"/>
    <nd ref="5425389134"/>
    <nd ref="5425389135"/>
    <nd ref="5425389136"/>
    <nd ref="5425389137"/>
    <nd ref="5425389138"/>
    <nd ref="5425389139"/>
    <nd ref="5425389140"/>
    <nd ref="5425389141"/>
    <nd ref="5425389142"/>
    <nd ref="5425389143"/>
    <nd ref="5425389144"/>
    <nd ref="5425389145"/>
    <nd ref="5425389146"/>
    <nd ref="5425389147"/>
    <nd ref="5425389148"/>
    <nd ref="5425389149"/>
    <nd ref="5425389150"/>
    <nd ref="5425389151"/>
    <nd ref="5425389152"/>
    <nd ref="5425389153"/>
    <nd ref="5425389154"/>
    <nd ref="5425389155"/>
    <nd ref="5425389156"/>
    <nd ref="5425389157"/>
    <nd ref="5425389158"/>
    <nd ref="5425389159"/>
    <nd ref="5425389160"/>
    <nd ref="5425389161"/>
    <nd ref="5425389162"/>
    <nd ref="5425389163"/>
    <nd ref="5425389164"/>
    <nd ref="5425389165"/>
    <nd ref="5425389166"/>
    <nd ref="5425389167"/>
    <nd ref="5425389168"/>
    <nd ref="5425389169"/>
    <nd ref="5425389170"/>
    <nd ref="5425389171"/>
    <nd ref="5425389172"/>
    <nd ref="5425389173"/>
    <nd ref="5425389174"/>
    <nd ref="5425389175"/>
    <nd ref="5425389176"/>
    <nd ref="5425389177"/>
    <nd ref="5425389178"/>
    <nd ref="5425389179"/>
    <nd ref="5425389180"/>
    <nd ref="5425389181"/>
    <nd ref="5425389182"/>
    <nd ref="5425389183"/>
    <nd ref="5425389184"/>
    <nd ref="5425389185"/>
    <nd ref="5425389186"/>
    <nd ref="5425389187"/>
    <nd ref="5425389188"/>
    <nd ref="5425389189"/>
    <nd ref="5425389190"/>
    <nd ref="5425389191"/>
    <nd ref="5425389192"/>
    <nd ref="972230854"/>
    <tag k="highway" v="unclassified"/>
  </way>
  <way id="813870540">
    <nd ref="7602578976"/>
    <nd ref="7602578975"/>
    <tag k="bridge" v="yes"/>
    <tag k="highway" v="unclassified"/>
    <tag k="layer" v="1"/>
  </way>
  <way id="871588239">
    <nd ref="1307071584"/>
    <nd ref="8118349259"/>
    <nd ref="8118349260"/>
    <nd ref="8118349261"/>
    <nd ref="8118349262"/>
    <nd ref="8118349263"/>
    <nd ref="8118349264"/>
    <nd ref="8118349265"/>
    <nd ref="6696632558"/>
    <tag k="highway" v="tertiary"/>
  </way>
  <way id="871588240">
    <nd ref="3706429781"/>
    <nd ref="3706429777"/>
    <nd ref="3706429769"/>
    <nd ref="13432098106"/>
    <nd ref="3706429763"/>
    <nd ref="3706429753"/>
    <nd ref="3706430046"/>
    <nd ref="3706430044"/>
    <nd ref="3706430037"/>
    <nd ref="3706430032"/>
    <nd ref="3706430027"/>
    <nd ref="8780767519"/>
    <nd ref="1889561108"/>
    <tag k="highway" v="residential"/>
    <tag k="source" v="bing"/>
  </way>
  <way id="871588241">
    <nd ref="3706428804"/>
    <nd ref="8118359834"/>
    <nd ref="3706084750"/>
    <nd ref="8118349312"/>
    <nd ref="8118349266"/>
    <tag k="highway" v="residential"/>
  </way>
  <way id="871588246">
    <nd ref="8118349311"/>
    <nd ref="8118359824"/>
    <nd ref="8118349312"/>
    <nd ref="13432075435"/>
    <nd ref="8118349313"/>
    <nd ref="3706429760"/>
    <tag k="highway" v="residential"/>
  </way>
  <way id="871588247">
    <nd ref="8118359817"/>
    <nd ref="8118359818"/>
    <nd ref="8118359819"/>
    <nd ref="8118359820"/>
    <nd ref="8118359821"/>
    <nd ref="8118349266"/>
    <nd ref="8118359822"/>
    <nd ref="8118359823"/>
    <tag k="highway" v="residential"/>
  </way>
  <way id="871588248">
    <nd ref="8118359822"/>
    <nd ref="8118359824"/>
    <nd ref="8118359825"/>
    <nd ref="8118359832"/>
    <nd ref="8118359826"/>
    <tag k="highway" v="residential"/>
  </way>
  <way id="871588249">
    <nd ref="3706084741"/>
    <nd ref="8118359829"/>
    <nd ref="8118359830"/>
    <nd ref="8118359831"/>
    <nd ref="8118359832"/>
    <nd ref="8118359833"/>
    <nd ref="8118359834"/>
    <nd ref="13432093314"/>
    <nd ref="13432093313"/>
    <nd ref="13432075433"/>
    <nd ref="13432093312"/>
    <nd ref="13432093311"/>
    <nd ref="3706430032"/>
    <tag k="highway" v="residential"/>
  </way>
  <way id="871588250">
    <nd ref="8118359840"/>
    <nd ref="8118359841"/>
    <nd ref="8118359842"/>
    <nd ref="8118359852"/>
    <nd ref="8118359843"/>
    <nd ref="8118359849"/>
    <nd ref="8118359844"/>
    <nd ref="8118359845"/>
    <nd ref="3706084741"/>
    <tag k="highway" v="residential"/>
  </way>
  <way id="871588251">
    <nd ref="8118359846"/>
    <nd ref="8118359847"/>
    <nd ref="3706084746"/>
    <nd ref="8118359848"/>
    <nd ref="8118359849"/>
    <nd ref="8118359850"/>
    <tag k="highway" v="residential"/>
  </way>
  <way id="871588252">
    <nd ref="8118359851"/>
    <nd ref="8118359852"/>
    <tag k="highway" v="residential"/>
  </way>
  <way id="871595980">
    <nd ref="2300035229"/>
    <nd ref="8118404979"/>
    <nd ref="2300035239"/>
    <nd ref="2300035247"/>
    <nd ref="2300035258"/>
    <nd ref="2246129629"/>
    <nd ref="2246129707"/>
    <nd ref="2246129731"/>
    <tag k="highway" v="tertiary"/>
    <tag k="oneway" v="yes"/>
    <tag k="source" v="bing"/>
  </way>
  <way id="871595983">
    <nd ref="8118404984"/>
    <nd ref="2300035287"/>
    <nd ref="8118404985"/>
    <tag k="highway" v="residential"/>
  </way>
  <way id="871595984">
    <nd ref="8118404986"/>
    <nd ref="8118404987"/>
    <nd ref="8118404988"/>
    <nd ref="8118404989"/>
    <nd ref="8118404990"/>
    <nd ref="8118404991"/>
    <nd ref="8118404992"/>
    <tag k="highway" v="residential"/>
  </way>
  <way id="871595985">
    <nd ref="2300035188"/>
    <nd ref="8118404994"/>
    <tag k="highway" v="residential"/>
  </way>
  <way id="871595986">
    <nd ref="8118404996"/>
    <nd ref="8118404997"/>
    <nd ref="8118404998"/>
    <tag k="highway" v="residential"/>
  </way>
  <way id="871598073">
    <nd ref="8118379513"/>
    <nd ref="8118440004"/>
    <nd ref="8118440005"/>
    <nd ref="8118440006"/>
    <nd ref="8118440007"/>
    <nd ref="8118440008"/>
    <nd ref="8118440009"/>
    <nd ref="8118440010"/>
    <nd ref="8118440011"/>
    <nd ref="8118440012"/>
    <nd ref="8118440013"/>
    <nd ref="8118440014"/>
    <nd ref="8118440015"/>
    <nd ref="8118440016"/>
    <nd ref="8118443917"/>
    <nd ref="8118443918"/>
    <nd ref="8118443919"/>
    <nd ref="8118443920"/>
    <nd ref="8118443921"/>
    <nd ref="8118443922"/>
    <nd ref="8118443923"/>
    <nd ref="8118443924"/>
    <nd ref="8118443925"/>
    <nd ref="8118443926"/>
    <nd ref="8118443927"/>
    <nd ref="8118443928"/>
    <nd ref="8118443929"/>
    <nd ref="8118443930"/>
    <nd ref="8118443931"/>
    <nd ref="8118443932"/>
    <nd ref="8118443933"/>
    <nd ref="8118443934"/>
    <nd ref="8118443935"/>
    <tag k="highway" v="tertiary"/>
  </way>
  <way id="871599812">
    <nd ref="6700002014"/>
    <nd ref="8118442695"/>
    <nd ref="8118442696"/>
    <nd ref="8118442697"/>
    <nd ref="8118442698"/>
    <nd ref="8118442699"/>
    <nd ref="8118442700"/>
    <nd ref="8118442701"/>
    <nd ref="8118442702"/>
    <nd ref="8118442703"/>
    <nd ref="8118442704"/>
    <nd ref="8118442705"/>
    <nd ref="8118442706"/>
    <nd ref="8118442707"/>
    <nd ref="8118442708"/>
    <nd ref="8118442709"/>
    <nd ref="8118442710"/>
    <nd ref="8118442711"/>
    <nd ref="8118442712"/>
    <nd ref="8118442713"/>
    <nd ref="8118442714"/>
    <nd ref="8118442715"/>
    <nd ref="8118442716"/>
    <nd ref="8118459017"/>
    <nd ref="8118459018"/>
    <nd ref="8118459019"/>
    <nd ref="8118459020"/>
    <nd ref="8118459021"/>
    <nd ref="8118459022"/>
    <nd ref="8118459023"/>
    <nd ref="8118459024"/>
    <nd ref="8118459025"/>
    <nd ref="8118459026"/>
    <nd ref="8118459027"/>
    <nd ref="8118459028"/>
    <nd ref="8118459029"/>
    <nd ref="8118459030"/>
    <nd ref="8118459031"/>
    <nd ref="8118459032"/>
    <nd ref="8118459033"/>
    <nd ref="8118459034"/>
    <nd ref="8118459035"/>
    <nd ref="8118459036"/>
    <nd ref="8118459037"/>
    <nd ref="8118459038"/>
    <nd ref="8118459039"/>
    <nd ref="8118459040"/>
    <nd ref="8118459041"/>
    <nd ref="8118459042"/>
    <nd ref="8118459043"/>
    <nd ref="8118459044"/>
    <nd ref="8118459045"/>
    <nd ref="8118459046"/>
    <nd ref="8118459047"/>
    <nd ref="8118459048"/>
    <nd ref="8118459049"/>
    <nd ref="8118459050"/>
    <nd ref="8118459051"/>
    <nd ref="8118459052"/>
    <nd ref="8118459053"/>
    <nd ref="8118459054"/>
    <nd ref="8118459055"/>
    <nd ref="8118459056"/>
    <nd ref="8118459057"/>
    <nd ref="8118459058"/>
    <nd ref="8118459059"/>
    <nd ref="8118459060"/>
    <tag k="highway" v="tertiary"/>
  </way>
  <way id="942690046">
    <nd ref="3706431430"/>
    <nd ref="8729199681"/>
    <nd ref="8729199682"/>
    <nd ref="8729242727"/>
    <nd ref="8729199683"/>
    <nd ref="8729242758"/>
    <nd ref="8729199712"/>
    <nd ref="8729199684"/>
    <nd ref="8729242717"/>
    <nd ref="8729199692"/>
    <nd ref="8729199685"/>
    <tag k="highway" v="residential"/>
  </way>
  <way id="942690047">
    <nd ref="8729199685"/>
    <nd ref="8729199686"/>
    <nd ref="8729199687"/>
    <nd ref="8729199688"/>
    <nd ref="8729199689"/>
    <nd ref="8729199690"/>
    <nd ref="8729199691"/>
    <tag k="highway" v="residential"/>
  </way>
  <way id="942690048">
    <nd ref="8729199692"/>
    <nd ref="8729199693"/>
    <nd ref="8729199694"/>
    <nd ref="8729199695"/>
    <nd ref="8729199696"/>
    <nd ref="8729199697"/>
    <tag k="highway" v="residential"/>
  </way>
  <way id="942690049">
    <nd ref="8729199695"/>
    <nd ref="8729199698"/>
    <nd ref="8729199699"/>
    <nd ref="8729199700"/>
    <nd ref="8729199701"/>
    <nd ref="8729199702"/>
    <nd ref="8729199703"/>
    <nd ref="8729199704"/>
    <nd ref="8729199709"/>
    <nd ref="8729199705"/>
    <nd ref="8729199706"/>
    <nd ref="8729199707"/>
    <nd ref="8729199708"/>
    <tag k="highway" v="residential"/>
  </way>
  <way id="942690050">
    <nd ref="8729199709"/>
    <nd ref="8729199710"/>
    <nd ref="8729242860"/>
    <nd ref="8729199711"/>
    <tag k="highway" v="residential"/>
  </way>
  <way id="942690051">
    <nd ref="8729199712"/>
    <nd ref="8729199713"/>
    <nd ref="8729199714"/>
    <nd ref="8729199715"/>
    <nd ref="8729199716"/>
    <tag k="highway" v="residential"/>
  </way>
  <way id="942690052">
    <nd ref="8729242717"/>
    <nd ref="8729242718"/>
    <nd ref="8729242719"/>
    <nd ref="8729242720"/>
    <nd ref="8729242721"/>
    <nd ref="8729242722"/>
    <nd ref="8729242723"/>
    <nd ref="8729242724"/>
    <nd ref="8729242725"/>
    <nd ref="8729242726"/>
    <tag k="highway" v="residential"/>
  </way>
  <way id="942690053">
    <nd ref="8729242727"/>
    <nd ref="8729242728"/>
    <nd ref="8729242729"/>
    <nd ref="8729242730"/>
    <nd ref="8729242731"/>
    <nd ref="8729242732"/>
    <nd ref="8729242733"/>
    <nd ref="8729242734"/>
    <nd ref="8729242735"/>
    <nd ref="8729242736"/>
    <tag k="highway" v="residential"/>
  </way>
  <way id="942690054">
    <nd ref="3706431440"/>
    <nd ref="8729242738"/>
    <nd ref="8729242739"/>
    <nd ref="8729242736"/>
    <tag k="highway" v="residential"/>
  </way>
  <way id="942690055">
    <nd ref="8729242736"/>
    <nd ref="8729242740"/>
    <nd ref="8729242741"/>
    <nd ref="8729242773"/>
    <nd ref="8729242742"/>
    <nd ref="8729242743"/>
    <nd ref="8729242744"/>
    <nd ref="8729242745"/>
    <nd ref="8729242746"/>
    <nd ref="8729242747"/>
    <nd ref="8729242748"/>
    <nd ref="8729242749"/>
    <nd ref="8729242750"/>
    <nd ref="8729242751"/>
    <nd ref="8729242752"/>
    <tag k="highway" v="residential"/>
  </way>
  <way id="942690056">
    <nd ref="3706431445"/>
    <nd ref="8729242755"/>
    <nd ref="8729242756"/>
    <nd ref="8729242757"/>
    <tag k="highway" v="residential"/>
  </way>
  <way id="942690057">
    <nd ref="8729242758"/>
    <nd ref="8729242759"/>
    <nd ref="8729242760"/>
    <nd ref="8729242761"/>
    <nd ref="8729242762"/>
    <nd ref="8729242763"/>
    <nd ref="8729242764"/>
    <nd ref="8729242765"/>
    <nd ref="8729242766"/>
    <nd ref="8729242767"/>
    <tag k="highway" v="residential"/>
  </way>
  <way id="942690058">
    <nd ref="8729242757"/>
    <nd ref="8729242768"/>
    <nd ref="8729242769"/>
    <nd ref="8729242770"/>
    <nd ref="8729242771"/>
    <nd ref="8729242772"/>
    <tag k="highway" v="residential"/>
  </way>
  <way id="942690059">
    <nd ref="8729242772"/>
    <nd ref="8729242773"/>
    <tag k="highway" v="residential"/>
  </way>
  <way id="942690060">
    <nd ref="8729199708"/>
    <nd ref="8729242774"/>
    <nd ref="8729242775"/>
    <tag k="highway" v="service"/>
  </way>
  <way id="942690076">
    <nd ref="8729199716"/>
    <nd ref="8729242842"/>
    <nd ref="8729242843"/>
    <nd ref="8729242844"/>
    <nd ref="8729242845"/>
    <tag k="highway" v="service"/>
  </way>
  <way id="942690077">
    <nd ref="8729242726"/>
    <nd ref="8729242846"/>
    <nd ref="8729242847"/>
    <tag k="highway" v="service"/>
  </way>
  <way id="942690078">
    <nd ref="8780701032"/>
    <nd ref="8780701033"/>
    <nd ref="8780701034"/>
    <nd ref="8780701035"/>
    <nd ref="8780701036"/>
    <nd ref="8780701037"/>
    <nd ref="8780701038"/>
    <nd ref="8780701039"/>
    <nd ref="8780701040"/>
    <nd ref="8780701041"/>
    <nd ref="8780701042"/>
    <nd ref="8780701043"/>
    <nd ref="8780701044"/>
    <nd ref="8780701045"/>
    <nd ref="8780701046"/>
    <nd ref="8780701047"/>
    <tag k="highway" v="unclassified"/>
  </way>
  <way id="942690079">
    <nd ref="8729242855"/>
    <nd ref="8729242856"/>
    <nd ref="8729242857"/>
    <nd ref="8729242858"/>
    <nd ref="8729242859"/>
    <tag k="highway" v="residential"/>
  </way>
  <way id="942690080">
    <nd ref="8729242861"/>
    <nd ref="8729242862"/>
    <nd ref="8729242863"/>
    <nd ref="8729242864"/>
    <nd ref="8729242865"/>
    <nd ref="8729242866"/>
    <tag k="highway" v="residential"/>
  </way>
  <way id="942690081">
    <nd ref="8729242867"/>
    <nd ref="8729242868"/>
    <nd ref="8729242869"/>
    <nd ref="8729242870"/>
    <tag k="highway" v="residential"/>
  </way>
  <way id="942690082">
    <nd ref="8729242871"/>
    <nd ref="8729242872"/>
    <nd ref="8729242873"/>
    <nd ref="8729242874"/>
    <nd ref="8729242875"/>
    <nd ref="8729242876"/>
    <nd ref="8729242877"/>
    <nd ref="8729242878"/>
    <tag k="highway" v="residential"/>
  </way>
  <way id="942690083">
    <nd ref="8729242879"/>
    <nd ref="8729242880"/>
    <nd ref="8729242881"/>
    <nd ref="8729242882"/>
    <nd ref="8729242883"/>
    <nd ref="8729242884"/>
    <nd ref="8729242886"/>
    <nd ref="8729242885"/>
    <tag k="highway" v="residential"/>
  </way>
  <way id="942690084">
    <nd ref="8729242886"/>
    <nd ref="8729242887"/>
    <nd ref="8729242888"/>
    <nd ref="8729242889"/>
    <nd ref="8729242890"/>
    <nd ref="8729242891"/>
    <nd ref="8729242892"/>
    <nd ref="8729242893"/>
    <nd ref="8729242894"/>
    <tag k="highway" v="residential"/>
  </way>
  <way id="942690085">
    <nd ref="3706429918"/>
    <nd ref="8729242895"/>
    <nd ref="8729242896"/>
    <nd ref="8729242897"/>
    <nd ref="8729242898"/>
    <nd ref="8729242899"/>
    <nd ref="8729242900"/>
    <tag k="highway" v="service"/>
  </way>
  <way id="942690086">
    <nd ref="8729242901"/>
    <nd ref="8729242902"/>
    <nd ref="8729242903"/>
    <nd ref="8729242904"/>
    <nd ref="8729242905"/>
    <nd ref="8729242906"/>
    <tag k="highway" v="service"/>
  </way>
  <way id="942690087">
    <nd ref="8729242907"/>
    <nd ref="8729242909"/>
    <nd ref="8729242908"/>
    <tag k="highway" v="residential"/>
  </way>
  <way id="942690088">
    <nd ref="8729242909"/>
    <nd ref="8729242910"/>
    <nd ref="8729242911"/>
    <nd ref="8729242912"/>
    <tag k="highway" v="residential"/>
  </way>
  <way id="942690089">
    <nd ref="8729242882"/>
    <nd ref="8729242913"/>
    <nd ref="8729242914"/>
    <nd ref="8729242915"/>
    <nd ref="8729242916"/>
    <tag k="highway" v="residential"/>
  </way>
  <way id="948632635">
    <nd ref="8729199685"/>
    <nd ref="8729242848"/>
    <nd ref="8729242849"/>
    <nd ref="8729242850"/>
    <nd ref="8729242851"/>
    <nd ref="8729242855"/>
    <nd ref="8729242852"/>
    <nd ref="8729242853"/>
    <nd ref="8729242854"/>
    <nd ref="8780701032"/>
    <tag k="highway" v="residential"/>
  </way>
  <way id="948632636">
    <nd ref="8780701048"/>
    <nd ref="8780701049"/>
    <nd ref="8780701050"/>
    <nd ref="8780701051"/>
    <nd ref="8780701052"/>
    <nd ref="8780701053"/>
    <nd ref="8780701054"/>
    <nd ref="8780701055"/>
    <nd ref="8780701056"/>
    <nd ref="8780701057"/>
    <nd ref="8780701058"/>
    <nd ref="8780701059"/>
    <nd ref="8780701060"/>
    <nd ref="8780701061"/>
    <tag k="highway" v="service"/>
  </way>
  <way id="948638826">
    <nd ref="8780738537"/>
    <nd ref="8780738538"/>
    <nd ref="8780738539"/>
    <nd ref="8780738540"/>
    <tag k="highway" v="service"/>
  </way>
  <way id="948638827">
    <nd ref="1307070434"/>
    <nd ref="8780738542"/>
    <nd ref="8780738543"/>
    <nd ref="8780738544"/>
    <nd ref="8780738545"/>
    <nd ref="8780738546"/>
    <nd ref="8780738547"/>
    <nd ref="8780738548"/>
    <nd ref="8780738549"/>
    <nd ref="8780738550"/>
    <nd ref="8780738551"/>
    <nd ref="8780738552"/>
    <nd ref="8780738553"/>
    <nd ref="8780738554"/>
    <nd ref="8780738555"/>
    <nd ref="8780738556"/>
    <nd ref="8780738557"/>
    <nd ref="8780738558"/>
    <nd ref="8780738559"/>
    <nd ref="8780738560"/>
    <nd ref="8780738561"/>
    <nd ref="8780738562"/>
    <nd ref="8780738563"/>
    <nd ref="8780738564"/>
    <nd ref="8780738565"/>
    <nd ref="8780738566"/>
    <tag k="highway" v="unclassified"/>
  </way>
  <way id="948638828">
    <nd ref="1307068849"/>
    <nd ref="8780738567"/>
    <nd ref="8780738568"/>
    <nd ref="8780738569"/>
    <nd ref="8780738570"/>
    <nd ref="8780738571"/>
    <nd ref="8780738572"/>
    <nd ref="8780738573"/>
    <nd ref="8780738574"/>
    <nd ref="8780738575"/>
    <nd ref="8780738576"/>
    <nd ref="8780738577"/>
    <nd ref="8780738578"/>
    <tag k="highway" v="unclassified"/>
  </way>
  <way id="948638829">
    <nd ref="8780738579"/>
    <nd ref="8780738580"/>
    <nd ref="8780738581"/>
    <nd ref="8780738582"/>
    <tag k="highway" v="residential"/>
  </way>
  <way id="948638830">
    <nd ref="8780738580"/>
    <nd ref="8780738583"/>
    <nd ref="8780738584"/>
    <tag k="highway" v="residential"/>
  </way>
  <way id="948638831">
    <nd ref="8780738594"/>
    <nd ref="8780738595"/>
    <nd ref="8780738596"/>
    <nd ref="8780738597"/>
    <nd ref="8780738598"/>
    <nd ref="8780738599"/>
    <tag k="highway" v="service"/>
  </way>
  <way id="948638832">
    <nd ref="8780738600"/>
    <nd ref="8780738601"/>
    <nd ref="8780738602"/>
    <nd ref="8780738603"/>
    <nd ref="8780738606"/>
    <nd ref="8780738604"/>
    <nd ref="8780738605"/>
    <tag k="highway" v="service"/>
  </way>
  <way id="948638833">
    <nd ref="8780738606"/>
    <nd ref="8780767518"/>
    <nd ref="8780738610"/>
    <nd ref="8780738607"/>
    <nd ref="8780738608"/>
    <tag k="highway" v="service"/>
  </way>
  <way id="948638834">
    <nd ref="8780738609"/>
    <nd ref="8780738610"/>
    <tag k="highway" v="service"/>
  </way>
  <way id="948638835">
    <nd ref="8780738611"/>
    <nd ref="1889560997"/>
    <nd ref="8780767351"/>
    <nd ref="1889561045"/>
    <nd ref="4441844013"/>
    <nd ref="1889561080"/>
    <nd ref="1889561088"/>
    <nd ref="3706084730"/>
    <nd ref="3706084732"/>
    <nd ref="1889561102"/>
    <nd ref="1889561111"/>
    <nd ref="8118359838"/>
    <nd ref="1889561116"/>
    <nd ref="1889561119"/>
    <nd ref="8118359837"/>
    <nd ref="1889561120"/>
    <nd ref="8118359836"/>
    <nd ref="1889561114"/>
    <nd ref="8118349296"/>
    <nd ref="1889561101"/>
    <tag k="highway" v="secondary"/>
    <tag k="oneway" v="yes"/>
    <tag k="ref" v="20-77"/>
    <tag k="source" v="bing"/>
    <tag k="surface" v="asphalt"/>
  </way>
  <way id="948638836">
    <nd ref="1889561108"/>
    <nd ref="8118349267"/>
    <nd ref="972231742"/>
    <nd ref="972228420"/>
    <nd ref="8118359835"/>
    <nd ref="212611997"/>
    <nd ref="3706428804"/>
    <nd ref="972231862"/>
    <nd ref="8118359827"/>
    <nd ref="8118359826"/>
    <nd ref="972229315"/>
    <nd ref="8118359828"/>
    <nd ref="212611999"/>
    <nd ref="3706084735"/>
    <nd ref="972231357"/>
    <nd ref="8118359850"/>
    <nd ref="972229008"/>
    <nd ref="6696611842"/>
    <nd ref="212612001"/>
    <nd ref="8780767340"/>
    <nd ref="8780767341"/>
    <nd ref="8780738612"/>
    <tag k="highway" v="secondary"/>
    <tag k="oneway" v="yes"/>
    <tag k="ref" v="20-77"/>
    <tag k="source" v="bing"/>
    <tag k="surface" v="asphalt"/>
  </way>
  <way id="948638837">
    <nd ref="8780767326"/>
    <nd ref="8780767327"/>
    <nd ref="8780767328"/>
    <nd ref="8780738612"/>
    <nd ref="8780738613"/>
    <nd ref="8780738614"/>
    <nd ref="8780767319"/>
    <nd ref="8780767320"/>
    <nd ref="8780767321"/>
    <nd ref="1889560979"/>
    <nd ref="8780738615"/>
    <nd ref="8780738616"/>
    <nd ref="8780767322"/>
    <nd ref="8780767323"/>
    <nd ref="1889560971"/>
    <nd ref="8780767317"/>
    <nd ref="8780738608"/>
    <nd ref="8780767324"/>
    <nd ref="8780767325"/>
    <nd ref="8780738611"/>
    <nd ref="8780767318"/>
    <nd ref="8780767326"/>
    <tag k="highway" v="secondary"/>
    <tag k="oneway" v="yes"/>
  </way>
  <way id="948638838">
    <nd ref="8780767350"/>
    <nd ref="8780767330"/>
    <nd ref="8780767331"/>
    <nd ref="8780767332"/>
    <nd ref="8780767333"/>
    <nd ref="8780767334"/>
    <nd ref="8780767335"/>
    <nd ref="8780767336"/>
    <nd ref="8780767337"/>
    <nd ref="8780767338"/>
    <nd ref="8780767343"/>
    <nd ref="8780767339"/>
    <nd ref="8780767340"/>
    <tag k="highway" v="residential"/>
  </way>
  <way id="948638839">
    <nd ref="8780767334"/>
    <nd ref="8780767342"/>
    <nd ref="8780767341"/>
    <tag k="highway" v="residential"/>
  </way>
  <way id="948638840">
    <nd ref="8780767330"/>
    <nd ref="8780767342"/>
    <nd ref="8780767343"/>
    <tag k="highway" v="residential"/>
  </way>
  <way id="948638841">
    <nd ref="8780767331"/>
    <nd ref="8780767344"/>
    <nd ref="8780767345"/>
    <nd ref="8780767346"/>
    <nd ref="8780767347"/>
    <nd ref="6696632665"/>
    <tag k="highway" v="residential"/>
  </way>
  <way id="948638842">
    <nd ref="8780767345"/>
    <nd ref="8780767348"/>
    <nd ref="8780767349"/>
    <tag k="highway" v="service"/>
  </way>
  <way id="948638843">
    <nd ref="8780767350"/>
    <nd ref="8780767321"/>
    <tag k="highway" v="residential"/>
    <tag k="oneway" v="yes"/>
  </way>
  <way id="948638844">
    <nd ref="8780738613"/>
    <nd ref="8780767329"/>
    <nd ref="8780767350"/>
    <tag k="highway" v="residential"/>
    <tag k="oneway" v="yes"/>
  </way>
  <way id="948638845">
    <nd ref="8780767351"/>
    <nd ref="8780767352"/>
    <nd ref="8780767353"/>
    <tag k="highway" v="service"/>
  </way>
  <way id="948638846">
    <nd ref="4441854906"/>
    <nd ref="8780767356"/>
    <nd ref="8780767357"/>
    <nd ref="3706085138"/>
    <tag k="highway" v="residential"/>
  </way>
  <way id="948638847">
    <nd ref="8780767359"/>
    <nd ref="4441854928"/>
    <nd ref="8780767360"/>
    <tag k="highway" v="residential"/>
  </way>
  <way id="948638848">
    <nd ref="4441830457"/>
    <nd ref="8780767362"/>
    <tag k="highway" v="residential"/>
  </way>
  <way id="948638849">
    <nd ref="3706074395"/>
    <nd ref="8780767363"/>
    <nd ref="8780767364"/>
    <nd ref="8780767365"/>
    <nd ref="8780767366"/>
    <nd ref="8780767367"/>
    <nd ref="8780767368"/>
    <nd ref="8780767369"/>
    <nd ref="8780767370"/>
    <nd ref="8780767371"/>
    <nd ref="8780767372"/>
    <nd ref="8780767373"/>
    <nd ref="8780767374"/>
    <nd ref="8780767375"/>
    <nd ref="8780767376"/>
    <nd ref="8780767377"/>
    <nd ref="8780767378"/>
    <nd ref="8780767379"/>
    <nd ref="8780767380"/>
    <nd ref="8780767381"/>
    <nd ref="8780767382"/>
    <nd ref="8780767383"/>
    <nd ref="8780767384"/>
    <nd ref="8780767385"/>
    <nd ref="8780767386"/>
    <nd ref="8780767387"/>
    <nd ref="8780767388"/>
    <nd ref="8780767389"/>
    <nd ref="8780767390"/>
    <tag k="highway" v="unclassified"/>
  </way>
  <way id="948638850">
    <nd ref="8780767391"/>
    <nd ref="8780767392"/>
    <nd ref="8780767393"/>
    <tag k="highway" v="service"/>
  </way>
  <way id="948638851">
    <nd ref="8780767394"/>
    <nd ref="8780767395"/>
    <nd ref="8780767396"/>
    <nd ref="8780767397"/>
    <tag k="highway" v="service"/>
  </way>
  <way id="948638852">
    <nd ref="8780767398"/>
    <nd ref="8780767399"/>
    <nd ref="8780767406"/>
    <nd ref="8780767400"/>
    <nd ref="8780767401"/>
    <tag k="highway" v="residential"/>
  </way>
  <way id="948638853">
    <nd ref="1889560862"/>
    <nd ref="8780767403"/>
    <nd ref="8780767404"/>
    <nd ref="8780767405"/>
    <nd ref="8780767406"/>
    <tag k="highway" v="residential"/>
  </way>
  <way id="948638854">
    <nd ref="4441861693"/>
    <nd ref="8780767407"/>
    <nd ref="8780767408"/>
    <nd ref="8780767425"/>
    <nd ref="8780767409"/>
    <nd ref="4441861704"/>
    <nd ref="8780767410"/>
    <nd ref="8780767411"/>
    <nd ref="8780767412"/>
    <nd ref="8780767413"/>
    <nd ref="8780767414"/>
    <tag k="highway" v="residential"/>
  </way>
  <way id="948638855">
    <nd ref="8780767415"/>
    <nd ref="8780767416"/>
    <tag k="highway" v="residential"/>
  </way>
  <way id="948638856">
    <nd ref="8780767417"/>
    <nd ref="8780767418"/>
    <nd ref="8780767419"/>
    <nd ref="8780767420"/>
    <nd ref="8780767421"/>
    <nd ref="4441861701"/>
    <tag k="highway" v="residential"/>
  </way>
  <way id="948638857">
    <nd ref="8780767422"/>
    <nd ref="8780767423"/>
    <nd ref="8780767424"/>
    <nd ref="8780767425"/>
    <tag k="highway" v="residential"/>
  </way>
  <way id="948638858">
    <nd ref="8780767427"/>
    <nd ref="8780767428"/>
    <nd ref="8780767502"/>
    <nd ref="8780767429"/>
    <nd ref="8780767430"/>
    <nd ref="8780767431"/>
    <nd ref="8780767432"/>
    <tag k="highway" v="residential"/>
  </way>
  <way id="948638859">
    <nd ref="8780767430"/>
    <nd ref="8780767433"/>
    <nd ref="8780767456"/>
    <nd ref="8780767434"/>
    <nd ref="8780767435"/>
    <nd ref="8780767436"/>
    <tag k="highway" v="residential"/>
  </way>
  <way id="948638860">
    <nd ref="8780767428"/>
    <nd ref="8780767437"/>
    <nd ref="1889560684"/>
    <nd ref="8780767438"/>
    <nd ref="8780767439"/>
    <nd ref="8780767453"/>
    <nd ref="8780767440"/>
    <nd ref="8780767441"/>
    <nd ref="8780767436"/>
    <nd ref="8780767442"/>
    <nd ref="8780767443"/>
    <nd ref="8780767444"/>
    <nd ref="8780767445"/>
    <nd ref="8780767446"/>
    <nd ref="8780767447"/>
    <nd ref="8780767448"/>
    <nd ref="8780767449"/>
    <nd ref="8780767450"/>
    <nd ref="1889560659"/>
    <nd ref="8780767451"/>
    <nd ref="8780767452"/>
    <nd ref="8780767430"/>
    <tag k="highway" v="residential"/>
  </way>
  <way id="948638861">
    <nd ref="8780767453"/>
    <nd ref="8780767454"/>
    <nd ref="8780767455"/>
    <nd ref="8780767456"/>
    <nd ref="8780767457"/>
    <nd ref="8780767458"/>
    <tag k="highway" v="residential"/>
  </way>
  <way id="948638862">
    <nd ref="8780767435"/>
    <nd ref="8780767445"/>
    <tag k="highway" v="residential"/>
  </way>
  <way id="948638863">
    <nd ref="4441871973"/>
    <nd ref="8780767459"/>
    <nd ref="8780767460"/>
    <nd ref="8780767461"/>
    <nd ref="8780767462"/>
    <nd ref="8780767463"/>
    <nd ref="8780767464"/>
    <nd ref="8780767465"/>
    <nd ref="8780767466"/>
    <nd ref="8780767467"/>
    <nd ref="8780767468"/>
    <nd ref="8780767469"/>
    <nd ref="8780767470"/>
    <nd ref="8780767471"/>
    <nd ref="8780767472"/>
    <nd ref="8780767499"/>
    <nd ref="8780767473"/>
    <nd ref="8780767474"/>
    <nd ref="8780767496"/>
    <nd ref="8780767475"/>
    <nd ref="8780767476"/>
    <nd ref="8780767477"/>
    <nd ref="8780767478"/>
    <nd ref="8780767479"/>
    <nd ref="8780767480"/>
    <nd ref="8780767481"/>
    <nd ref="8780767482"/>
    <nd ref="8780767483"/>
    <nd ref="8780767484"/>
    <nd ref="8780767485"/>
    <nd ref="8780767486"/>
    <nd ref="8780767487"/>
    <nd ref="8780767488"/>
    <nd ref="8780767489"/>
    <nd ref="8780767490"/>
    <nd ref="8780767491"/>
    <nd ref="8780767492"/>
    <nd ref="8780767493"/>
    <nd ref="8780767494"/>
    <nd ref="8780767495"/>
    <tag k="highway" v="unclassified"/>
  </way>
  <way id="948638864">
    <nd ref="8780767496"/>
    <nd ref="8780767497"/>
    <nd ref="8780767498"/>
    <tag k="highway" v="service"/>
  </way>
  <way id="948638865">
    <nd ref="8780767499"/>
    <nd ref="8780767500"/>
    <nd ref="8780767501"/>
    <tag k="highway" v="service"/>
  </way>
  <way id="948638866">
    <nd ref="8780767502"/>
    <nd ref="8780767503"/>
    <tag k="highway" v="residential"/>
  </way>
  <way id="948638867">
    <nd ref="8780767431"/>
    <nd ref="8780767504"/>
    <tag k="highway" v="residential"/>
  </way>
  <way id="948638868">
    <nd ref="8780767429"/>
    <nd ref="8780767505"/>
    <nd ref="8780767506"/>
    <tag k="highway" v="residential"/>
  </way>
  <way id="948638869">
    <nd ref="8780767510"/>
    <nd ref="8780767511"/>
    <nd ref="8780767512"/>
    <nd ref="8780767513"/>
    <nd ref="8780767514"/>
    <tag k="highway" v="service"/>
  </way>
  <way id="948638870">
    <nd ref="8780738602"/>
    <nd ref="8780767515"/>
    <nd ref="8780767516"/>
    <nd ref="8780767517"/>
    <nd ref="8780767518"/>
    <tag k="highway" v="residential"/>
  </way>
  <way id="948638871">
    <nd ref="6696638949"/>
    <nd ref="8780767521"/>
    <nd ref="8780767522"/>
    <nd ref="8780767523"/>
    <nd ref="8780767343"/>
    <tag k="highway" v="unclassified"/>
  </way>
  <way id="948638872">
    <nd ref="8780767524"/>
    <nd ref="6696638947"/>
    <tag k="highway" v="service"/>
  </way>
  <way id="948638873">
    <nd ref="1889560835"/>
    <nd ref="13272849988"/>
    <nd ref="1889560851"/>
    <nd ref="8780738605"/>
    <nd ref="1889560933"/>
    <nd ref="8780738609"/>
    <nd ref="1889560959"/>
    <nd ref="1889560971"/>
    <tag k="highway" v="secondary"/>
    <tag k="oneway" v="yes"/>
    <tag k="ref" v="20-77"/>
    <tag k="source" v="bing"/>
  </way>
  <way id="948638874">
    <nd ref="1889560979"/>
    <nd ref="8780767349"/>
    <nd ref="1889560938"/>
    <nd ref="212612003"/>
    <nd ref="6696632656"/>
    <tag k="highway" v="secondary"/>
    <tag k="oneway" v="yes"/>
    <tag k="ref" v="20-77"/>
    <tag k="source" v="bing"/>
  </way>
  <way id="948639518">
    <nd ref="8780752215"/>
    <nd ref="8780752216"/>
    <nd ref="8780772917"/>
    <nd ref="8780772918"/>
    <nd ref="8780772919"/>
    <nd ref="8780772920"/>
    <tag k="highway" v="service"/>
  </way>
  <way id="948639519">
    <nd ref="8780772917"/>
    <nd ref="8780772921"/>
    <nd ref="8780772922"/>
    <nd ref="8780772923"/>
    <nd ref="8780772924"/>
    <nd ref="8780772925"/>
    <nd ref="8780772926"/>
    <nd ref="8780772927"/>
    <nd ref="8780772928"/>
    <nd ref="8780772929"/>
    <tag k="highway" v="service"/>
  </way>
  <way id="1176281831">
    <nd ref="1307068849"/>
    <nd ref="10929151396"/>
    <nd ref="10929151397"/>
    <nd ref="10929151398"/>
    <nd ref="10929151399"/>
    <nd ref="10929151400"/>
    <nd ref="10929151401"/>
    <nd ref="10929151402"/>
    <nd ref="10929151403"/>
    <nd ref="10929151404"/>
    <nd ref="10929152705"/>
    <nd ref="10929152706"/>
    <nd ref="10929152707"/>
    <nd ref="10929152708"/>
    <nd ref="10929152709"/>
    <nd ref="10929152710"/>
    <nd ref="10929152711"/>
    <nd ref="10929152712"/>
    <nd ref="10929152713"/>
    <nd ref="10929152714"/>
    <nd ref="10929152715"/>
    <nd ref="10929152716"/>
    <nd ref="10929152717"/>
    <nd ref="10929152718"/>
    <nd ref="10929152719"/>
    <nd ref="10929152720"/>
    <nd ref="10929152721"/>
    <nd ref="10929152722"/>
    <nd ref="10929152723"/>
    <nd ref="10929152724"/>
    <nd ref="10929152725"/>
    <nd ref="10929152726"/>
    <nd ref="10929152727"/>
    <nd ref="10929152728"/>
    <nd ref="10929152729"/>
    <nd ref="10929152730"/>
    <nd ref="10929152731"/>
    <nd ref="10929152732"/>
    <nd ref="10929152733"/>
    <nd ref="10929152734"/>
    <nd ref="10929152735"/>
    <nd ref="10929152736"/>
    <nd ref="10929152737"/>
    <nd ref="10929152738"/>
    <nd ref="10929152739"/>
    <nd ref="10929152740"/>
    <nd ref="10929152741"/>
    <nd ref="10929152742"/>
    <nd ref="10929152743"/>
    <nd ref="10929152744"/>
    <nd ref="10929152745"/>
    <nd ref="10929152746"/>
    <nd ref="10929152747"/>
    <nd ref="10929152748"/>
    <nd ref="10929152749"/>
    <nd ref="10929152750"/>
    <nd ref="10929152751"/>
    <nd ref="10929152752"/>
    <nd ref="10929152753"/>
    <nd ref="10929152754"/>
    <nd ref="10929152755"/>
    <nd ref="10929152756"/>
    <nd ref="10929152757"/>
    <nd ref="10929152758"/>
    <nd ref="10929152759"/>
    <nd ref="10929152760"/>
    <nd ref="10929152761"/>
    <nd ref="10929152762"/>
    <nd ref="10929152763"/>
    <nd ref="10929152764"/>
    <nd ref="10929152765"/>
    <nd ref="10929152766"/>
    <nd ref="10929152767"/>
    <nd ref="10929152768"/>
    <nd ref="10929152769"/>
    <nd ref="10929152770"/>
    <nd ref="10929152771"/>
    <nd ref="10929152772"/>
    <tag k="highway" v="track"/>
    <tag k="tracktype" v="grade2"/>
  </way>
  <way id="1176281832">
    <nd ref="10929152772"/>
    <nd ref="10929152773"/>
    <nd ref="10929152774"/>
    <nd ref="10929152775"/>
    <nd ref="10929152776"/>
    <nd ref="10929152777"/>
    <nd ref="10929152778"/>
    <nd ref="10929152779"/>
    <nd ref="10929152780"/>
    <nd ref="10929152781"/>
    <nd ref="10929152782"/>
    <nd ref="10929152783"/>
    <nd ref="10929152784"/>
    <nd ref="10929152785"/>
    <nd ref="10929152786"/>
    <nd ref="10929152787"/>
    <nd ref="10929152788"/>
    <nd ref="10929152789"/>
    <nd ref="10929152790"/>
    <nd ref="10929152791"/>
    <nd ref="10929152792"/>
    <nd ref="10929152793"/>
    <nd ref="10929152794"/>
    <nd ref="10929152795"/>
    <nd ref="10929152796"/>
    <nd ref="10929152797"/>
    <nd ref="10929152798"/>
    <nd ref="10929152799"/>
    <nd ref="10929152800"/>
    <nd ref="10929152801"/>
    <nd ref="10929152802"/>
    <nd ref="10929152803"/>
    <nd ref="10929152804"/>
    <nd ref="10929152805"/>
    <nd ref="10929152806"/>
    <nd ref="10929152807"/>
    <nd ref="10929152808"/>
    <nd ref="10929152809"/>
    <nd ref="10929152810"/>
    <nd ref="10929152811"/>
    <nd ref="10929152812"/>
    <nd ref="10929152813"/>
    <nd ref="10929152814"/>
    <nd ref="10929152815"/>
    <nd ref="10929152816"/>
    <nd ref="10929152817"/>
    <nd ref="10929152818"/>
    <nd ref="10929152819"/>
    <nd ref="10929152820"/>
    <nd ref="10929152821"/>
    <nd ref="10929152822"/>
    <nd ref="10929152823"/>
    <nd ref="10929152824"/>
    <nd ref="10929152825"/>
    <nd ref="10929152826"/>
    <nd ref="10929152827"/>
    <nd ref="10929152828"/>
    <nd ref="10929152829"/>
    <nd ref="10929152830"/>
    <nd ref="10929152831"/>
    <nd ref="10929152832"/>
    <nd ref="10929152833"/>
    <nd ref="10929152834"/>
    <nd ref="10929152835"/>
    <nd ref="10929152836"/>
    <nd ref="10929152837"/>
    <nd ref="10929152838"/>
    <nd ref="10929152839"/>
    <nd ref="10929152840"/>
    <nd ref="1307071195"/>
    <tag k="highway" v="track"/>
    <tag k="tracktype" v="grade2"/>
  </way>
  <way id="1176281833">
    <nd ref="10929152856"/>
    <nd ref="10929152857"/>
    <nd ref="10929152858"/>
    <nd ref="10929152859"/>
    <nd ref="10929152860"/>
    <nd ref="10929152861"/>
    <nd ref="10929152862"/>
    <nd ref="10929152863"/>
    <nd ref="10929152864"/>
    <nd ref="10929152865"/>
    <nd ref="10929152866"/>
    <nd ref="10929152867"/>
    <nd ref="10929152868"/>
    <nd ref="10929152869"/>
    <nd ref="10929152870"/>
    <nd ref="10929152871"/>
    <nd ref="10929152872"/>
    <nd ref="10929152873"/>
    <nd ref="10929152874"/>
    <nd ref="10929152875"/>
    <nd ref="10929152876"/>
    <nd ref="10929152877"/>
    <nd ref="10929152878"/>
    <nd ref="10929152879"/>
    <nd ref="10929152880"/>
    <nd ref="10929152881"/>
    <nd ref="10929152882"/>
    <nd ref="10929152883"/>
    <nd ref="10929152884"/>
    <nd ref="10929152885"/>
    <nd ref="10929152886"/>
    <nd ref="10929152887"/>
    <nd ref="10929152888"/>
    <nd ref="10929152889"/>
    <nd ref="10929152890"/>
    <nd ref="10929152891"/>
    <nd ref="10929152892"/>
    <nd ref="10929152893"/>
    <nd ref="10929152894"/>
    <nd ref="10929152895"/>
    <nd ref="10929152896"/>
    <nd ref="10929152897"/>
    <nd ref="10929152898"/>
    <nd ref="10929152899"/>
    <nd ref="10929152900"/>
    <nd ref="10929152901"/>
    <nd ref="10929152902"/>
    <nd ref="10929152903"/>
    <nd ref="10929152904"/>
    <nd ref="10929152905"/>
    <nd ref="10929152906"/>
    <nd ref="10929152907"/>
    <nd ref="10929152908"/>
    <nd ref="10929152909"/>
    <nd ref="10929152910"/>
    <nd ref="10929152911"/>
    <tag k="highway" v="track"/>
  </way>
  <way id="1176281834">
    <nd ref="10929152797"/>
    <nd ref="10929152912"/>
    <nd ref="10929152913"/>
    <nd ref="10929152914"/>
    <nd ref="10929152915"/>
    <nd ref="10929152916"/>
    <nd ref="10929152917"/>
    <nd ref="10929152918"/>
    <nd ref="10929152919"/>
    <nd ref="10929152920"/>
    <nd ref="10929152921"/>
    <nd ref="10929152922"/>
    <nd ref="10929152923"/>
    <nd ref="10929152924"/>
    <nd ref="10929152925"/>
    <nd ref="10929152926"/>
    <nd ref="10929152927"/>
    <nd ref="10929152928"/>
    <nd ref="10929152929"/>
    <nd ref="10929152930"/>
    <nd ref="10929152931"/>
    <nd ref="10929152932"/>
    <nd ref="10929152933"/>
    <nd ref="10929152934"/>
    <nd ref="10929152935"/>
    <nd ref="10929152936"/>
    <nd ref="10929152937"/>
    <nd ref="10929152938"/>
    <nd ref="10929152939"/>
    <nd ref="10929152940"/>
    <nd ref="10929152941"/>
    <nd ref="10929152942"/>
    <nd ref="10929152943"/>
    <nd ref="10929152944"/>
    <nd ref="10929152945"/>
    <nd ref="10929152946"/>
    <nd ref="10929152947"/>
    <nd ref="10929152948"/>
    <nd ref="10929152949"/>
    <nd ref="10929152950"/>
    <nd ref="10929152951"/>
    <nd ref="10929152952"/>
    <nd ref="10929152953"/>
    <nd ref="10929152954"/>
    <nd ref="10929152955"/>
    <nd ref="10929152956"/>
    <nd ref="10929152957"/>
    <nd ref="10929152958"/>
    <nd ref="10929152959"/>
    <nd ref="10929152960"/>
    <nd ref="10929152961"/>
    <nd ref="10929152962"/>
    <nd ref="10929152963"/>
    <nd ref="10929152964"/>
    <nd ref="10929152965"/>
    <nd ref="10929152966"/>
    <nd ref="10929152967"/>
    <nd ref="10929152968"/>
    <nd ref="10929152969"/>
    <nd ref="10929152970"/>
    <nd ref="10929152971"/>
    <nd ref="10929152972"/>
    <nd ref="10929152973"/>
    <nd ref="10929152974"/>
    <nd ref="10929152975"/>
    <nd ref="10929152976"/>
    <nd ref="10929152977"/>
    <nd ref="10929152978"/>
    <nd ref="10929152979"/>
    <nd ref="10929152980"/>
    <nd ref="10929152981"/>
    <nd ref="10929152982"/>
    <nd ref="10929152983"/>
    <nd ref="10929152984"/>
    <nd ref="10929152985"/>
    <nd ref="10929152986"/>
    <nd ref="10929152987"/>
    <nd ref="10929152988"/>
    <nd ref="10929152989"/>
    <nd ref="10929152990"/>
    <tag k="highway" v="track"/>
  </way>
  <way id="1176281835">
    <nd ref="10929152996"/>
    <nd ref="10929152997"/>
    <nd ref="10929152998"/>
    <nd ref="10929152999"/>
    <nd ref="10929153000"/>
    <nd ref="10929153001"/>
    <nd ref="10929153002"/>
    <nd ref="10929153003"/>
    <nd ref="10929153004"/>
    <nd ref="10929153005"/>
    <nd ref="10929153006"/>
    <nd ref="10929153007"/>
    <nd ref="10929153008"/>
    <nd ref="10929153009"/>
    <nd ref="10929153010"/>
    <nd ref="10929153011"/>
    <nd ref="10929153012"/>
    <nd ref="10929153013"/>
    <nd ref="10929153014"/>
    <nd ref="10929153015"/>
    <nd ref="10929153016"/>
    <nd ref="10929153017"/>
    <nd ref="10929153018"/>
    <nd ref="10929153019"/>
    <nd ref="10929153020"/>
    <nd ref="10929153021"/>
    <nd ref="10929153022"/>
    <nd ref="10929153023"/>
    <nd ref="10929153024"/>
    <nd ref="10929153025"/>
    <nd ref="10929153026"/>
    <nd ref="10929153027"/>
    <nd ref="10929153028"/>
    <nd ref="10929153029"/>
    <nd ref="10929153030"/>
    <nd ref="10929153031"/>
    <nd ref="10929153032"/>
    <nd ref="10929153033"/>
    <nd ref="10929153034"/>
    <nd ref="10929153035"/>
    <nd ref="10929153036"/>
    <nd ref="10929153037"/>
    <nd ref="10929153038"/>
    <nd ref="10929153039"/>
    <nd ref="10929153040"/>
    <nd ref="10929153041"/>
    <nd ref="10929153042"/>
    <nd ref="10929153043"/>
    <nd ref="10929153044"/>
    <tag k="highway" v="track"/>
  </way>
  <way id="1176286579">
    <nd ref="1307068966"/>
    <nd ref="10929193681"/>
    <nd ref="10929193682"/>
    <nd ref="10929193683"/>
    <nd ref="10929193684"/>
    <nd ref="10929193685"/>
    <nd ref="10929193686"/>
    <nd ref="10929193687"/>
    <nd ref="10929193688"/>
    <nd ref="10929193689"/>
    <nd ref="10929193690"/>
    <nd ref="10929193691"/>
    <nd ref="10929193692"/>
    <nd ref="10929193693"/>
    <nd ref="10929193694"/>
    <nd ref="10929193695"/>
    <nd ref="10929193696"/>
    <nd ref="10929193697"/>
    <nd ref="10929193698"/>
    <nd ref="10929193699"/>
    <nd ref="10929193700"/>
    <nd ref="10929193701"/>
    <nd ref="10929193702"/>
    <nd ref="10929193703"/>
    <nd ref="10929193704"/>
    <nd ref="10929196405"/>
    <nd ref="10929196406"/>
    <nd ref="10929196407"/>
    <nd ref="10929196408"/>
    <nd ref="10929196409"/>
    <nd ref="10929196410"/>
    <nd ref="10929196411"/>
    <nd ref="10929196412"/>
    <nd ref="10929196413"/>
    <nd ref="10929196414"/>
    <nd ref="10929196415"/>
    <nd ref="10929196416"/>
    <nd ref="10929196417"/>
    <nd ref="10929196418"/>
    <nd ref="10929196419"/>
    <nd ref="10929196420"/>
    <nd ref="10929196421"/>
    <nd ref="10929196422"/>
    <nd ref="10929196423"/>
    <nd ref="10929196424"/>
    <nd ref="10929196425"/>
    <nd ref="10929196426"/>
    <nd ref="10929196427"/>
    <nd ref="10929196428"/>
    <nd ref="10929196429"/>
    <nd ref="10929196430"/>
    <nd ref="10929196431"/>
    <nd ref="10929196432"/>
    <nd ref="10929196433"/>
    <nd ref="10929196434"/>
    <nd ref="10929196435"/>
    <nd ref="10929196436"/>
    <nd ref="10929196437"/>
    <nd ref="10929196438"/>
    <nd ref="10929196439"/>
    <nd ref="10929196440"/>
    <nd ref="10929196441"/>
    <nd ref="10929196442"/>
    <nd ref="10929196443"/>
    <nd ref="10929196444"/>
    <nd ref="10929196445"/>
    <nd ref="10929196446"/>
    <nd ref="10929196447"/>
    <nd ref="10929196448"/>
    <nd ref="10929196449"/>
    <nd ref="10929196450"/>
    <nd ref="10929196451"/>
    <nd ref="10929196452"/>
    <nd ref="10929196453"/>
    <nd ref="10929196454"/>
    <nd ref="10929196455"/>
    <nd ref="10929196456"/>
    <nd ref="10929196457"/>
    <nd ref="10929153166"/>
    <nd ref="10929196458"/>
    <nd ref="10929196459"/>
    <nd ref="10929196460"/>
    <nd ref="10929196461"/>
    <nd ref="10929196462"/>
    <nd ref="10929196463"/>
    <nd ref="10929196464"/>
    <nd ref="10929196465"/>
    <nd ref="10929196466"/>
    <nd ref="10929196467"/>
    <nd ref="10929196468"/>
    <nd ref="10929196469"/>
    <nd ref="10929196470"/>
    <nd ref="10929196471"/>
    <nd ref="10929196472"/>
    <nd ref="10929196473"/>
    <nd ref="10929196474"/>
    <nd ref="10929196475"/>
    <nd ref="10929196476"/>
    <nd ref="10929196477"/>
    <nd ref="10929196478"/>
    <nd ref="10929196479"/>
    <nd ref="10929196480"/>
    <nd ref="10929196481"/>
    <nd ref="10929196482"/>
    <nd ref="10929196483"/>
    <nd ref="10929196484"/>
    <nd ref="10929196485"/>
    <nd ref="10929196486"/>
    <nd ref="10929196487"/>
    <nd ref="10929196488"/>
    <nd ref="10929196489"/>
    <nd ref="10929196490"/>
    <nd ref="10929196491"/>
    <nd ref="10929196492"/>
    <nd ref="10929196493"/>
    <nd ref="10929196494"/>
    <nd ref="10929196495"/>
    <nd ref="10929196496"/>
    <nd ref="10929196497"/>
    <nd ref="10929196498"/>
    <nd ref="10929196499"/>
    <nd ref="10929196500"/>
    <nd ref="10929196501"/>
    <nd ref="10929196502"/>
    <nd ref="10929196503"/>
    <nd ref="10929196504"/>
    <nd ref="10929196505"/>
    <nd ref="10929196506"/>
    <nd ref="10929196507"/>
    <nd ref="10929196508"/>
    <nd ref="10929196509"/>
    <nd ref="10929196510"/>
    <nd ref="10929196511"/>
    <nd ref="10929196512"/>
    <nd ref="10929196513"/>
    <nd ref="10929152772"/>
    <tag k="highway" v="track"/>
  </way>
  <way id="1176286580">
    <nd ref="10929152772"/>
    <nd ref="10929196514"/>
    <nd ref="10929196515"/>
    <nd ref="10929196516"/>
    <nd ref="10929196517"/>
    <nd ref="10929196518"/>
    <nd ref="10929196519"/>
    <nd ref="10929196520"/>
    <nd ref="10929196521"/>
    <nd ref="10929196522"/>
    <nd ref="10929196523"/>
    <nd ref="10929196524"/>
    <nd ref="10929196525"/>
    <nd ref="10929196526"/>
    <nd ref="10929196527"/>
    <nd ref="10929196528"/>
    <nd ref="10929196529"/>
    <nd ref="10929196530"/>
    <nd ref="10929196531"/>
    <nd ref="10929196532"/>
    <nd ref="10929196533"/>
    <nd ref="10929196534"/>
    <nd ref="10929196535"/>
    <nd ref="10929196536"/>
    <nd ref="10929196537"/>
    <nd ref="10929196538"/>
    <nd ref="10929196539"/>
    <nd ref="10929196540"/>
    <nd ref="10929196541"/>
    <nd ref="10929196542"/>
    <nd ref="10929196543"/>
    <nd ref="10929196544"/>
    <nd ref="10929196545"/>
    <nd ref="10929196546"/>
    <nd ref="10929196547"/>
    <nd ref="10929196548"/>
    <nd ref="10929196549"/>
    <nd ref="10929196550"/>
    <nd ref="10929196551"/>
    <nd ref="10929196552"/>
    <nd ref="10929196553"/>
    <nd ref="10929196554"/>
    <nd ref="10929196555"/>
    <nd ref="10929196556"/>
    <nd ref="10929196557"/>
    <nd ref="10929196558"/>
    <nd ref="10929196559"/>
    <nd ref="10929196560"/>
    <nd ref="10929196561"/>
    <nd ref="10929196562"/>
    <nd ref="10929196563"/>
    <nd ref="10929196564"/>
    <nd ref="10929196565"/>
    <nd ref="10929196566"/>
    <nd ref="10929196567"/>
    <tag k="highway" v="track"/>
  </way>
  <way id="1192367807">
    <nd ref="11068907303"/>
    <nd ref="11068907302"/>
    <nd ref="11068907301"/>
    <nd ref="11068907300"/>
    <nd ref="11068907299"/>
    <nd ref="11068907298"/>
    <nd ref="11068907297"/>
    <nd ref="11068907296"/>
    <nd ref="11068907295"/>
    <nd ref="11068907294"/>
    <nd ref="11068907293"/>
    <nd ref="11068907292"/>
    <nd ref="11068907291"/>
    <nd ref="11068907290"/>
    <nd ref="11068907289"/>
    <nd ref="11068907288"/>
    <nd ref="11068907287"/>
    <nd ref="11068907286"/>
    <nd ref="11068907285"/>
    <nd ref="11068907284"/>
    <nd ref="11068907283"/>
    <nd ref="11068907282"/>
    <nd ref="11068907281"/>
    <nd ref="11068907280"/>
    <nd ref="11068907279"/>
    <nd ref="11068907278"/>
    <nd ref="11068907277"/>
    <nd ref="11068907276"/>
    <nd ref="11068907275"/>
    <nd ref="11068907274"/>
    <nd ref="11068907273"/>
    <nd ref="11068907272"/>
    <nd ref="11068907271"/>
    <nd ref="11068907270"/>
    <nd ref="11068907269"/>
    <nd ref="11068907268"/>
    <nd ref="3706088296"/>
    <tag k="highway" v="track"/>
    <tag k="source" v="mapbox"/>
  </way>
  <way id="1230573567">
    <nd ref="3706084920"/>
    <nd ref="3706084913"/>
    <nd ref="3706084908"/>
    <nd ref="3706084903"/>
    <tag k="highway" v="residential"/>
    <tag k="source" v="bing"/>
  </way>
  <way id="1230573569">
    <nd ref="3706084878"/>
    <nd ref="3706084877"/>
    <nd ref="4441819707"/>
    <nd ref="3706084871"/>
    <nd ref="3706084867"/>
    <nd ref="1889560745"/>
    <tag k="highway" v="residential"/>
    <tag k="source" v="bing"/>
  </way>
  <way id="1446586946">
    <nd ref="1889560829"/>
    <nd ref="13272849991"/>
    <nd ref="1889560851"/>
    <tag k="highway" v="secondary_link"/>
    <tag k="oneway" v="yes"/>
  </way>
  <way id="1457821487">
    <nd ref="13369841169"/>
    <nd ref="13369841170"/>
    <nd ref="13369841171"/>
    <nd ref="13369841172"/>
    <nd ref="13369841173"/>
    <nd ref="13369841174"/>
    <nd ref="13369841175"/>
    <nd ref="13369841176"/>
    <nd ref="13369841177"/>
    <nd ref="13369841178"/>
    <nd ref="13369841179"/>
    <nd ref="13369841180"/>
    <nd ref="13369841181"/>
    <nd ref="13369841182"/>
    <nd ref="13369841183"/>
    <nd ref="13432091468"/>
    <nd ref="13369841184"/>
    <nd ref="13369841185"/>
    <nd ref="13369841186"/>
    <nd ref="13369841187"/>
    <nd ref="13369841188"/>
    <nd ref="13369841189"/>
    <nd ref="13369841190"/>
    <nd ref="13369841191"/>
    <nd ref="13369841192"/>
    <nd ref="13369841193"/>
    <nd ref="13369841194"/>
    <nd ref="13369841195"/>
    <nd ref="13369841196"/>
    <nd ref="13432118752"/>
    <nd ref="13369841197"/>
    <nd ref="13369841198"/>
    <nd ref="13369841199"/>
    <nd ref="13369841200"/>
    <nd ref="13369886801"/>
    <nd ref="13369886802"/>
    <nd ref="13369886803"/>
    <nd ref="13369886804"/>
    <nd ref="13369886805"/>
    <nd ref="13369886806"/>
    <nd ref="13369886807"/>
    <nd ref="13369886808"/>
    <nd ref="13369886809"/>
    <nd ref="13369886810"/>
    <nd ref="13369886811"/>
    <tag k="highway" v="unclassified"/>
  </way>
  <way id="1457821488">
    <nd ref="13369886811"/>
    <nd ref="13369886812"/>
    <nd ref="13369886813"/>
    <nd ref="13369886814"/>
    <nd ref="13369886815"/>
    <nd ref="13369886816"/>
    <nd ref="13369886817"/>
    <nd ref="13369886818"/>
    <nd ref="13369886819"/>
    <nd ref="13369886820"/>
    <nd ref="13369886821"/>
    <nd ref="13369886822"/>
    <nd ref="13369886823"/>
    <nd ref="13369886824"/>
    <nd ref="13369886825"/>
    <nd ref="13369886826"/>
    <nd ref="13369886827"/>
    <nd ref="13369886828"/>
    <nd ref="13369886829"/>
    <nd ref="13369886830"/>
    <nd ref="13369886831"/>
    <nd ref="13369886832"/>
    <nd ref="13369886833"/>
    <nd ref="13369886834"/>
    <nd ref="13369886835"/>
    <nd ref="13369886836"/>
    <nd ref="13369886837"/>
    <nd ref="13369886838"/>
    <nd ref="13369886839"/>
    <nd ref="13369886840"/>
    <nd ref="13369886841"/>
    <nd ref="13369886842"/>
    <nd ref="13369886843"/>
    <nd ref="13369886844"/>
    <nd ref="13369886845"/>
    <nd ref="13369886846"/>
    <nd ref="13369886847"/>
    <nd ref="13369886848"/>
    <nd ref="13369886849"/>
    <nd ref="13369886850"/>
    <nd ref="13369886851"/>
    <nd ref="13369886852"/>
    <nd ref="13369886853"/>
    <nd ref="13369886854"/>
    <nd ref="13369886855"/>
    <nd ref="13369886856"/>
    <nd ref="13369886857"/>
    <nd ref="13432118753"/>
    <nd ref="13369886858"/>
    <nd ref="13369886859"/>
    <nd ref="13369886860"/>
    <nd ref="13369886861"/>
    <nd ref="13369886862"/>
    <nd ref="13369886863"/>
    <nd ref="13369886864"/>
    <nd ref="13369886865"/>
    <nd ref="13369886866"/>
    <nd ref="13369886867"/>
    <nd ref="13369886868"/>
    <nd ref="13369886869"/>
    <nd ref="13369886870"/>
    <nd ref="13369886871"/>
    <nd ref="13369886872"/>
    <nd ref="13369886873"/>
    <nd ref="13369886874"/>
    <nd ref="13369886875"/>
    <nd ref="13369886876"/>
    <nd ref="13369886877"/>
    <nd ref="13369886878"/>
    <nd ref="13369886879"/>
    <nd ref="13369886880"/>
    <nd ref="13369886881"/>
    <nd ref="13369886882"/>
    <nd ref="13369886883"/>
    <nd ref="13369886884"/>
    <nd ref="13369886885"/>
    <nd ref="13369886886"/>
    <nd ref="13369886887"/>
    <nd ref="13369886888"/>
    <nd ref="13369886889"/>
    <nd ref="13369886890"/>
    <nd ref="13369886891"/>
    <nd ref="13369886892"/>
    <nd ref="13369886893"/>
    <nd ref="13369886894"/>
    <nd ref="13369886895"/>
    <nd ref="13369886896"/>
    <nd ref="13369886897"/>
    <nd ref="13369886898"/>
    <nd ref="13369886899"/>
    <nd ref="13369886900"/>
    <nd ref="13369886901"/>
    <nd ref="13369886902"/>
    <nd ref="13369886903"/>
    <nd ref="13369886904"/>
    <nd ref="13369886990"/>
    <nd ref="13369886905"/>
    <nd ref="13369886906"/>
    <nd ref="13369886907"/>
    <nd ref="13369886908"/>
    <nd ref="3706430089"/>
    <tag k="highway" v="unclassified"/>
  </way>
  <way id="1457821489">
    <nd ref="13369886909"/>
    <nd ref="13369886910"/>
    <nd ref="13369886911"/>
    <nd ref="13369886912"/>
    <nd ref="13369886913"/>
    <nd ref="13369886914"/>
    <nd ref="13369886915"/>
    <nd ref="13369886916"/>
    <nd ref="13369886917"/>
    <nd ref="13369886918"/>
    <nd ref="13369886919"/>
    <nd ref="13369886920"/>
    <nd ref="13369886921"/>
    <nd ref="13369886922"/>
    <nd ref="13369886923"/>
    <nd ref="13369886924"/>
    <nd ref="13369886925"/>
    <nd ref="13369886926"/>
    <nd ref="13369886927"/>
    <nd ref="13369886928"/>
    <nd ref="13369886929"/>
    <nd ref="13369886930"/>
    <nd ref="13369886931"/>
    <nd ref="13369886932"/>
    <nd ref="13369886933"/>
    <nd ref="13369886934"/>
    <nd ref="13369886935"/>
    <nd ref="13369886936"/>
    <nd ref="13369886937"/>
    <nd ref="13369886938"/>
    <nd ref="13369886939"/>
    <nd ref="13369886940"/>
    <nd ref="13369886941"/>
    <nd ref="13369886942"/>
    <nd ref="13369886943"/>
    <nd ref="13369886944"/>
    <nd ref="13369886945"/>
    <nd ref="13369886946"/>
    <nd ref="13369886947"/>
    <nd ref="13369886991"/>
    <nd ref="13369886948"/>
    <nd ref="13369886949"/>
    <nd ref="13369886950"/>
    <nd ref="13369886951"/>
    <nd ref="13369886952"/>
    <nd ref="13369886953"/>
    <nd ref="13369886954"/>
    <nd ref="13369886955"/>
    <nd ref="13369886956"/>
    <nd ref="13369886957"/>
    <nd ref="13369886958"/>
    <nd ref="13369886959"/>
    <nd ref="13369886960"/>
    <nd ref="13369886961"/>
    <nd ref="13369886962"/>
    <nd ref="13369886963"/>
    <nd ref="13369886964"/>
    <nd ref="13369886965"/>
    <nd ref="13369886966"/>
    <nd ref="13369886967"/>
    <nd ref="13369886968"/>
    <nd ref="13369886969"/>
    <nd ref="13369886970"/>
    <nd ref="13369886971"/>
    <nd ref="13369886972"/>
    <nd ref="13369886973"/>
    <nd ref="13369886974"/>
    <nd ref="13369886975"/>
    <nd ref="13369886976"/>
    <nd ref="13369886977"/>
    <nd ref="13369886978"/>
    <nd ref="13369886979"/>
    <nd ref="13369886980"/>
    <nd ref="13369886981"/>
    <nd ref="13369886982"/>
    <nd ref="13369886983"/>
    <nd ref="13369886984"/>
    <nd ref="13369886985"/>
    <nd ref="13369886986"/>
    <nd ref="13369886987"/>
    <nd ref="13369886988"/>
    <nd ref="13369886989"/>
    <nd ref="13369886990"/>
    <tag k="highway" v="track"/>
  </way>
  <way id="1457821490">
    <nd ref="13369886991"/>
    <nd ref="13369886992"/>
    <nd ref="13369886993"/>
    <nd ref="13369886994"/>
    <nd ref="13369886995"/>
    <nd ref="13369886996"/>
    <nd ref="13369886997"/>
    <nd ref="13369886999"/>
    <nd ref="13369886998"/>
    <nd ref="13369887000"/>
    <nd ref="13369887001"/>
    <nd ref="13369887002"/>
    <nd ref="13369887003"/>
    <nd ref="13369887004"/>
    <nd ref="13369887005"/>
    <nd ref="13369887006"/>
    <nd ref="13369887007"/>
    <nd ref="13369887008"/>
    <nd ref="13369887009"/>
    <nd ref="13369887010"/>
    <nd ref="13369887011"/>
    <nd ref="13369887012"/>
    <nd ref="13369887013"/>
    <tag k="highway" v="track"/>
  </way>
  <way id="1463961141">
    <nd ref="13428971068"/>
    <nd ref="13428971069"/>
    <nd ref="13428971070"/>
    <nd ref="13428971071"/>
    <tag k="highway" v="residential"/>
  </way>
  <way id="1464300500">
    <nd ref="13432035110"/>
    <nd ref="13431981094"/>
    <nd ref="13431981093"/>
    <nd ref="13431981092"/>
    <nd ref="13431981091"/>
    <nd ref="13431981090"/>
    <nd ref="13431981089"/>
    <nd ref="13431981088"/>
    <nd ref="13431981087"/>
    <nd ref="13431981086"/>
    <nd ref="13431981085"/>
    <nd ref="13431981084"/>
    <nd ref="13431981083"/>
    <nd ref="13431981082"/>
    <nd ref="13431981081"/>
    <nd ref="13431981080"/>
    <nd ref="13431981079"/>
    <nd ref="13431981078"/>
    <nd ref="13431981077"/>
    <nd ref="13431981076"/>
    <nd ref="13431981075"/>
    <nd ref="13431981074"/>
    <nd ref="13431981073"/>
    <nd ref="13431981072"/>
    <nd ref="13431981071"/>
    <nd ref="13431981070"/>
    <nd ref="13431981069"/>
    <nd ref="13431981068"/>
    <nd ref="13431981067"/>
    <nd ref="13431981066"/>
    <nd ref="13431981065"/>
    <nd ref="13431981064"/>
    <nd ref="13431981063"/>
    <nd ref="13431981062"/>
    <nd ref="13431981061"/>
    <nd ref="13431981060"/>
    <nd ref="13431981059"/>
    <nd ref="13431981058"/>
    <nd ref="13431981057"/>
    <nd ref="13431981056"/>
    <nd ref="13431981055"/>
    <tag k="highway" v="unclassified"/>
  </way>
  <way id="1464300501">
    <nd ref="1889560869"/>
    <nd ref="13432035240"/>
    <nd ref="13432035239"/>
    <nd ref="13432035238"/>
    <nd ref="13432035237"/>
    <nd ref="13432035236"/>
    <nd ref="13432035235"/>
    <nd ref="13432035234"/>
    <nd ref="13432035233"/>
    <nd ref="13432035232"/>
    <nd ref="13432035231"/>
    <nd ref="13432035230"/>
    <nd ref="13432035229"/>
    <nd ref="13432035228"/>
    <nd ref="13432035227"/>
    <nd ref="13432035226"/>
    <nd ref="13432035225"/>
    <nd ref="13432035224"/>
    <nd ref="13432035223"/>
    <nd ref="13432035222"/>
    <nd ref="13432035221"/>
    <nd ref="13432035220"/>
    <nd ref="13432035219"/>
    <nd ref="13432035218"/>
    <nd ref="13432035217"/>
    <nd ref="13432035216"/>
    <nd ref="13432035215"/>
    <nd ref="13432035214"/>
    <nd ref="13432035213"/>
    <nd ref="13432035212"/>
    <nd ref="13432035211"/>
    <nd ref="13432035210"/>
    <nd ref="13432035209"/>
    <nd ref="13432035208"/>
    <nd ref="13432035207"/>
    <nd ref="13432035206"/>
    <nd ref="13432035205"/>
    <nd ref="13432035204"/>
    <nd ref="13432035203"/>
    <nd ref="13432035202"/>
    <nd ref="13432035201"/>
    <nd ref="13432035200"/>
    <nd ref="13432035199"/>
    <nd ref="13432035198"/>
    <nd ref="13432035197"/>
    <nd ref="13432035196"/>
    <nd ref="13432035195"/>
    <nd ref="13432035194"/>
    <nd ref="13432035193"/>
    <nd ref="13432035192"/>
    <nd ref="13432035191"/>
    <nd ref="13432035190"/>
    <nd ref="13432035189"/>
    <nd ref="13432035188"/>
    <nd ref="13432035187"/>
    <nd ref="13432035186"/>
    <nd ref="13432035185"/>
    <nd ref="13432035184"/>
    <nd ref="13432035183"/>
    <nd ref="13432035182"/>
    <nd ref="13432035181"/>
    <nd ref="13432035180"/>
    <nd ref="13432035179"/>
    <nd ref="13432035178"/>
    <nd ref="13432035177"/>
    <nd ref="13432035176"/>
    <nd ref="13432035175"/>
    <nd ref="13432035174"/>
    <nd ref="13432035173"/>
    <nd ref="13432035172"/>
    <nd ref="13432035171"/>
    <nd ref="13432035170"/>
    <nd ref="13432035169"/>
    <nd ref="13432035168"/>
    <nd ref="13432035167"/>
    <nd ref="13432035166"/>
    <nd ref="13431981055"/>
    <nd ref="13432035165"/>
    <nd ref="13432035164"/>
    <nd ref="13432035163"/>
    <nd ref="13432035162"/>
    <nd ref="13432035161"/>
    <nd ref="13432035160"/>
    <nd ref="13432035159"/>
    <nd ref="13432035158"/>
    <nd ref="13432035157"/>
    <nd ref="13432035156"/>
    <nd ref="13432035155"/>
    <nd ref="13432035154"/>
    <nd ref="13432035153"/>
    <nd ref="13432035152"/>
    <nd ref="13432035151"/>
    <nd ref="13432035150"/>
    <nd ref="13432035149"/>
    <nd ref="13432035148"/>
    <nd ref="13432035147"/>
    <nd ref="13432035146"/>
    <nd ref="13432035145"/>
    <nd ref="13432035144"/>
    <nd ref="13432035143"/>
    <nd ref="13432035142"/>
    <nd ref="13432035141"/>
    <nd ref="13432035140"/>
    <nd ref="13432035139"/>
    <nd ref="13432035138"/>
    <nd ref="13432035137"/>
    <nd ref="13432035136"/>
    <nd ref="13432035135"/>
    <nd ref="13432035134"/>
    <nd ref="13432035133"/>
    <nd ref="13432035132"/>
    <nd ref="13432035131"/>
    <nd ref="13432035130"/>
    <nd ref="13432035129"/>
    <nd ref="13432035128"/>
    <nd ref="13432035127"/>
    <nd ref="13432035126"/>
    <nd ref="13432035125"/>
    <nd ref="13432035124"/>
    <nd ref="13432035123"/>
    <nd ref="13432035122"/>
    <nd ref="13432035121"/>
    <nd ref="13432035120"/>
    <nd ref="13432035119"/>
    <nd ref="13432035118"/>
    <nd ref="13432035117"/>
    <nd ref="13432035116"/>
    <nd ref="13432035115"/>
    <nd ref="13432035114"/>
    <nd ref="13432035113"/>
    <nd ref="13432035112"/>
    <nd ref="13432035111"/>
    <nd ref="13432035110"/>
    <nd ref="13432035109"/>
    <nd ref="13432035108"/>
    <nd ref="13432035107"/>
    <nd ref="13432035106"/>
    <nd ref="13432035105"/>
    <nd ref="13432035104"/>
    <nd ref="13432035103"/>
    <nd ref="13432035102"/>
    <nd ref="13432035101"/>
    <nd ref="13432035100"/>
    <nd ref="13432035099"/>
    <nd ref="13432035098"/>
    <nd ref="13432035097"/>
    <nd ref="13432035096"/>
    <nd ref="13432035095"/>
    <nd ref="13432035094"/>
    <nd ref="13432035093"/>
    <nd ref="13432035092"/>
    <nd ref="13432035091"/>
    <nd ref="13432035090"/>
    <nd ref="13432035089"/>
    <nd ref="13432035088"/>
    <nd ref="13432035087"/>
    <nd ref="13432035086"/>
    <nd ref="13432035085"/>
    <nd ref="13432035084"/>
    <nd ref="13432035083"/>
    <nd ref="13432035082"/>
    <nd ref="13432035081"/>
    <nd ref="13432035080"/>
    <nd ref="13432035079"/>
    <nd ref="13432035078"/>
    <nd ref="13432035077"/>
    <nd ref="13432035076"/>
    <nd ref="13432035075"/>
    <nd ref="13432035074"/>
    <nd ref="13432035073"/>
    <nd ref="13432035072"/>
    <nd ref="13432035071"/>
    <nd ref="13432035070"/>
    <nd ref="13432035069"/>
    <nd ref="13432035068"/>
    <nd ref="13432035067"/>
    <nd ref="13432035066"/>
    <nd ref="13432035065"/>
    <nd ref="13432035064"/>
    <nd ref="13432035063"/>
    <nd ref="13432035062"/>
    <nd ref="13432035061"/>
    <nd ref="13432035060"/>
    <nd ref="13432035059"/>
    <nd ref="13432035058"/>
    <nd ref="13432035057"/>
    <nd ref="13432035056"/>
    <nd ref="13432035055"/>
    <nd ref="13432035054"/>
    <nd ref="13432035053"/>
    <nd ref="13432035052"/>
    <nd ref="13432035051"/>
    <nd ref="13432035050"/>
    <nd ref="13432035049"/>
    <nd ref="13432035048"/>
    <nd ref="13432035047"/>
    <nd ref="13432035046"/>
    <nd ref="13432035045"/>
    <nd ref="13432035044"/>
    <nd ref="13432035043"/>
    <nd ref="13432035042"/>
    <nd ref="13432035041"/>
    <nd ref="13432035040"/>
    <nd ref="13432035039"/>
    <nd ref="13432035038"/>
    <nd ref="13432035037"/>
    <nd ref="13432035036"/>
    <nd ref="13432035035"/>
    <nd ref="13432035034"/>
    <nd ref="13432035033"/>
    <nd ref="13432035032"/>
    <nd ref="13432035031"/>
    <nd ref="13432035030"/>
    <nd ref="13432035029"/>
    <nd ref="13432035028"/>
    <nd ref="13432035027"/>
    <nd ref="13432035026"/>
    <nd ref="13432035025"/>
    <nd ref="13432035024"/>
    <nd ref="13432035023"/>
    <tag k="highway" v="unclassified"/>
  </way>
  <way id="1464301434">
    <nd ref="13431982983"/>
    <nd ref="13431982982"/>
    <nd ref="13431982981"/>
    <nd ref="13431982980"/>
    <nd ref="13431982979"/>
    <nd ref="13431982978"/>
    <nd ref="13431982977"/>
    <nd ref="13431982976"/>
    <nd ref="13431982975"/>
    <nd ref="13431982974"/>
    <nd ref="13431982973"/>
    <nd ref="13431982972"/>
    <nd ref="13431982971"/>
    <nd ref="1889560694"/>
    <tag k="highway" v="residential"/>
  </way>
  <way id="1464301894">
    <nd ref="4441837900"/>
    <nd ref="13432034845"/>
    <nd ref="13432034844"/>
    <nd ref="13432034843"/>
    <nd ref="13432034842"/>
    <nd ref="13432034841"/>
    <nd ref="13432034840"/>
    <nd ref="13432034839"/>
    <nd ref="8780767463"/>
    <tag k="highway" v="residential"/>
  </way>
  <way id="1464302071">
    <nd ref="3706074409"/>
    <nd ref="13432036915"/>
    <nd ref="4441849863"/>
    <tag k="highway" v="residential"/>
  </way>
  <way id="1464302309">
    <nd ref="13432032495"/>
    <nd ref="13432032494"/>
    <nd ref="1889560922"/>
    <tag k="highway" v="residential"/>
  </way>
  <way id="1464302310">
    <nd ref="4441883297"/>
    <nd ref="4441883295"/>
    <nd ref="4441883291"/>
    <nd ref="13432032496"/>
    <tag k="highway" v="residential"/>
  </way>
  <way id="1464303568">
    <nd ref="13432064171"/>
    <nd ref="13432064170"/>
    <nd ref="13432064169"/>
    <nd ref="13432064168"/>
    <nd ref="13432064167"/>
    <nd ref="13432064166"/>
    <nd ref="13432064165"/>
    <nd ref="13432064164"/>
    <nd ref="13432064163"/>
    <nd ref="13432064162"/>
    <nd ref="13432064161"/>
    <nd ref="13432064160"/>
    <nd ref="13432064159"/>
    <nd ref="13432064158"/>
    <nd ref="13432064157"/>
    <nd ref="13432064156"/>
    <nd ref="13432064155"/>
    <nd ref="13432064154"/>
    <nd ref="13432064153"/>
    <nd ref="13432064152"/>
    <nd ref="13432064151"/>
    <nd ref="13432064150"/>
    <nd ref="13432064149"/>
    <nd ref="13432064148"/>
    <nd ref="13432064147"/>
    <nd ref="13432064146"/>
    <nd ref="13432064145"/>
    <nd ref="13432064144"/>
    <nd ref="13432064143"/>
    <nd ref="13432064142"/>
    <nd ref="13432064141"/>
    <nd ref="13432064140"/>
    <nd ref="13432064139"/>
    <nd ref="13432064138"/>
    <nd ref="13432064137"/>
    <nd ref="13432064136"/>
    <nd ref="13432064135"/>
    <nd ref="13432064134"/>
    <nd ref="13432064133"/>
    <nd ref="13432064132"/>
    <nd ref="13432064131"/>
    <nd ref="13432064130"/>
    <nd ref="13432064129"/>
    <nd ref="13432064128"/>
    <nd ref="13432064127"/>
    <nd ref="13432064126"/>
    <nd ref="13432064125"/>
    <nd ref="13432064124"/>
    <nd ref="13432064123"/>
    <nd ref="13432064122"/>
    <nd ref="13432064121"/>
    <nd ref="13432064120"/>
    <nd ref="13432064119"/>
    <nd ref="13432064118"/>
    <nd ref="13432064117"/>
    <nd ref="13432064116"/>
    <nd ref="13432064115"/>
    <nd ref="13432064114"/>
    <nd ref="13432064113"/>
    <nd ref="13432064112"/>
    <nd ref="13432064111"/>
    <nd ref="13432064110"/>
    <nd ref="13432064109"/>
    <nd ref="13432064108"/>
    <nd ref="13432064107"/>
    <nd ref="13432064106"/>
    <nd ref="13432064105"/>
    <nd ref="13432064104"/>
    <nd ref="13432064103"/>
    <nd ref="13432064102"/>
    <nd ref="13432064101"/>
    <nd ref="13432037700"/>
    <nd ref="13432037699"/>
    <nd ref="13432037698"/>
    <nd ref="13432037697"/>
    <nd ref="13432037696"/>
    <nd ref="13432037695"/>
    <nd ref="13432037694"/>
    <nd ref="13432037693"/>
    <nd ref="8780767397"/>
    <tag k="highway" v="track"/>
  </way>
  <way id="1464303583">
    <nd ref="3706074373"/>
    <nd ref="13432061988"/>
    <nd ref="13432061987"/>
    <tag k="highway" v="residential"/>
  </way>
  <way id="1464304812">
    <nd ref="972229102"/>
    <nd ref="13432073050"/>
    <nd ref="13432073049"/>
    <nd ref="13432073048"/>
    <nd ref="13432073047"/>
    <nd ref="13432073046"/>
    <nd ref="13432073045"/>
    <nd ref="13432073031"/>
    <nd ref="13432073044"/>
    <nd ref="13432073032"/>
    <nd ref="13432073043"/>
    <nd ref="13432073033"/>
    <nd ref="13432073042"/>
    <nd ref="13432073034"/>
    <nd ref="13432073030"/>
    <nd ref="13432073041"/>
    <nd ref="13432073037"/>
    <nd ref="13432073036"/>
    <nd ref="13432073035"/>
    <nd ref="13432073040"/>
    <nd ref="13432073039"/>
    <nd ref="13432073038"/>
    <nd ref="13432073029"/>
    <nd ref="13432073028"/>
    <nd ref="13432073027"/>
    <nd ref="13432073026"/>
    <nd ref="13432073025"/>
    <nd ref="13432073024"/>
    <nd ref="13432073023"/>
    <nd ref="13432073022"/>
    <nd ref="13432073021"/>
    <nd ref="13432073020"/>
    <nd ref="13432073019"/>
    <nd ref="13432073018"/>
    <nd ref="13432073017"/>
    <nd ref="13432073016"/>
    <nd ref="13432073015"/>
    <nd ref="13432073014"/>
    <nd ref="13432073013"/>
    <nd ref="13432073012"/>
    <nd ref="13432073011"/>
    <nd ref="13432073010"/>
    <nd ref="13432073009"/>
    <nd ref="13432073008"/>
    <nd ref="13432073007"/>
    <nd ref="13432073006"/>
    <nd ref="13432073005"/>
    <nd ref="13432073004"/>
    <nd ref="13432073003"/>
    <nd ref="13432073002"/>
    <nd ref="13432073001"/>
    <nd ref="13432036500"/>
    <nd ref="13432036499"/>
    <nd ref="13432036498"/>
    <nd ref="13432036497"/>
    <nd ref="13432036496"/>
    <nd ref="13432036495"/>
    <nd ref="13432036494"/>
    <nd ref="13432036493"/>
    <nd ref="13432036492"/>
    <nd ref="13432036491"/>
    <nd ref="13432036490"/>
    <nd ref="13432036489"/>
    <nd ref="13432036488"/>
    <nd ref="13432036487"/>
    <nd ref="13432036486"/>
    <nd ref="13432036485"/>
    <nd ref="13432036484"/>
    <nd ref="13432036483"/>
    <nd ref="13432036482"/>
    <nd ref="13432036481"/>
    <nd ref="13432036480"/>
    <nd ref="13432036479"/>
    <nd ref="13432036478"/>
    <nd ref="13432036477"/>
    <nd ref="13432036476"/>
    <nd ref="13432036475"/>
    <nd ref="13432036474"/>
    <nd ref="13432036473"/>
    <nd ref="13432036472"/>
    <nd ref="13432036471"/>
    <nd ref="13432036470"/>
    <nd ref="13432036469"/>
    <nd ref="13432036468"/>
    <nd ref="13432036467"/>
    <nd ref="13432036466"/>
    <nd ref="13432036465"/>
    <nd ref="13432036464"/>
    <nd ref="13432036463"/>
    <nd ref="13432036462"/>
    <nd ref="13432036461"/>
    <nd ref="13432036460"/>
    <nd ref="13432036459"/>
    <nd ref="13432036458"/>
    <nd ref="13432036457"/>
    <nd ref="13432036456"/>
    <nd ref="13432036455"/>
    <nd ref="13432036454"/>
    <nd ref="13432036453"/>
    <nd ref="13432036452"/>
    <nd ref="13432036451"/>
    <nd ref="13432036450"/>
    <nd ref="13432036449"/>
    <nd ref="13432036448"/>
    <nd ref="13432036447"/>
    <nd ref="13432036446"/>
    <nd ref="13432036445"/>
    <nd ref="13432036444"/>
    <nd ref="13432036443"/>
    <nd ref="13432036442"/>
    <nd ref="5425389182"/>
    <tag k="highway" v="unclassified"/>
  </way>
  <way id="1464304997">
    <nd ref="13432073906"/>
    <nd ref="13432073905"/>
    <nd ref="13432073904"/>
    <nd ref="13432073903"/>
    <nd ref="13432073902"/>
    <nd ref="13432073901"/>
    <nd ref="13431764400"/>
    <nd ref="13431764399"/>
    <nd ref="13431764398"/>
    <nd ref="13431764397"/>
    <nd ref="13431764396"/>
    <nd ref="13431764395"/>
    <nd ref="13431764394"/>
    <nd ref="13431764393"/>
    <nd ref="13431764392"/>
    <nd ref="13431764391"/>
    <nd ref="13431764390"/>
    <nd ref="13431764389"/>
    <nd ref="13431764388"/>
    <nd ref="13431764387"/>
    <nd ref="13431764386"/>
    <nd ref="13431764385"/>
    <tag k="highway" v="service"/>
  </way>
  <way id="1464305416">
    <nd ref="13432077422"/>
    <nd ref="13432077401"/>
    <nd ref="13432073100"/>
    <nd ref="13432073099"/>
    <nd ref="13432073098"/>
    <nd ref="13432073097"/>
    <nd ref="13432073096"/>
    <nd ref="13432073095"/>
    <nd ref="13432073094"/>
    <nd ref="13432073093"/>
    <nd ref="13432073092"/>
    <nd ref="13432073091"/>
    <nd ref="13432073090"/>
    <nd ref="13432073089"/>
    <nd ref="13432073088"/>
    <nd ref="13432073087"/>
    <nd ref="13432073086"/>
    <nd ref="13432073085"/>
    <nd ref="13432073084"/>
    <nd ref="13432073083"/>
    <nd ref="13432073082"/>
    <nd ref="13432073081"/>
    <nd ref="13432073080"/>
    <nd ref="13432073079"/>
    <nd ref="13432073078"/>
    <nd ref="13432073077"/>
    <nd ref="13432073076"/>
    <nd ref="13432073075"/>
    <nd ref="13432073074"/>
    <nd ref="13432073073"/>
    <nd ref="13432073072"/>
    <nd ref="13432073071"/>
    <nd ref="13432073070"/>
    <nd ref="13432073069"/>
    <nd ref="13432073068"/>
    <nd ref="13432073067"/>
    <nd ref="13432073066"/>
    <nd ref="13432073065"/>
    <nd ref="13432073064"/>
    <nd ref="13432073063"/>
    <nd ref="13432073062"/>
    <nd ref="13432073061"/>
    <nd ref="13432073060"/>
    <nd ref="13432073059"/>
    <nd ref="13432073058"/>
    <nd ref="13432073057"/>
    <nd ref="13432073056"/>
    <nd ref="13432073055"/>
    <nd ref="13432073054"/>
    <nd ref="13432073053"/>
    <nd ref="6696632657"/>
    <tag k="highway" v="unclassified"/>
  </way>
  <way id="1464305417">
    <nd ref="13432077463"/>
    <nd ref="13432077462"/>
    <nd ref="13432077461"/>
    <nd ref="13432077460"/>
    <nd ref="13432077459"/>
    <nd ref="13432077458"/>
    <nd ref="13432077457"/>
    <nd ref="13432077456"/>
    <nd ref="13432077455"/>
    <nd ref="13432077454"/>
    <nd ref="13432077453"/>
    <nd ref="13432077452"/>
    <nd ref="13432077451"/>
    <nd ref="13432077450"/>
    <nd ref="13432077449"/>
    <nd ref="13432077448"/>
    <nd ref="13432077447"/>
    <nd ref="13432077446"/>
    <nd ref="13432077445"/>
    <nd ref="13432077444"/>
    <nd ref="13432077443"/>
    <nd ref="13432077442"/>
    <nd ref="13432077441"/>
    <nd ref="13432077440"/>
    <nd ref="13432077439"/>
    <nd ref="13432077438"/>
    <nd ref="13432077437"/>
    <nd ref="13432077436"/>
    <nd ref="13432077435"/>
    <nd ref="13432077434"/>
    <nd ref="13432077433"/>
    <nd ref="13432077432"/>
    <nd ref="13432077431"/>
    <nd ref="13432077430"/>
    <nd ref="13432077429"/>
    <nd ref="13432077428"/>
    <nd ref="13432077427"/>
    <nd ref="13432077426"/>
    <nd ref="13432077425"/>
    <nd ref="13432077424"/>
    <nd ref="13432077423"/>
    <nd ref="13432077422"/>
    <nd ref="13432077421"/>
    <nd ref="13432077420"/>
    <nd ref="13432077419"/>
    <nd ref="13432077418"/>
    <nd ref="13432077417"/>
    <nd ref="13432077416"/>
    <nd ref="13432077415"/>
    <nd ref="13432077414"/>
    <nd ref="13432077413"/>
    <nd ref="13432077412"/>
    <nd ref="13432077411"/>
    <nd ref="13432077410"/>
    <nd ref="13432077409"/>
    <nd ref="13432077408"/>
    <nd ref="13432077407"/>
    <nd ref="13432077406"/>
    <nd ref="13432077405"/>
    <nd ref="13432077404"/>
    <nd ref="13432077403"/>
    <nd ref="13432077402"/>
    <tag k="highway" v="unclassified"/>
  </way>
  <way id="1464306653">
    <nd ref="13432078833"/>
    <nd ref="13432078832"/>
    <nd ref="13432078831"/>
    <nd ref="13432078830"/>
    <nd ref="13432078829"/>
    <nd ref="13432078828"/>
    <nd ref="13432078827"/>
    <nd ref="13432078826"/>
    <nd ref="13432078825"/>
    <nd ref="13432078824"/>
    <nd ref="13432078823"/>
    <nd ref="13432078822"/>
    <nd ref="13432078821"/>
    <nd ref="13432078820"/>
    <nd ref="13432078819"/>
    <nd ref="13432078818"/>
    <nd ref="13432078817"/>
    <nd ref="13432078816"/>
    <nd ref="13432078815"/>
    <nd ref="13432078814"/>
    <nd ref="13432078813"/>
    <nd ref="13432078812"/>
    <nd ref="13432078811"/>
    <nd ref="13432078810"/>
    <nd ref="13432078809"/>
    <nd ref="13432078808"/>
    <nd ref="13432078807"/>
    <nd ref="13432078806"/>
    <nd ref="13432078805"/>
    <nd ref="13432078804"/>
    <nd ref="8118349266"/>
    <tag k="highway" v="service"/>
  </way>
  <way id="1464306984">
    <nd ref="13432075436"/>
    <nd ref="8118359821"/>
    <nd ref="13432075435"/>
    <nd ref="13432075434"/>
    <nd ref="13432075433"/>
    <nd ref="972231742"/>
    <tag k="highway" v="residential"/>
  </way>
  <way id="1464307269">
    <nd ref="3706430032"/>
    <nd ref="13432095142"/>
    <nd ref="13432095141"/>
    <nd ref="3706429760"/>
    <tag k="highway" v="residential"/>
  </way>
  <way id="1464307448">
    <nd ref="13432098106"/>
    <nd ref="13432098105"/>
    <nd ref="13432098104"/>
    <nd ref="13432098103"/>
    <nd ref="13432098102"/>
    <nd ref="13432098101"/>
    <nd ref="8780772920"/>
    <tag k="highway" v="service"/>
  </way>
  <way id="1464307854">
    <nd ref="13432096794"/>
    <nd ref="13432096781"/>
    <nd ref="13432096780"/>
    <nd ref="13432096779"/>
    <nd ref="13432096778"/>
    <nd ref="13432096777"/>
    <nd ref="13432096776"/>
    <nd ref="13432096775"/>
    <nd ref="13432096774"/>
    <nd ref="13432096773"/>
    <nd ref="8780752216"/>
    <tag k="highway" v="service"/>
  </way>
  <way id="1464307855">
    <nd ref="13432103301"/>
    <nd ref="13432096800"/>
    <nd ref="13432096799"/>
    <nd ref="13432096798"/>
    <nd ref="13432096797"/>
    <nd ref="13432096796"/>
    <nd ref="13432096795"/>
    <nd ref="13432096794"/>
    <nd ref="13432096793"/>
    <nd ref="13432096792"/>
    <nd ref="13432096791"/>
    <nd ref="13432096790"/>
    <nd ref="13432096789"/>
    <nd ref="13432096788"/>
    <nd ref="13432096787"/>
    <nd ref="13432096786"/>
    <nd ref="13432096785"/>
    <nd ref="13432096784"/>
    <nd ref="13432096783"/>
    <nd ref="13432096782"/>
    <tag k="highway" v="service"/>
  </way>
  <way id="1464308391">
    <nd ref="13432091468"/>
    <nd ref="13432091467"/>
    <nd ref="13432091466"/>
    <nd ref="13432091465"/>
    <nd ref="13432091464"/>
    <nd ref="13432091463"/>
    <nd ref="13432091462"/>
    <nd ref="13432091461"/>
    <nd ref="13432091460"/>
    <nd ref="13432091459"/>
    <nd ref="13432091458"/>
    <nd ref="13432091457"/>
    <nd ref="13432091456"/>
    <nd ref="13432091455"/>
    <nd ref="13432091454"/>
    <nd ref="13432091453"/>
    <nd ref="13432091452"/>
    <nd ref="13432091451"/>
    <nd ref="13432091450"/>
    <nd ref="13432091449"/>
    <nd ref="13432091448"/>
    <nd ref="13432091447"/>
    <nd ref="13432091446"/>
    <nd ref="13432091445"/>
    <nd ref="13432091444"/>
    <nd ref="13432091443"/>
    <nd ref="13432091442"/>
    <nd ref="13432091441"/>
    <nd ref="13432091440"/>
    <nd ref="13432091439"/>
    <nd ref="13432091438"/>
    <nd ref="13432091437"/>
    <nd ref="13432091436"/>
    <tag k="highway" v="service"/>
  </way>
  <way id="1464309173">
    <nd ref="13432088896"/>
    <nd ref="13432088895"/>
    <nd ref="13432088894"/>
    <nd ref="13432088893"/>
    <nd ref="13432088892"/>
    <nd ref="13432088891"/>
    <nd ref="13432088890"/>
    <nd ref="13432088889"/>
    <nd ref="13432088888"/>
    <nd ref="13432088887"/>
    <tag k="highway" v="service"/>
  </way>
  <way id="1464309174">
    <nd ref="13432118780"/>
    <nd ref="13432118723"/>
    <nd ref="13432118722"/>
    <nd ref="13432118721"/>
    <nd ref="13432118720"/>
    <nd ref="13432118719"/>
    <nd ref="13432118718"/>
    <nd ref="13432118717"/>
    <nd ref="13432118716"/>
    <nd ref="13432118715"/>
    <nd ref="13432118714"/>
    <nd ref="13432118713"/>
    <nd ref="13432118712"/>
    <nd ref="13432118711"/>
    <nd ref="13432118710"/>
    <nd ref="13432118709"/>
    <nd ref="13432118708"/>
    <nd ref="13432118707"/>
    <nd ref="13432118706"/>
    <nd ref="13432118705"/>
    <nd ref="13432118704"/>
    <nd ref="13432118703"/>
    <nd ref="13432118702"/>
    <nd ref="13432118701"/>
    <nd ref="13432088900"/>
    <nd ref="13432088899"/>
    <nd ref="13432088898"/>
    <nd ref="13432088897"/>
    <nd ref="13369886834"/>
    <tag k="highway" v="track"/>
  </way>
  <way id="1464309175">
    <nd ref="13432118752"/>
    <nd ref="13432118751"/>
    <nd ref="13432118750"/>
    <nd ref="13432118749"/>
    <nd ref="13432118748"/>
    <nd ref="13432118747"/>
    <nd ref="13432118746"/>
    <nd ref="13432118745"/>
    <nd ref="13432118744"/>
    <nd ref="13432118743"/>
    <nd ref="13432118742"/>
    <nd ref="13432118741"/>
    <nd ref="13432118740"/>
    <nd ref="13432118739"/>
    <nd ref="13432118738"/>
    <nd ref="13432118737"/>
    <nd ref="13432118736"/>
    <nd ref="13432118735"/>
    <nd ref="13432118734"/>
    <nd ref="13432118733"/>
    <nd ref="13432118732"/>
    <nd ref="13432118731"/>
    <nd ref="13432118730"/>
    <nd ref="13432118729"/>
    <nd ref="13432118728"/>
    <nd ref="13432118727"/>
    <nd ref="13432118726"/>
    <nd ref="13432118725"/>
    <nd ref="13432118724"/>
    <nd ref="13432118785"/>
    <tag k="highway" v="unclassified"/>
  </way>
  <way id="1464309176">
    <nd ref="972228989"/>
    <nd ref="13432118816"/>
    <nd ref="13432118815"/>
    <nd ref="13432118814"/>
    <nd ref="13432118813"/>
    <nd ref="13432118812"/>
    <nd ref="13432118811"/>
    <nd ref="13432118810"/>
    <nd ref="13432118809"/>
    <nd ref="13432118808"/>
    <nd ref="13432118807"/>
    <nd ref="13432118806"/>
    <nd ref="13432118805"/>
    <nd ref="13432118804"/>
    <nd ref="13432118803"/>
    <nd ref="13432118802"/>
    <nd ref="13432118801"/>
    <nd ref="13432118800"/>
    <nd ref="13432118799"/>
    <nd ref="13432118798"/>
    <nd ref="13432118797"/>
    <nd ref="13432118796"/>
    <nd ref="13432118795"/>
    <nd ref="13432118794"/>
    <nd ref="13432118793"/>
    <nd ref="13432118792"/>
    <nd ref="13432118791"/>
    <nd ref="13432118790"/>
    <nd ref="13432118789"/>
    <nd ref="13432118788"/>
    <nd ref="13432118787"/>
    <nd ref="13432118786"/>
    <nd ref="13432118785"/>
    <nd ref="13432088887"/>
    <nd ref="13432118784"/>
    <nd ref="13432118783"/>
    <nd ref="13432118782"/>
    <nd ref="13432118781"/>
    <nd ref="13432118780"/>
    <nd ref="13432118779"/>
    <nd ref="13432118778"/>
    <nd ref="13432118777"/>
    <nd ref="13432118776"/>
    <nd ref="13432118775"/>
    <nd ref="13432118774"/>
    <nd ref="13432118773"/>
    <nd ref="13432118772"/>
    <nd ref="13432118771"/>
    <nd ref="13432118770"/>
    <nd ref="13432118769"/>
    <nd ref="13432118768"/>
    <nd ref="13432118767"/>
    <nd ref="13432118766"/>
    <nd ref="13432118765"/>
    <nd ref="13432118764"/>
    <nd ref="13432118763"/>
    <nd ref="13432118762"/>
    <nd ref="13432118761"/>
    <nd ref="13432118760"/>
    <nd ref="13432118759"/>
    <nd ref="13432118758"/>
    <nd ref="13432118757"/>
    <nd ref="13432118756"/>
    <nd ref="13432118755"/>
    <nd ref="13432118754"/>
    <nd ref="13432118753"/>
    <tag k="highway" v="unclassified"/>
  </way>
  <way id="1464309911">
    <nd ref="13432089882"/>
    <nd ref="13432089881"/>
    <nd ref="13432089880"/>
    <nd ref="13432089879"/>
    <nd ref="13432089878"/>
    <nd ref="13432089877"/>
    <nd ref="13432089876"/>
    <nd ref="13432089875"/>
    <nd ref="13432089874"/>
    <nd ref="13432089873"/>
    <nd ref="13432089872"/>
    <nd ref="13432089871"/>
    <nd ref="13432089870"/>
    <nd ref="13432089869"/>
    <nd ref="13432089868"/>
    <nd ref="13432089867"/>
    <nd ref="13432089866"/>
    <nd ref="13432089865"/>
    <nd ref="13432089864"/>
    <nd ref="13432089863"/>
    <nd ref="13432089862"/>
    <nd ref="13432089861"/>
    <nd ref="13432089860"/>
    <nd ref="13432089859"/>
    <nd ref="13432089858"/>
    <nd ref="13432089857"/>
    <nd ref="13432089856"/>
    <nd ref="13432089855"/>
    <nd ref="13432089854"/>
    <nd ref="13432089853"/>
    <nd ref="13432089852"/>
    <nd ref="13432089851"/>
    <nd ref="13432089850"/>
    <nd ref="13432089849"/>
    <nd ref="13432089848"/>
    <nd ref="13432089847"/>
    <nd ref="13432089846"/>
    <nd ref="13432089845"/>
    <nd ref="13432089844"/>
    <nd ref="13432089843"/>
    <nd ref="13432089842"/>
    <nd ref="13432089841"/>
    <nd ref="13432089840"/>
    <nd ref="13432089839"/>
    <nd ref="13369841169"/>
    <tag k="highway" v="unclassified"/>
  </way>
  <way id="1464310482">
    <nd ref="6696641257"/>
    <nd ref="13432130622"/>
    <nd ref="13432130621"/>
    <nd ref="13432130620"/>
    <nd ref="13432130619"/>
    <nd ref="13432130618"/>
    <nd ref="13432130617"/>
    <nd ref="13432130616"/>
    <nd ref="13432130615"/>
    <nd ref="13432130614"/>
    <nd ref="13432130613"/>
    <nd ref="13432130612"/>
    <nd ref="13432130611"/>
    <nd ref="13432130610"/>
    <nd ref="13432130609"/>
    <nd ref="13432130608"/>
    <nd ref="13432130607"/>
    <nd ref="13432130606"/>
    <nd ref="13432130605"/>
    <nd ref="13432130604"/>
    <nd ref="13432130603"/>
    <nd ref="13432130602"/>
    <nd ref="13432130601"/>
    <nd ref="13432066700"/>
    <nd ref="13432066699"/>
    <nd ref="13432066698"/>
    <nd ref="13432066697"/>
    <nd ref="13432066696"/>
    <nd ref="13432066695"/>
    <nd ref="13432066694"/>
    <nd ref="13432066693"/>
    <nd ref="13432066692"/>
    <nd ref="13432066691"/>
    <nd ref="13432066690"/>
    <nd ref="13432066689"/>
    <nd ref="13432066688"/>
    <nd ref="13432066687"/>
    <nd ref="13432066686"/>
    <nd ref="13432066685"/>
    <nd ref="13432066684"/>
    <nd ref="13432066683"/>
    <nd ref="13432066682"/>
    <nd ref="13432066681"/>
    <nd ref="13432066680"/>
    <nd ref="13432066679"/>
    <nd ref="13432066678"/>
    <nd ref="13432066677"/>
    <nd ref="13432066676"/>
    <nd ref="13432066675"/>
    <nd ref="13432066674"/>
    <nd ref="13432066673"/>
    <nd ref="13432066672"/>
    <nd ref="13432066671"/>
    <nd ref="13432066670"/>
    <nd ref="13432066669"/>
    <nd ref="13432066668"/>
    <nd ref="13432066667"/>
    <nd ref="13432066666"/>
    <nd ref="3706085314"/>
    <tag k="highway" v="track"/>
  </way>
  <way id="1464310483">
    <nd ref="6696641257"/>
    <nd ref="6696641258"/>
    <nd ref="6696641259"/>
    <nd ref="6696641260"/>
    <nd ref="6696641261"/>
    <nd ref="6696641262"/>
    <nd ref="6696641263"/>
    <tag k="highway" v="service"/>
  </way>
  <way id="1464311069">
    <nd ref="13432135309"/>
    <nd ref="13432135236"/>
    <nd ref="13432135235"/>
    <nd ref="13432135234"/>
    <nd ref="13432135233"/>
    <nd ref="13432135232"/>
    <nd ref="13432135231"/>
    <nd ref="13432135230"/>
    <nd ref="13432135229"/>
    <nd ref="13432135228"/>
    <nd ref="13432135227"/>
    <nd ref="13432135226"/>
    <nd ref="13432135225"/>
    <nd ref="13432135224"/>
    <nd ref="13432135223"/>
    <nd ref="13432135222"/>
    <nd ref="13432135221"/>
    <nd ref="13432135220"/>
    <nd ref="13432135219"/>
    <nd ref="13432135218"/>
    <nd ref="13432135217"/>
    <nd ref="13432135216"/>
    <nd ref="13432135215"/>
    <nd ref="13432135214"/>
    <nd ref="13432135213"/>
    <nd ref="13432135212"/>
    <nd ref="13432135211"/>
    <nd ref="13432135210"/>
    <nd ref="13432135209"/>
    <nd ref="13432135208"/>
    <nd ref="13432135207"/>
    <nd ref="13432135206"/>
    <nd ref="13432135205"/>
    <nd ref="13432135204"/>
    <nd ref="13432135203"/>
    <nd ref="13432135202"/>
    <nd ref="13432135237"/>
    <nd ref="13432135201"/>
    <nd ref="13432094700"/>
    <nd ref="13432094699"/>
    <nd ref="13432094698"/>
    <nd ref="3706085816"/>
    <tag k="highway" v="unclassified"/>
  </way>
  <way id="1464311070">
    <nd ref="13432135262"/>
    <nd ref="13432135261"/>
    <nd ref="13432135260"/>
    <nd ref="13432135259"/>
    <nd ref="13432135258"/>
    <nd ref="13432135257"/>
    <nd ref="13432135256"/>
    <nd ref="13432135255"/>
    <nd ref="13432135254"/>
    <nd ref="13432135253"/>
    <nd ref="13432135252"/>
    <nd ref="13432135251"/>
    <nd ref="13432135250"/>
    <nd ref="13432135249"/>
    <nd ref="13432135248"/>
    <nd ref="13432135247"/>
    <nd ref="13432135246"/>
    <nd ref="13432135245"/>
    <nd ref="13432135244"/>
    <nd ref="13432135280"/>
    <tag k="highway" v="unclassified"/>
  </way>
  <way id="1464311071">
    <nd ref="6696647707"/>
    <nd ref="13432135314"/>
    <nd ref="13432135313"/>
    <nd ref="13432135312"/>
    <nd ref="13432135311"/>
    <nd ref="13432135310"/>
    <nd ref="13432135309"/>
    <nd ref="13432135308"/>
    <nd ref="13432135307"/>
    <nd ref="13432135306"/>
    <nd ref="13432135305"/>
    <nd ref="13432135304"/>
    <nd ref="13432135303"/>
    <nd ref="13432135302"/>
    <nd ref="13432135301"/>
    <nd ref="13432135300"/>
    <nd ref="13432135299"/>
    <nd ref="13432135298"/>
    <nd ref="13432135297"/>
    <nd ref="13432135296"/>
    <nd ref="13432135295"/>
    <nd ref="13432135294"/>
    <nd ref="13432135293"/>
    <nd ref="13432135292"/>
    <nd ref="13432135291"/>
    <nd ref="13432135290"/>
    <nd ref="13432135289"/>
    <nd ref="13432135288"/>
    <nd ref="13432135287"/>
    <nd ref="13432135286"/>
    <nd ref="13432135285"/>
    <nd ref="13432135284"/>
    <nd ref="13432135283"/>
    <nd ref="13432135282"/>
    <nd ref="13432135281"/>
    <nd ref="13432135280"/>
    <nd ref="13432135279"/>
    <nd ref="13432135278"/>
    <nd ref="13432135277"/>
    <nd ref="13432135276"/>
    <nd ref="13432135275"/>
    <nd ref="13432135274"/>
    <nd ref="13432135273"/>
    <nd ref="13432135272"/>
    <nd ref="13432135271"/>
    <nd ref="13432135270"/>
    <nd ref="13432135269"/>
    <nd ref="13432135268"/>
    <nd ref="13432135267"/>
    <nd ref="13432135266"/>
    <nd ref="13432135265"/>
    <nd ref="13432135264"/>
    <nd ref="13432135263"/>
    <nd ref="3706085434"/>
    <tag k="highway" v="unclassified"/>
  </way>
  <way id="1464311624">
    <nd ref="3706085162"/>
    <nd ref="13432131378"/>
    <nd ref="13432131377"/>
    <nd ref="13432131376"/>
    <nd ref="13432131375"/>
    <tag k="highway" v="residential"/>
  </way>
  <way id="1464311738">
    <nd ref="13432131374"/>
    <nd ref="13432137334"/>
    <nd ref="13432137333"/>
    <nd ref="13432137332"/>
    <nd ref="13432137331"/>
    <nd ref="13432137330"/>
    <nd ref="13432131375"/>
    <tag k="highway" v="residential"/>
  </way>
  <way id="1464312420">
    <nd ref="13432129873"/>
    <nd ref="13432129864"/>
    <nd ref="13432129863"/>
    <nd ref="13432129862"/>
    <nd ref="13432129861"/>
    <nd ref="13432129860"/>
    <nd ref="13432129859"/>
    <nd ref="13432129858"/>
    <nd ref="13432129857"/>
    <nd ref="13432129856"/>
    <nd ref="13432129895"/>
    <tag k="highway" v="service"/>
  </way>
  <way id="1464312421">
    <nd ref="13432129888"/>
    <nd ref="13432129885"/>
    <nd ref="13432129884"/>
    <nd ref="13432129883"/>
    <nd ref="13432129882"/>
    <nd ref="13432129881"/>
    <nd ref="13432129880"/>
    <nd ref="13432129879"/>
    <nd ref="13432129878"/>
    <nd ref="13432129877"/>
    <nd ref="13432129876"/>
    <nd ref="13432129875"/>
    <nd ref="13432129874"/>
    <nd ref="13432129873"/>
    <nd ref="13432129872"/>
    <nd ref="13432129871"/>
    <nd ref="13432129870"/>
    <nd ref="13432129869"/>
    <nd ref="13432129868"/>
    <nd ref="13432129867"/>
    <nd ref="13432129866"/>
    <nd ref="13432129865"/>
    <nd ref="13432129874"/>
    <tag k="highway" v="service"/>
  </way>
  <way id="1464312422">
    <nd ref="13432129900"/>
    <nd ref="13432129899"/>
    <nd ref="13432129898"/>
    <nd ref="13432129897"/>
    <nd ref="13432129896"/>
    <nd ref="13432129895"/>
    <nd ref="13432129894"/>
    <nd ref="13432129893"/>
    <nd ref="13432129892"/>
    <nd ref="13432129891"/>
    <nd ref="13432129890"/>
    <nd ref="13432129889"/>
    <nd ref="13432129888"/>
    <nd ref="13432129887"/>
    <nd ref="13432129886"/>
    <nd ref="1889560987"/>
    <tag k="highway" v="service"/>
  </way>
  <way id="1464312423">
    <nd ref="13432151916"/>
    <nd ref="13432151914"/>
    <nd ref="13432151913"/>
    <nd ref="13432151912"/>
    <nd ref="13432151911"/>
    <nd ref="13432151910"/>
    <nd ref="13432151909"/>
    <nd ref="13432151908"/>
    <nd ref="13432151907"/>
    <nd ref="13432151906"/>
    <nd ref="13432151905"/>
    <nd ref="13432151904"/>
    <nd ref="13432151903"/>
    <nd ref="13432151902"/>
    <nd ref="13432151901"/>
    <tag k="highway" v="residential"/>
  </way>
  <way id="1464312424">
    <nd ref="13432151943"/>
    <nd ref="13432151942"/>
    <nd ref="13432151941"/>
    <nd ref="13432151940"/>
    <nd ref="13432151939"/>
    <nd ref="13432151938"/>
    <nd ref="13432151937"/>
    <nd ref="13432151936"/>
    <nd ref="13432151935"/>
    <nd ref="13432151934"/>
    <nd ref="13432151933"/>
    <nd ref="13432151932"/>
    <nd ref="13432151931"/>
    <nd ref="13432151930"/>
    <nd ref="13432151929"/>
    <nd ref="13432151928"/>
    <nd ref="13432151927"/>
    <nd ref="13432151926"/>
    <nd ref="13432151925"/>
    <nd ref="13432151924"/>
    <nd ref="13432151923"/>
    <nd ref="13432151922"/>
    <nd ref="13432151921"/>
    <nd ref="13432151920"/>
    <nd ref="13432151919"/>
    <nd ref="13432151918"/>
    <nd ref="13432151917"/>
    <nd ref="13432151916"/>
    <nd ref="13432151915"/>
    <nd ref="1889560838"/>
    <tag k="highway" v="residential"/>
  </way>
  <way id="1464314178">
    <nd ref="13432155347"/>
    <nd ref="13432155346"/>
    <nd ref="13432155345"/>
    <nd ref="13432155344"/>
    <nd ref="13432155343"/>
    <nd ref="13432155342"/>
    <nd ref="13432155341"/>
    <nd ref="13432155340"/>
    <nd ref="13432155339"/>
    <nd ref="13432155338"/>
    <nd ref="13432155337"/>
    <nd ref="13432155336"/>
    <nd ref="13432155335"/>
    <nd ref="13432155334"/>
    <nd ref="13432155333"/>
    <nd ref="13432155332"/>
    <nd ref="13432155331"/>
    <nd ref="13432155330"/>
    <nd ref="8780767390"/>
    <tag k="highway" v="unclassified"/>
  </way>

</osm>
